:020000041008E2
:1000000000000828A1A2081075AD0810C1AA0810A8
:1000100079AD08107DAD081081AD0810000000001A
:100020000000000000000000000000008DAB081080
:1000300085AD08100000000089AD08108DAD0810D6
:100040001F9B0810459B08106B9B0810919B081084
:10005000B79B0810DD9B0810039C0810299C081012
:1000600091AD081095AD081099AD08109DAD081020
:10007000A1AD0810A5AD0810A9AD0810ADAD0810D0
:1000800040F0200070472DE9F14FB0B09246049146
:100090000DF142013A9A2B9199464A7000200AE0EC
:1000A0001AF8011B0498309A90470028049000F039
:1000B00034860D98401C0D909AF8000050B1252808
:1000C000EED1002100220791089209910A920B912A
:1000D0000C9204E00D9800F022BE41F001011AF8E4
:1000E000010F2028F9D023280CD02B2804D02D284C
:1000F00005D0302809D00BE041F00201EFE741F0D4
:100100000401ECE741F00801E9E741F01001E6E7FE
:100110002A280FD1D9F8002052F8040BC9F8002082
:1001200000280F9003D540420F9041F004010AF1DE
:10013000010A14E00F92DFF8EC3B0AE00F989842B6
:1001400005DA00EB800402EB4402303A0F920AF128
:10015000010A9AF80020A2F130000A28EED39AF89A
:1001600000002E2803D04FF0FF320E9229E01AF83B
:10017000010F2A2809D1D9F8000050F8042BC9F83A
:1001800000000E920AF1010A1BE02D280CBF0AF1B3
:10019000010A002000220E92DFF8884B0BE040B9E4
:1001A0000E9AA24205DA02EB820503EB4503303BCF
:1001B0000E930AF1010A9AF80030A3F130020A2ADC
:1001C000EDD3ADF840100FF660309AF8001000F053
:1001D000EDFE08B11AF8010B8DF842009DF84200BF
:1001E000682805D19AF8000068280CD1622106E041
:1001F0006C2804BF9AF800006C2804D171218DF896
:1002000042100AF1010A12A806901AF801BBBBF1CC
:1002100025012CD01C3900F09481091F022940F2DD
:100220009081133900F0AB84093900F08A81891E6E
:1002300000F04085491E00F0ED84491E022940F27D
:100240008081091F00F0E684491F00F0EF80491EFD
:1002500000F09584491E00F0D780C91E0CD0891E7D
:1002600000F08D84C91E00F08A8400F02EBD0123A9
:100270000793252100F026BDD9F8000050F8044B63
:10028000C9F80000002C059440F0AB802B99487809
:10029000002800F0A1804FF0FF340FF6942000F00A
:1002A00095FE241A40F0398500F01BBD01236A46F3
:1002B00002A9304600F000FE002840F02E85641EA2
:1002C000F4D13096079C12AF74B1309E17F8011B21
:1002D0000498B0470028049000F01F850D98401C3A
:1002E000641E0D90F2D130960A9C3021002C8DF8BE
:1002F00000100CDD309E01236A4602A9304600F052
:10030000DBFD002840F00985641EF4D13096059F7E
:10031000089C74B1309E17F8011B0498B047002860
:10032000049000F0FA840D98401C641E0D90F2D1E8
:1003300030960B9C3021002C8DF800100CDD309E87
:1003400001236A4602A9304600F0B6FD002840F0BD
:10035000E484641EF4D1309605980899099C4718E6
:1003600074B1309E17F8011B0498B0470028049020
:1003700000F0D3840D98401C641E0D90F2D130968D
:100380000C9C3021002C8DF800100CDD309E0123D8
:100390006A4602A9304600F08FFD002840F0BD8477
:1003A000641EF4D130969DF8400041077FF584AE7D
:1003B0002020002D8DF800007FF77EAE309C0123B9
:1003C0006A4602A9204600F077FD002840F0A58487
:1003D0006D1EF4D130946FE60FF63C30059000F0BE
:1003E00080BC0E9D002D04D5204600F00FFE044673
:1003F00007E02A46204600F025FE002814BF041B13
:100400002C46089400F06DBCD9F8001051F8040B8C
:10041000C9F8001020F00004002121F0FF35CDE9DB
:10042000024512AB0593782100F040BC2B99487827
:1004300020B14FF0FF340FF6B02030E79DF84200B6
:10044000622860D0682817D06A283FD06C2806D070
:10045000712847D074282CD07A281DD062E0D9F8B2
:10046000001051F8040BC9F80010002866D14FF0B5
:10047000FF340FF68C2012E7D9F8001051F8040B66
:10048000C9F8001020B94FF0FF340FF6742006E7CA
:100490000D99018000F025BCD9F8001051F8040B2B
:1004A000C9F80010002849D14FF0FF340FF6502052
:1004B000F5E6D9F8001051F8040BC9F8001000282F
:1004C0003CD14FF0FF340FF63820E8E6D9F80010A1
:1004D00051F8040BC9F8001080B94FF0FF340FF643
:1004E0002020DCE6D9F8001051F8040BC9F8001000
:1004F00020B94FF0FF340FF60820D0E60D9AD3173D
:10050000C0E90023EDE3D9F8001051F8040BC9F855
:10051000001020B94FF0FF340FF6E410BFE60D993C
:100520000170DEE3D9F8001051F8040BC9F800108F
:1005300020B94FF0FF340FF6C810B0E60D990160F6
:10054000CFE39DF842004C2807BFD9F80010CA1D20
:10055000D9F80000C21D22F00702C9F80020D2E934
:1005600000010832C9F80020CDE90201C80F02D00D
:1005700007982D210AE0BDF84000810702D50798B1
:100580002B2103E0C00705D50798202112AA11549A
:10059000401C079012A807994BF0200300EB010CB8
:1005A000DDE90201CDE92C01612BCDF814C021ACAD
:1005B0000BD00E98002848BF062105D404BF4BF08D
:1005C0002000672801D101210E91DDE902014F00D1
:1005D00047EAD0777E15FF174FF0FF32974208BFEA
:1005E000964210D1090341EA10510003002908BFC7
:1005F000002808D0ABF1610503211A2D089118D30A
:100600000FF61C1110E0DDE902014A00521512F14B
:10061000010F11D108030FD1ABF1610503211A2D90
:1006200008911FD30FF600110322604600F036FD3B
:1006300057E30FF6E801F7E7DDE902016A4600F04B
:1006400081FDCDE902014BF02000612811D1059810
:1006500030210170821C0592BBF1610F0CBF782123
:10066000582102E00FF6BC01DEE741700798801CBC
:100670000790DDE9020120F0000231F0004308BFDD
:10068000002A02D10026002542E14BF02008B8F1F3
:10069000610F40F092800E98002847BF2121019100
:1006A000401C0190019FDDE92C017F1C00220023EA
:1006B000DDE9024500F07EFD38BF85F00045009978
:1006C0008DF88420091F002F00910DF1850632DD81
:1006D000204629460022002300F086FD2BD21C2252
:1006E00000F09CFD04460D4600F01AFEFF1F002F8F
:1006F000804609DD00F01BFE02460B4620462946D7
:1007000000F01CFE04460D46F01D0721B8F1000F55
:100710000CDD491E5EBF08F00F0200F8012D4FEA04
:100720002818F3D502E0002200F8012D491EFAD561
:10073000C61D002FCCDC0DF18500361A01980DF195
:1007400085048642D8BF304600282FD4B04206DA4E
:100750000DF185010A5C082AA8BF0F2100DA0021EB
:10076000024621AB134400E0401E13F80159521E0B
:100770008D42F9D00F2904D10DF185018B5C5B1CF2
:100780008B54002A04D50099091D21AC401C00910E
:10079000411E0BD4621813783033DDB23A2DA4BF5A
:1007A0005B443A3B491E02F80139F4D50E99002901
:1007B00040F1AC80421E0E92A8E00099DFF8E826D6
:1007C00047F29750414391FBF2F20092DDE92C454C
:1007D000C2F10702002A25F0004504DD2046294623
:1007E00000F03EFB0BE052420020DFF8C01600F0A4
:1007F00037FB02460B462046294600F0A8FD04467A
:100800000D46B8F1660F06BF009F0A3706270E98FF
:100810003F18142FC8BF142730208DF884000DF125
:100820008506002F34DD2046294600F099FD01465B
:100830000A4606F1080304200A26B2FBF6F606EB88
:10084000860EA2EB4E02303203F8012C0A22B6FBD0
:10085000F2F202EB820EA6EB4E063036401E03F893
:10086000026DE9D1083F002F03F10806D9DD0846E3
:1008700000F07DFD02460B462046294600F05EFD55
:100880000022DFF82C3600F079FD04460D46CAE759
:100890000DF18500361A0DF1850404E00098401E24
:1008A000761E0090641C20783028F7D0B8F1660FCF
:1008B00002D10098401C04E0B8F1650F0CBF012084
:1008C00000200E9940188642B8BF701E00281DD423
:1008D000B04204DA215C3429C8BF392100DC302160
:1008E0000246631E9D1800E0401E15F80169521E65
:1008F0008E42F9D0392902D1A15C491CA154002AA9
:1009000004D50099491C1C46401C00910646009DD8
:100910000E9F30B2002802DC01260FF210644BF06B
:100920002000662808BF6D1C15D067280FFA85F8CF
:1009300041D118F1040F44DBB84542DA9DF840007C
:100940006D1C010703D430B2B842D8BF074628B2A5
:100950003F1A48BF00270FFA85F8B8F1000F00F3DF
:10096000AF800898411C0891302205990A54002F45
:1009700003DC9DF84000010705D50898411C08914B
:100980002E2205990A5417EB080FB8BF7D422DB2ED
:100990006842ED1932B20B909542B8BF2E46059BC6
:1009A000089836B2099632462146184400F076FB84
:1009B000AD1B0C95CCE0BBF1610F15D14FF0700B66
:1009C00017E030B2B84204DA9DF840100A0758BF69
:1009D00007467F1E48BF0027BBF1670F14BF4FF0CB
:1009E000450B4FF0650B04E0BBF1410F08BF4FF022
:1009F000500B0898411C0891002F059914F8012B01
:100A00000A5403DC9DF84000010719D50898411CE1
:100A100008912E2205990A54002F11DD761E30B25E
:100A20008742B8BF3E460598089B32B2214618441B
:100A300000F034FB089836B23018BF1B08900B97B3
:100A4000059808990844B8F1000F80F800B003D465
:100A50002B224270821C04E02D2145464170821CED
:100A60006D4200212CAB28460AE004460A2094FB84
:100A7000F0F000EB8005A4EB450403F8014B491CA2
:100A800000B20028F1DC012906DC4BF020006528CB
:100A900004BF302002F8010B00292CAB08D1302014
:100AA00002F8010B06E0491E585C303002F8010BD9
:100AB0000029F8DC059908980844121A099247E0C1
:100AC00030B229B288421BDA0598089B32B221461F
:100AD000184400F0E3FA089936B271180891A8EBAF
:100AE0000600002F0B9003DC9DF84000020705D59F
:100AF000059A2E2050540999491C09910C9727E01A
:100B00000598089B2AB22146184400F0C7FA0898B5
:100B1000761B4044002F089003DC9DF840100A0724
:100B200004D5411C08912E2205990A5430B28742FF
:100B3000B8BF3E460598089B32B204EB0801184442
:100B400000F0ACFA089836B23018BE1B08900B962D
:100B50009DF8400000F01400102840F0C280079A71
:100B600008980B99821809988A1882180C980F997E
:100B70008018884280F2B580081A0A90B1E09DF88A
:100B80004200622808D068280ED06A2814D06C2849
:100B90001FD0712810D01CE0D9F8001051F8040BB8
:100BA000C9F80010C0B21AE0D9F8001051F8040BCF
:100BB000C9F8001080B212E0D9F80000C21D22F07E
:100BC0000702C9F80020D2E900010832C9F8002064
:100BD00006E0D9F8001051F8040BC9F80010002104
:100BE000CDE902019DF8400001075AD5DDE9022355
:100BF000002B08BF002A54D04BF02000782850D199
:100C0000079812A930220A54401C431C079301F88C
:100C100000B046E09DF84200622808D068280ED057
:100C20006A2814D06C281FD0712810D01CE0D9F885
:100C3000001051F8040BC9F8001040B21AE0D9F8BE
:100C4000001051F8040BC9F8001000B212E0D9F8F6
:100C50000000C21D22F00702C9F80020D2E90001FD
:100C60000832C9F8002006E0D9F8001051F8040B4A
:100C7000C9F80010C117CDE90201002902D5079873
:100C80002D210AE0BDF84000810702D507982B21ED
:100C900003E0C00705D50798202112AA1154401C73
:100CA000079012A8079901440591594602A800F03F
:100CB0004DF816E001200790D9F8000050F8041B09
:100CC000C9F800008DF848100BE001212522BBF186
:100CD000000F07918DF8482003D0022207928DF86B
:100CE00049B00F9D07990A986D1A08992D1A0B980B
:100CF0006D1A09992D1A0C986D1A9DF840102D1A2D
:100D000048073FF5DFAA2021002D8DF800107FF75E
:100D1000D9AA309E2C46FFF7C9BA4FF0FF3031B048
:100D2000BDE8F08FCBCCCC0C686A6C747A4C0000B8
:100D30007072696E74665F733A2062616420257315
:100D400020617267756D656E740000002DE9FC47C7
:100D500007468A463C6950466F2808BF082505D0DB
:100D6000FFF78EF9782814BF0A251025D7E900016E
:100D70003C2680468946BAF1640F18BFBAF1690F64
:100D800005D1002903D5D8F1000869EB4909B9F16B
:100D9000000F08BFB8F1000F0CD1386B50B9082D07
:100DA0003AD197F83800010736D530223B2684F82F
:100DB0003B2031E08DF800A0404649462A46EB171B
:100DC00000F0E6FA3032D0B2761E3A2801960EDAFA
:100DD000A255404649462A46EB1700F0D9FA80460C
:100DE0005FEA010908BFB8F1000F05D108E09DF8DE
:100DF00000001218513AEBE7F868A1198842DBD3DA
:100E0000082D09D197F83800010705D5A05D3028D5
:100E100002D0761E3020A055C6F13C03BB61A1195B
:100E2000F960386B834208DAC31A3B624FF6EF7001
:100E3000398F01403987BDE8F38700280ED597F830
:100E4000380000F01400102808D17A6B7969386AEC
:100E5000521A121AD21A002AC8BF3A62BDE8F387A2
:100E60002DE9D04306460F4614464FF00008DFF840
:100E7000449012E0E00707D542464B4630463946DB
:100E800000F07CFA06460F464046494642464B462D
:100E900000F074FA641080468946002CEAD130468E
:100EA0003946BDE8D0830000A08601000000F03F75
:100EB00084D7974100002440F8B505460E461746F2
:100EC0001C4600205CB117F8011BB068A847B06051
:100ED00030B1F06A401CF0620020641EF3D1F2BD14
:100EE0004FF0FF30F2BD00007072696E74665F7380
:100EF0003A20256E20646973616C6C6F77656400BD
:100F00007072696E74663A2062616420256E206199
:100F10007267756D656E7400000000006E616E0092
:100F20004E414E00696E6600494E46003000F0B4F6
:100F30000246106895681318506803EB5004C00708
:100F400048BF4D44A3422DD013F8016B16F00300A7
:100F500004BF13F8010BC01C31090F2907D113F886
:100F6000011B0F3103E013F8017B05F8017B401EE4
:100F7000F9D10029E6D013F8010BC6F38106032E40
:100F800008BF13F8016B00EB0620404228440026FE
:100F9000B71E8F421EBF10F8017B05F8017B761C3F
:100FA000F6D1CFE7F0BC02F10C007047C9B202786D
:100FB0008A421AB11CBF10F8012FF9E718BF0020B0
:100FC00070470268531C03601170704780B500B908
:100FD00006A005490B681BB122220021984701E0B9
:100FE00000F0EEFA222002BD2C180228636F6E7307
:100FF000747261696E742068616E646C65723A2007
:10100000626164206D6573736167650000F10103BF
:10101000810704D010F8011B820781B1FAD1026860
:10102000A2F10131914311F0803104BF50F8042F37
:10103000F6E709BAB1FA81F100EBD100401CC01A01
:1010400070470000C9B2830706D0521E22D310F8A1
:10105000013B9942F7D11FE0083A13D302F1040291
:1010600041EA012141EA014150F8043B121F21BF2E
:101070004B40A3F1013C2CEA030C1CF0803FF3D061
:10108000C9B2001F083210F8013B521E28BF91EA76
:10109000030FF8D818BF0120401E704762B38B07BA
:1010A00008D0521E11F8013B00F8013B00F02480EB
:1010B0008B07F6D1830740F0208000BF103A07D39A
:1010C00030B4B1E83810103AA0E83810F9D230BC8A
:1010D000530724BFB1E80810A0E8081044BF51F836
:1010E000043B40F8043BD20724BF31F8022B20F820
:1010F000022B44BF0B7803707047121F17D35B009D
:1011000009D151F8043B20F8023B1B0C121F20F8B8
:10111000023BF6D20BE051F8043B00F8013B1B0AFE
:1011200020F8023B1B0C121F00F8013BF3D238BF22
:10113000121D521E24BF11F8013B00F8013BF8D8E4
:101140007047000010B5144600F002F8226010BD90
:10115000C1F30A5343B14A0012F5001F28D2A3F28B
:10116000FE32A1EB0251704750EA410C20D001F051
:10117000004C31EA0C01B1FA81F204BFB0FA80F3FD
:10118000D2180B3AB2F120032CBF00FA03F19140C0
:1011900041EA0C013EBFC2F1200C20FA0CF31943C6
:1011A0009040524240F2FD33D21A01EB0351704796
:1011B0000022704741EA030C50EA4C0C52EA0C0C36
:1011C0004FF4001C09D307D01CEB410F9CBF1CEB54
:1011D000430F8B4208BF824270471CEB430FFBD882
:1011E000994208BF9042704741EA030C50EA4C0C08
:1011F00052EA0C0C4FF4001C09D307D01CEB410F32
:101200009CBF1CEB430F994208BF904270471CEBF8
:10121000410FFBD88B4208BF8242704700B541ECBA
:10122000100B104600F004F851EC100B00BD00BF8D
:10123000020030EE101B40F2FF7C37D41CEA115341
:1012400013D063456BD09B18634504D201EB025168
:1012500020EE101B704701F0004141EA0C510020C4
:1012600041EC100BAFF30080704710EE100B50EA0A
:10127000410054D0B2F57F7F08D202EB5C01090532
:10128000002041EC110B20EE010B70474FF0FE41A6
:10129000002341EC113B20EE010BB2F57E7230EEE3
:1012A000101B4FEA410342EB5353CDE752421CEA75
:1012B000115316D0634532D09A4204D2A1EB0251A9
:1012C00020EE101B70475B1ED21AA1EB035120EEDB
:1012D000101B372A0CD3002001F0004141EC100B09
:1012E000C0E710EE100B50EA410018D0372AF2D2B6
:1012F000C2EB5C021105002041EC110BF1EE100A6B
:1013000020F01F0121F4F851E1EE101A20EE010B3C
:10131000F1EE101AE1EE100A11F0080FA2D1704799
:1013200041EC100BBDEEC00B10EE100A704700EE42
:10133000100AB8EEC00B51EC100B704741EC100BCB
:1013400043EC112B30EE410B51EC100B704741EC8C
:10135000100B43EC112B80EE010B51EC100B70477E
:1013600041EC100BBCEEC00B10EE100A704700EE03
:10137000100AB8EE400B51EC100B704741EC100B0B
:1013800043EC112B20EE010B51EC100B70470000C9
:10139000BBBBE1B1B2F5803F80F07E80022A1ED94E
:1013A0008C46B1FBF2F102FB11C31B0443EA10436C
:1013B000B3FBF2FC02FB1C3380B240EA0343B3FBF5
:1013C000F2F002FB103240EA0C4000237047022A80
:1013D00005D98446B0FBF2F002FB10C270474AB157
:1013E00005D100F0010249085FEA30007047002291
:1013F0000023704700F0E8B80B0002000021002035
:101400007047904271EB030CF6D3B3F5803F2FD2B7
:10141000F0B5B3FA83F7B1FA81F4A7F10F0E3D1BD3
:101420005340CEF1200602FA0EF2F3415340B5F1DB
:101430000F0746D80F3C2C444140C4F12006A04081
:10144000F1414140B1FBF3F603FB1611A2FB064547
:10145000001BA94102D2761E8018594180EA010280
:1014600021FA0EF362FA0EF200215A403046F0BD26
:1014700030B4B1FBF3FC03FB1C11A2FB0C45001BB9
:10148000A94103D2ACF1010C8018594130BC02468D
:101490000B46604600217047B2F1807F65D3F0B5FE
:1014A000B2FA82F7B1FA81F4C7F10F063D1B22FAB6
:1014B00006F307F1110EF24120355A40B5F10F073E
:1014C000B8D94140C4F12006A040F1414140B1FBF0
:1014D000F3FC03FB1C11A2FB0C45001BA94103D22A
:1014E000BCF1010C801859410F2F12D30F3FC903D3
:1014F00041EA5041B1FBF3F603FB1611A2FB06458E
:10150000D4EBC030A94102D2761E8018594146EA78
:10151000CC3C07B34140C7F12006B840F1414140FF
:10152000B1FBF3F603FB1611A2FB0645001BA94114
:1015300002D2761E8018594180EA010221FA0EF388
:10154000C7F1200462FA0EF20CFA07F05A402CFAA6
:1015500004F13043F0BD80EA010221FA0EF30021CC
:1015600062FA0EF260465A40F0BD8C46B1FBF2F1D1
:1015700002FB11C31B0243EA1063B3FBF2FC02FB44
:101580001C331B024CEA002043EA1063B3FBF2FC5D
:1015900002FB1C331B024CEA002043EA1063B3FB3E
:1015A000F2FC02FB1C331B024CEA002043EA1063EE
:1015B000B3FBF2FC02FB1C324CEA00200023704714
:1015C000012000F003B800007047000080B5AFF3C1
:1015D0000080024A11001820ABBEFBE72600020083
:1015E000022801D3012010E00B00DBB2042B01DB49
:1015F00001200AE0DFF8283803EB8000C9B2405C24
:10160000824201D3012000E000207047F8B50600B7
:101610000F0015001C00022E01D301201DE02A003E
:101620003900C9B23000FFF7DBFF012801D10120EA
:1016300013E03800C0B2002812D1B4F5807F0DD27B
:10164000DFF8E0077603304400EB850010F58050AA
:10165000016864F30F2101600020F2BD0120FCE766
:10166000FFB2012F11D1B4F5803F0CD2DFF8B407DF
:101670007603304400EB850010F5A050016864F358
:1016800017210160E8E70120E7E70120E5E700B264
:101690000012C0B27047F8B505000E001700280010
:1016A00000B2FFF7F4FF04002000C0B2022801D30B
:1016B000012024E03A003100C9B22000C0B2FFF797
:1016C0008FFF012801D1012019E0DFF85817200011
:1016D000C0B2400308442A00D2B200EB8200D0F826
:1016E000000CF6B266F3092067F30700E4B2640366
:1016F0002144EDB201EB8501C1F8000C0020F2BDE0
:1017000070B504000D001600022C01D301201DE06D
:1017100032002900C9B22000FFF762FF012801D181
:10172000012013E0DFF8FC166003085850F0004079
:1017300050F0407050F47F00EDB265F3092066F37D
:1017400007006203885064030859002070BD10B57B
:10175000C0B2002800F0EA80022800F0EB80C0F060
:10176000E780042800F0EA80C0F0E680062800F058
:10177000E980C0F0E580082800F0E880C0F0E4804F
:101780000A2800F0E780C0F0E3800C2800F0E68033
:10179000C0F0E2800E2800F0E580C0F0E180102863
:1017A00000F0E480C0F0E080122800F0E380C0F098
:1017B000DF80142800F0E280C0F0DE80162800F000
:1017C000E180C0F0DD80182800F0E080C0F0DC800F
:1017D0001A2800F0DF80C0F0DB801C2800F0DE80DB
:1017E000C0F0DA801E2800F0DD80C0F0D98020280B
:1017F00000F0DC80C0F0D880222800F0DB80C0F050
:10180000D780242800F0DA80C0F0D680262800F0A7
:10181000D980C0F0D580282800F0D880C0F0D480CE
:101820002A2800F0D780C0F0D3802C2800F0D68082
:10183000C0F0D2802E2800F0D580C0F0D1803028B2
:1018400000F0D480C0F0D080322800F0D380C0F007
:10185000CF80342800F0D280C0F0CE80362800F04F
:10186000D180C0F0CD80382800F0D080C0F0CC808E
:101870003A2800F0CF80C0F0CB803C2800F0CE802A
:10188000C0F0CA803E2800F0CD80C0F0C98040285A
:1018900000F0CC80C0F0C880422800F0CB80C0F0BF
:1018A000C780442800F0CA80C0F0C680462800F0F7
:1018B000C980C0F0C580482800F0C880C0F0C4804E
:1018C0004A2800F0C780C0F0C3804C2800F0C680D2
:1018D000C0F0C2804E2800F0C580C0F0C180502802
:1018E00000F0C480C0F0C080522800F0C380C0F077
:1018F000BF80542800F0C280C0F0BE80562800F09F
:10190000C180C0F0BD80582800F0C080C0F0BC800D
:101910005A2800F0BF80C0F0BB805C2800F0BE8079
:10192000C0F0BA805D2800F0BB80BBE01924BFE0A6
:101930003124BDE01824BBE03324B9E03524B7E0FE
:101940001424B5E03724B3E01324B1E02024AFE041
:101950001224ADE02124ABE01124A9E01024A7E07B
:101960002824A5E02924A3E02A24A1E009249FE05B
:101970002B249DE008249BE02C2499E0032497E08D
:10198000022495E0392493E03B2491E03D248FE04C
:1019900001248DE03F248BE0002489E0402487E08F
:1019A000412485E0422483E0432481E0BF247FE09A
:1019B00048247DE049247BE0BC2479E0992477E049
:1019C0009A2475E0502473E09B2471E0B6246FE004
:1019D00051246DE09C246BE0B52469E0522467E05B
:1019E000A02465E0B42463E0532461E0B3245FE005
:1019F00054245DE0B2245BE0B12459E0AD2457E00B
:101A0000602455E0AE2453E0612451E0AD244FE062
:101A100062244DE063244BE0AB2449E0642447E0BA
:101A2000AA2445E0652443E0A92441E0A8243FE03E
:101A300069243DE06B243BE06D2439E06F2437E0FE
:101A4000A32435E0702433E0A22431E071242FE098
:101A5000A1242DE097242BE0962429E0742427E08C
:101A6000952425E0752423E0942421E093241FE0AD
:101A700092241DE078241BE0792419E08C2417E0DF
:101A80007A2415E08B2413E07B2411E08A240FE0F4
:101A90005A240DE059240BE0892409E0582407E07A
:101AA000882405E09D22DFF84019002000F03CFE6C
:101AB0002000C0B210BD10B5C0B2002800F0EA800E
:101AC000022800F0EB80C0F0E780042800F0EA80F4
:101AD000C0F0E680062800F0E980C0F0E580082824
:101AE00000F0E880C0F0E4800A2800F0E780C0F051
:101AF000E3800C2800F0E680C0F0E2800E2800F0C1
:101B0000E580C0F0E180102800F0E480C0F0E080C3
:101B1000122800F0E380C0F0DF80142800F0E2809B
:101B2000C0F0DE80162800F0E180C0F0DD801828CB
:101B300000F0E080C0F0DC801A2800F0DF80C0F008
:101B4000DB801C2800F0DE80C0F0DA801E2800F068
:101B5000DD80C0F0D980202800F0DC80C0F0D88083
:101B6000222800F0DB80C0F0D780242800F0DA8043
:101B7000C0F0D680262800F0D980C0F0D580282873
:101B800000F0D880C0F0D4802A2800F0D780C0F0C0
:101B9000D3802C2800F0D680C0F0D2802E2800F010
:101BA000D580C0F0D180302800F0D480C0F0D08043
:101BB000322800F0D380C0F0CF80342800F0D280EB
:101BC000C0F0CE80362800F0D180C0F0CD8038281B
:101BD00000F0D080C0F0CC803A2800F0CF80C0F078
:101BE000CB803C2800F0CE80C0F0CA803E2800F0B8
:101BF000CD80C0F0C980402800F0CC80C0F0C88003
:101C0000422800F0CB80C0F0C780442800F0CA8092
:101C1000C0F0C680462800F0C980C0F0C5804828C2
:101C200000F0C880C0F0C4804A2800F0C780C0F02F
:101C3000C3804C2800F0C680C0F0C2804E2800F05F
:101C4000C580C0F0C180502800F0C480C0F0C080C2
:101C5000522800F0C380C0F0BF80542800F0C2803A
:101C6000C0F0BE80562800F0C180C0F0BD8058286A
:101C700000F0C080C0F0BC805A2800F0BF80C0F0E7
:101C8000BB805C2800F0BE80C0F0BA805D2800F008
:101C9000BB80BBE00824C0E00824BEE00824BCE010
:101CA0000824BAE00824B8E00824B6E00824B4E028
:101CB0000824B2E00824B0E00824AEE00824ACE038
:101CC0000824AAE00824A8E00824A6E00824A4E048
:101CD0000824A2E00824A0E008249EE008249CE058
:101CE00008249AE0082498E0082496E0082494E068
:101CF000082492E0082490E008248EE008248CE078
:101D000008248AE0082488E0082486E0082484E087
:101D1000082482E0082480E008247EE008247CE097
:101D200008247AE0082478E0082476E0082474E0A7
:101D3000082472E0082470E008246EE008246CE0B7
:101D400008246AE0082468E0082466E0082464E0C7
:101D5000082462E0082460E008245EE008245CE0D7
:101D600008245AE0162458E0082456E0082454E0D9
:101D7000082452E0082450E008244EE008244CE0F7
:101D800008244AE0082448E0082446E0082444E007
:101D9000082442E0082440E008243EE008243CE017
:101DA00008243AE0082438E0082436E0082434E027
:101DB000082432E0082430E008242EE008242CE037
:101DC00008242AE0082428E0082426E0082424E047
:101DD000082422E0082420E008241EE008241CE057
:101DE00008241AE0082418E0082416E0082414E067
:101DF000082412E0082410E008240EE008240CE077
:101E000008240AE0082408E0082406E04FF486725B
:101E1000DFF8D415002000F087FC2000C0B210BD10
:101E2000C0AC08100000044080B5C0B2002800F02B
:101E3000EA80022800F0EB80C0F0E780042800F080
:101E4000EA80C0F0E680062800F0E980C0F0E58076
:101E5000082800F0E880C0F0E4800A2800F0E7805D
:101E6000C0F0E3800C2800F0E680C0F0E2800E288D
:101E700000F0E580C0F0E180102800F0E480C0F0C0
:101E8000E080122800F0E380C0F0DF80142800F02A
:101E9000E280C0F0DE80162800F0E180C0F0DD8036
:101EA000182800F0E080C0F0DC801A2800F0DF8005
:101EB000C0F0DB801C2800F0DE80C0F0DA801E2835
:101EC00000F0DD80C0F0D980202800F0DC80C0F078
:101ED000D880222800F0DB80C0F0D780242800F0D2
:101EE000DA80C0F0D680262800F0D980C0F0D580F6
:101EF000282800F0D880C0F0D4802A2800F0D780AD
:101F0000C0F0D3802C2800F0D680C0F0D2802E28DC
:101F100000F0D580C0F0D180302800F0D480C0F02F
:101F2000D080322800F0D380C0F0CF80342800F079
:101F3000D280C0F0CE80362800F0D180C0F0CD80B5
:101F4000382800F0D080C0F0CC803A2800F0CF8054
:101F5000C0F0CB803C2800F0CE80C0F0CA803E2884
:101F600000F0CD80C0F0C980402800F0CC80C0F0E7
:101F7000C880422800F0CB80C0F0C780442800F021
:101F8000CA80C0F0C680462800F0C980C0F0C58075
:101F9000482800F0C880C0F0C4804A2800F0C780FC
:101FA000C0F0C3804C2800F0C680C0F0C2804E282C
:101FB00000F0C580C0F0C180502800F0C480C0F09F
:101FC000C080522800F0C380C0F0BF80542800F0C9
:101FD000C280C0F0BE80562800F0C180C0F0BD8035
:101FE000582800F0C080C0F0BC805A2800F0BF80A4
:101FF000C0F0BB805C2800F0BE80C0F0BA805D28D5
:1020000000F0BB80BBE00020C0E00020BEE001206B
:10201000BCE00120BAE00220B8E00320B6E00320D3
:10202000B4E00420B2E00420B0E00520AEE00520DA
:10203000ACE00620AAE00720A8E00920A6E00A20DC
:10204000A4E00B20A2E00B20A0E00C209EE00C20DE
:102050009CE00D209AE00D2098E00E2096E00F20E5
:1020600094E0102092E0112090E011208EE01220E8
:102070008CE012208AE0132088E0142086E01520EE
:1020800084E0162082E0162080E018207EE01920EF
:102090007CE019207AE01A2078E01B2076E01C20F2
:1020A00074E01C2072E01C2070E01D206EE01D20FA
:1020B0006CE01D206AE01E2068E01E2066E01E2005
:1020C00064E01F2062E01F2060E020205EE020200E
:1020D0005CE021205AE0222058E0242056E0242011
:1020E00054E0252052E0252050E026204EE0272015
:1020F0004CE027204AE0282048E0282046E029201C
:1021000044E0292042E02A2040E02C203EE02D201F
:102110003CE02E203AE02F2038E02F2036E030201F
:1021200034E0302032E0312030E031202EE0322027
:102130002CE033202AE0342028E0342026E035202B
:1021400024E0352022E0362020E037201EE0382031
:102150001CE039201AE0392018E03A2016E03A2035
:1021600014E03B2012E03B2010E03B200EE03C203E
:102170000CE03C200AE03D2008E03D2006E040F273
:102180007B129949002000F0CFFA0020C0B202BDB6
:10219000002007E09549C2018A5822F00042C3019D
:1021A000CA50401C3F28F5DB704770B504000E0094
:1021B000002000202000C0B2FFF736FE8B4DC0B2D9
:1021C000C0012844006A80B206FB00F642F210709B
:1021D000B6FBF0F62000C0B2FFF726FEC00128448F
:1021E000B6B246612000C0B2FFF71EFE0100C9B2C0
:1021F000C9012944096C51F00101C0B2C001284451
:10220000016470BD2DE9F041AAB004000D00160074
:10221000342100221DAF380000F018FB002074218B
:1022200000226F46380000F011FB0E201E902000A7
:10223000C0B2FFF740FC8DF87C002000C0B2FFF771
:1022400086FA07005FF008082000C0B2FFF77FFAA7
:102250001DAA97FBF8F108FB11773900644BC0B257
:10226000C010C001184400F0B0FB2000C0B2FFF75E
:10227000DBFD00220121C0B210F5937000B2FFF720
:102280000AFA2000C0B2FFF7CFFDC0B210F593707C
:1022900000B2FFF7FCF9092300220121C0B2FFF7C9
:1022A000B5F92000C0B2FFF7BFFDC0B210F59370C2
:1022B00000B2FFF7ECF900220121C0B2FFF720FACB
:1022C0004C48B0FBF5F1090C4A482A04B0FBF2F384
:1022D00002FB1300002800D0491C022903D2002071
:1022E0008DF801002FE0032903D201208DF80100B1
:1022F00029E0052903D202208DF8010023E00929F5
:1023000003D203208DF801001DE0112903D204201F
:102310008DF8010017E0212903D205208DF8010076
:1023200011E0412903D206208DF801000BE081293C
:1023300003D207208DF8010005E040F2C9122A49B6
:10234000002000F0F1F904208DF8000001208DF844
:10235000100000208DF8110003208DF812000320DA
:102360008DF8130000208DF80800224901229DF904
:1023700001008240B1FBF2F0B0FBF5F0401E059089
:102380000598401C06FB00F642F21070B6FBF0F018
:10239000089002208DF8400003208DF8680001208D
:1023A0001B9001208DF828002000C0B2FFF73CFDF3
:1023B0000E4D6946C0B2C001284400F045FB200024
:1023C000C0B2FFF731FDC0B2C001284400F03CFCB0
:1023D0002000C0B2FFF728FDC0B2C001284400F0C1
:1023E00038FC2AB0BDE8F08178A8081000005840F9
:1023F0000000314000127A0082B0002001900020DD
:1024000000900020019009E00098401C0090009886
:10241000B0F5005FF8D30198401C01900198B0F529
:10242000805F02D200200090F1E702B0704780B5D3
:102430000100002000F08EFE01BD2DE9F043ADF556
:10244000137D0700884616001C000020ADF802002E
:102450000020ADF80000002002900020ADF804003C
:102460000020ADF806004046FEF7D0FD0290DFF8F0
:10247000A0532888002801D028698047DFF89403FA
:102480000078002800F033812888002800F01181AE
:10249000BDF90600411CADF806103A00010089B2F2
:1024A0000020EB68984747464046FEF7AFFD029094
:1024B0006888A97990FBF1F0ADF804003800471C5A
:1024C00000780028FAD10020ADF800000EE07F1E51
:1024D00038782F2802D038785C2804D1BDF8000065
:1024E000401CADF800000298401E0290BDF80000AC
:1024F000022802DA02980028E9D50298002806D4BA
:102500007A1CDFF8141353A801F05AF80EE0BDF856
:102510000000002805D13A00C04953A801F050F846
:1025200004E03A00BC4953A801F04AF80020ADF895
:10253000020042E0BDF80010BDF80020BDF80230F6
:1025400053AF9BB2BDF90400434313FA82F0385CE9
:1025500043AA89B25054BDF80000401CADF80000F9
:10256000BDF8000080B2BDF9041088420EDA53A80D
:10257000FEF74CFDBDF80020BDF802309BB2BDF95E
:1025800004104B4313FA82F18842D3D2002043A9AE
:10259000BDF800208854BDF90600411CADF80610B6
:1025A00043AAE97911FB00F189B20020EB68984752
:1025B000BDF80200401CADF80200BDF8027053A83F
:1025C000FEF724FDBDF90410B0FBF1F0401CBFB2D2
:1025D000874203D20020ADF80000C1E732009049E5
:1025E00053A800F0EDFFBDF90600411CADF8061040
:1025F00053AAE97911FB00F189B20020EB689847F2
:10260000002C74D00020ADF8020041E0BDF80010AD
:10261000BDF80020BDF802309BB2BDF90400434371
:1026200013FA82F0205C43AA89B25054BDF800002E
:10263000401CADF80000BDF8000080B2BDF90410E8
:1026400088420EDA2000FEF7E1FCBDF80020BDF85C
:1026500002309BB2BDF904104B4313FA82F1884259
:10266000D4D2002043A9BDF800208854BDF906004B
:10267000411CADF8061043AAE97911FB00F189B2BB
:102680000020EB689847BDF80200401CADF802003E
:10269000BDF802602000FEF7B9FCBDF90410B0FBE4
:1026A000F1F0401CB6B2864221D20020ADF8000005
:1026B000C1E74FF4807100220DF10C09484600F08B
:1026C000C5F83800A9688847002C07D0009433006B
:1026D0004246544903A800F073FF05E03300424628
:1026E000514903A800F06CFF03A8A96888470DF5BD
:1026F000137DBDE8F08310B546480078002809D066
:102700004B4C2100002000F033FD012221004748FE
:1027100000F0DBFF10BD10B514002200D2B2002083
:1027200000F009FD200010BD38B50C001500C0B246
:10273000002803D13F480078002800D131BD3E4930
:102740000878002800D0FEE70878401C087001F0E7
:10275000C5F900232A0021003848FFF76EFEFFF775
:102760004BFEF6E710B514001A00C0B2002808D1DD
:1027700028480078002804D00B0021003048FFF7DB
:102780005CFE10BD002101804FF6FF714180818009
:10279000FF218171C171002181600021C160002190
:1027A000016170471A4902880A8042884A808288FB
:1027B0008A8082798A71C279CA7182688A60C268A5
:1027C000CA6000690861012012490870704700B5AD
:1027D00085B06846FFF7D6FF1A4802906846FFF7B3
:1027E000E1FF05B000BD80B5FFF7F1FF0023002237
:1027F0005FF4E131002000F0E0FD4023124A0021A7
:102800000A4801F002F90121002000F057FD01BD46
:10281000981602284518022880AC081060AC0810F1
:102820008CAC081054AB0810F4AB08101816022832
:1028300046180228CA0702284718022870AC081058
:1028400098AC08102F2408109015022862F30F226C
:1028500062F31F42401810F0030308D0C91A1FD3B7
:10286000DB0748BF00F8012D28BF20F8022D130018
:1028700030B414461546103928BF20E93C00FAD878
:10288000490728BF20E90C0048BF40F8042D890003
:1028900028BF20F8022D48BF00F8012D30BC70473A
:1028A000C91818BF00F8012DCB0728BF00F8012D6B
:1028B0007047000030B4614B1818C009604C14EB2D
:1028C000001404290DD223681F25C8008540AB439E
:1028D000D2B212F01F02C90012FA01F119432160AD
:1028E0000CE0091F63681F25C8008540AB43D2B2C6
:1028F00012F01F02C9008A401A43626030BC704760
:10290000002A04D1012212FA01F1416003E0012200
:1029100012FA01F18160704710B48900436C0F24F2
:102920008C40A34312F00F0212FA01F119434164E3
:1029300010BC704710B4836C01248C40A34312F088
:10294000010212FA01F11943816410BC704710B4FE
:10295000C36C01248C40A34312F0010212FA01F16E
:102960001943C16410BC704710B449001031C36CE6
:1029700003248C40A34312F0030212FA01F119431D
:10298000C16410BC70474269012212FA01F1416131
:102990004069704710B4836901248C40A34312F04E
:1029A000010212FA01F11943816110BC704710B4A1
:1029B0004900036C03248C40A34312F0030212FA73
:1029C00001F11943016410BC7047F8B505000E0011
:1029D00014000027002D2ED0002C2CD022683100AE
:1029E0002800FFF78DFF227A31002800FFF762FFF1
:1029F000626931002800FFF79DFFA26931002800BD
:102A0000FFF7A5FFE26931002800FFF7ADFF62681C
:102A100031002800FFF780FFE26831002800FFF74F
:102A2000C6FF31002800FFF7AEFF22693100280001
:102A3000FFF7B0FF00E0034F3800F2BD0000CFBF4A
:102A40000000304001005A000122002800F0EC8014
:102A5000002900F0E980754A12680B7A63F392420C
:102A60000B7B13F0030363F311420B7813F007039E
:102A700063F31A628B7863F39E7291F8283063F3E4
:102A8000000291F8343063F341020B7F63F382025A
:102A90004B7F63F3C30291F8403063F38A2291F8CD
:102AA0004030DBB25B08DBB263F3492291F870304F
:102AB00063F3082291F8713013F0030363F30D32CE
:102AC00002600A7A002A02D10022826007E00A7AB4
:102AD000012A02D14A69826001E0012282600A6A09
:102AE00002614A6A4261CA6A82610A6BC2614A69CA
:102AF00002628A6942624E4A126891F8443003F0D9
:102B0000FF03120A12021A4391F84C3003F0FF033C
:102B100063F3174291F85C3003F0FF0363F31F6225
:102B200091F86C3003F0FF0363F30F224264414AD3
:102B3000126891F8643003F0FF0363F30F2291F8F9
:102B4000543003F0FF03120A12021A4382643A4A15
:102B5000126891F8413013F00303920892001A436F
:102B600091F8603013F0030363F38B2291F848303F
:102B700013F0030363F3051291F8503013F00303CD
:102B800063F3092291F8583013F0030363F38712BB
:102B900091F8683013F0030363F38302C264274A99
:102BA000126891F8723013F00703D208D2001A436A
:102BB00091F8733013F0070363F30612426591F83E
:102BC000352082671E4A12680B7C13F003039208BB
:102BD00092001A43CB7C13F0030363F387124B7C00
:102BE00013F0030363F383028B7C13F0030363F39B
:102BF00005120265134A1268CB8863F31F428B8863
:102C00009BB21B0A9BB263F30F220B78052B06D1F4
:102C1000097901F0FF01120A12020A4302E0497821
:102C200061F30702026300221000704748AD0810EC
:102C30004CAD081050AD081054AD081058AD081038
:102C40005CAD081060AD0810016851F000410160F2
:102C500070474030016851F010010160704700007A
:102C6000022801D3012010E00B00DBB2042B01DBB2
:102C700001200AE0DFF8043903EB8000C9B2405CB0
:102C8000824201D3012000E000207047F8B5040023
:102C90000F0015001E00022C01D301202AE02A009B
:102CA0003900C9B22000FFF7DBFF012801D1012064
:102CB00020E006983900C9B202291ED1B6F5803F3E
:102CC00019D2202817D24FF4C052DFF8B41863038A
:102CD0000B4403EB850313441F6866F317271F603B
:102CE0006403214401EB850111440A6860F3C702C3
:102CF0000A600020F2BD0120FCE7FFB2032F1FD1C4
:102D0000B6F1807F1AD2202818D24FF4E052DFF8B3
:102D1000701863030B4403EB850313441F6807F02B
:102D2000FF0757EA06271F606403214401EB850172
:102D300011440A6860F3C7020A60DAE70120D9E7A4
:102D40000120D7E700B20012C0B27047F8B5050005
:102D50000E001700280000B2FFF7F4FF0400200067
:102D6000C0B2022801D3012024E03A003100C9B2E8
:102D70002000C0B2FFF774FF012801D1012019E043
:102D8000DFF8FC172000C0B2400308442A00D2B28A
:102D900000EB8200D0F8000CF6B266F3092067F36E
:102DA0000700E4B264032144EDB201EB8501C1F8F0
:102DB000000C0020F2BD70B504000D001600022CBE
:102DC00001D301201DE032002900C9B22000FFF725
:102DD00047FF012801D1012013E0DFF8A4176003A9
:102DE000085850F0004050F0407050F47F00EDB2B1
:102DF00065F3092066F307006203885064030859ED
:102E0000002070BDD0F840037047D0F80803C0051B
:102E1000C00D7047C0F840127047D0F80802C005D6
:102E2000C00D7047D0F80802C0F3C030704738B505
:102E300005002800FFF7F1FF04002800FFF7F2FF6C
:102E40000419002C01D1012000E00020C0B232BDE5
:102E5000C0F8C81F7047D0F8C80F7047C0F8C01F2F
:102E6000D0F8C00F7047C0F8881F7047D0F8880F9F
:102E70007047C0F8801FD0F8800F7047016851F08C
:102E800000410160704770B506000124DFF8F45678
:102E90003000C0B255F82000FFF7DDFF40071FD516
:102EA0003000C0B255F82000FFF7AFFF002810D067
:102EB0003000C0B255F82000FFF7A4FFDFF8C816B5
:102EC0003200D2B288540120DFF8C0163200D2B2EC
:102ED00088540421F6B255F82600FFF7BFFF0FE033
:102EE0003000C0B255F82000FFF7C0FF800507D5BD
:102EF0004FF40071F6B255F82600FFF7BAFF002430
:102F00002000C0B270BD38B504001500C9B2002958
:102F10000ED0102919D0202924D030292FD03129C2
:102F20003AD0402945D0502950D060295BD067E085
:102F3000DFF85C06A06001202073112060734FF45D
:102F40008C70E0811220208260E0DFF84806A060EB
:102F5000012020731120607340F21D10E0816B206E
:102F6000208253E0DFF83006A0600120207311209A
:102F700060734FF48E70E0816A20208246E0DFF8B3
:102F80001C06A060022020731120607340F21B1009
:102F9000E0816920208239E0DFF80406A06001208A
:102FA00020731120607340F21B10E08169202082A1
:102FB0002CE0DFF8F005A06001202073132060737F
:102FC0004FF48D70E081682020821FE0DFF8D80583
:102FD000A060012020731120607340F21F10E08177
:102FE0006D20208212E0DFF8C405A060012020736C
:102FF000112060734FF48F70E0816C20208205E017
:10300000BA22DFF8AC150020FFF78EFBEDB2002DE1
:103010000ED0102D19D0202D24D0302D2FD0312DB1
:103020003AD0402D45D0502D50D0602D5BD067E078
:10303000DFF85C05206000202071112060714FF4E2
:103040008C70E0811220208260E0DFF8480520606B
:10305000002020711120607140F21D10E0816B2072
:10306000208253E0DFF8300520600020207111201D
:1030700060714FF48E70E0816A20208246E0DFF8B4
:103080001C052060012020711120607140F21B108E
:10309000E0816920208239E0DFF80405206000200B
:1030A00020711120607140F21B10E08169202082A4
:1030B0002CE0DFF8F0042060002020711320607104
:1030C0004FF48D70E081682020821FE0DFF8D80483
:1030D0002060002020711120607140F21F10E081FB
:1030E0006D20208212E0DFF8C404206000202071EF
:1030F000112060714FF48F70E0816C20208205E018
:10310000FE22DFF8AC140020FFF70EFB31BD38B50E
:103110000400DFF87054C9B22000C0B255F8200096
:10312000FFF778FE2000C0B255F82000FFF77FFEC1
:103130000028F7D031BD70B505000E00140006E080
:1031400031782800C0B2FFF7E2FF641E761C002C25
:10315000F6D170BD38B504000D0005E029782000D7
:10316000C0B2FFF7D4FF6D1C28780028F6D131BD1E
:1031700010B40022DFF814340200D2B29A5C002AA4
:103180000AD0DFF804240400E4B2125D0A700021C2
:10319000C0B21954012000E00020C0B210BC70473A
:1031A00070B505000C00DFF8DC632800C0B256F8EB
:1031B0002000FFF75BFE4008400001002800C0B27D
:1031C00056F82000FFF74FFE2800C0B256F8200046
:1031D000FFF74CFE30F0020001002800C0B256F8A4
:1031E0002000FFF740FE2800C0B256F82000FFF78D
:1031F0003DFE30F0200001002800C0B256F820004B
:10320000FFF731FE2800C0B256F82000FFF72EFE6F
:1032100030F0400001002800C0B256F82000FFF74F
:1032200022FE2800C0B256F82000FFF71FFE30F043
:10323000100001002800C0B256F82000FFF713FE6E
:103240002800C0B256F82000FFF710FE30F480705E
:1032500001002800C0B256F82000FFF704FE280045
:10326000C0B256F82000FFF701FE30F48060010084
:103270002800C0B256F82000FFF7F5FD002C0ED054
:103280002800C0B256F82000FFF7E5FD50F40070AA
:103290000100EDB256F82500FFF7E5FD0DE028002E
:1032A000C0B256F82000FFF7D6FD30F400700100E0
:1032B000EDB256F82500FFF7D6FD70BD70B50500DC
:1032C0000C00DFF8C0622800C0B256F82000FFF7FB
:1032D000C2FD4008400001002800C0B256F820009E
:1032E000FFF7B6FD2800C0B256F82000FFF7B3FD87
:1032F00030F0080001002800C0B256F82000FFF7A7
:10330000A7FD2800C0B256F82000FFF7A4FD30F05A
:10331000200001002800C0B256F82000FFF798FDF9
:103320002800C0B256F82000FFF795FD30F48070F9
:1033300001002800C0B256F82000FFF789FD2800E0
:10334000C0B256F82000FFF786FD30F4007001008F
:103350002800C0B256F82000FFF77AFD2800C0B25E
:1033600056F82000FFF777FD30F4006001002800D8
:10337000C0B256F82000FFF76BFD002C0ED02800DD
:10338000C0B256F82000FFF766FD50F004000100BF
:10339000EDB256F82500FFF75BFD0DE02800C0B246
:1033A00056F82000FFF757FD30F004000100EDB2A1
:1033B00056F82500FFF74CFD70BD2DE9F0412DEDCD
:1033C000028BA8B005000E00170028003900C9B212
:1033D0000909C0B2884201D1012000E000201C0090
:1033E000DFF8CC814FF4FB724146C0B2FFF79CF985
:1033F00028002100C9B20909C0B2884201D10120C8
:1034000000E0002040F2F7124146C0B2FFF78CF90D
:1034100002A8142100F08AFB342100220DF1680873
:103420004046FFF713FA4C2100220DF11C084046DC
:10343000FFF70CFA082080B206FB00F65D48B0FBEF
:10344000F6F85C4806FB180000EE100AB8EE400BD8
:1034500001EE106AB8EE411B80EE010BBFEEED0BE2
:1034600010EE100B08EE100A2200D2B23900C9B2D9
:1034700002A8FFF748FD08201B909DF80D008DF86D
:1034800070001AAA9DF80C100298FFF79EFA062009
:103490001B909DF815008DF870001AAA9DF8141065
:1034A0000498FFF792FA002007900820089008205F
:1034B000099002200B9000200C9000201290002018
:1034C0001490304C2800C0B254F8200000F074FC76
:1034D00039492A00D2B2382042430A4407A92800B9
:1034E000C0B254F8200000F025FB2800C0B254F808
:1034F0002000FFF7C3FC2A00D2B20321BDF9160059
:10350000FFF724FCBDF91600FFF71CFC8DED008AC7
:10351000B8F1010843462A00D2B20321C0B2FFF736
:10352000B5FBBDF91600FFF70DFC2A00D2B203214E
:10353000C0B2FFF740FCBDF91800ADF80000032051
:10354000ADF8020001208DF8040007221B48290075
:10355000C9B250F82110684600F0CCFA00212800CA
:10356000C0B2FFF7ABFE00212800C0B2FFF718FE83
:1035700028B0BDEC028BBDE8F0810000C0AC0810A3
:1035800000000440A4070228341702283C17022830
:1035900000003140000231400005314080083140D8
:1035A0008006314000073140000131408001314048
:1035B00070A9081000B4C404D0110228880702289A
:1035C0000CB430B583B00A4606A902910446002522
:1035D0000194009502AB01A9084878441E30FCF71D
:1035E00052FD019A157000284EBF04460198041B35
:1035F000204603B030BC5DF80CFB00BFC7D9FFFF0D
:1036000082688918816003E082684169521A826089
:10361000816842699142F7D27047C2688918C160D7
:1036200003E0C2684169521AC260C16842699142AE
:10363000F7D2704770B50400002C01D0012000E0E3
:1036400000205422DFF8FC13C0B2FFF76DF800250C
:10365000207850F0010020700020A0600020E06081
:10366000606920616078002803D0022810D007D359
:1036700015E06169002266683000FFF7E7F80EE0A8
:1036800061694900002266683000FFF7DFF806E054
:1036900061698900002266683000FFF7D7F80020D2
:1036A00020702800C0B270BD10B50400002C01D0FD
:1036B000012000E000207022DFF88813C0B2FFF77D
:1036C00033F860692169401A10BD2DE9F8430500FF
:1036D0001600002D01D0012000E000200C00AA22DD
:1036E000DFF86013C0B2FFF71FF800270020002C9E
:1036F00001D10327B5E0287810F0050F01D0042789
:10370000AFE0287850F0040028702869B042C0F07B
:10371000A380D5F81480A868B8EB0008B04567D23C
:103720006878002803D0022841D01FD390E0424699
:1037300021006868AB6800EB03094846FDF7AEFC62
:1037400041462800FFF75CFFB6EB080204EB0801D6
:103750006868AB6800EB03042000FDF79FFCB6EB44
:10376000080841462800FFF74BFF71E05FEA480276
:1037700021006868AB6800EB43094846FDF78EFC02
:1037800041462800FFF73CFFB6EB0802520004EB6D
:1037900048016868AB6800EB43042000FDF77EFC3D
:1037A000B6EB080841462800FFF72AFF50E05FEA21
:1037B000880221006868AB6800EB83094846FDF782
:1037C0006DFC41462800FFF71BFFB6EB0802920094
:1037D00004EB88016868AB6800EB83042000FDF708
:1037E0005DFCB6EB080841462800FFF709FF2FE013
:1037F0006878002803D002281DD00ED328E03200BC
:1038000021006868AB6800EB03042000FDF746FC6C
:1038100031002800FFF7F4FE1AE07200210068680A
:10382000AB6800EB43042000FDF738FC31002800B2
:10383000FFF7E6FE0CE0B20021006868AB6800EB21
:1038400083042000FDF72AFC31002800FFF7D8FE92
:103850002869861B2E6100E00527287810F0FB0000
:1038600028703800C0B2BDE8F2832DE9F0470500AA
:103870000E001F00002D01D0012000E000201400E8
:10388000DFF8C08140F25B124146C0B2FEF74CFF48
:10389000002C01D0012000E000204FF4AE72414620
:1038A000C0B2FEF741FF5FF0000800200020002EAC
:1038B00002D15FF003088BE0297811F0030F03D0E9
:1038C00020605FF006089CE02800FFF7EDFE21680D
:1038D000884209D220605FF00708002804D12878C8
:1038E00010F0F70028708CE0287850F0080028705D
:1038F000D5F81490E868B9EB00092068814522D317
:103900006878002803D0022813D008D35CE022682E
:103910006868E96801443000FDF7C0FB54E02268A4
:1039200052006868E96800EB41013000FDF7B6FB22
:103930004AE0226892006868E96800EB8101300083
:10394000FDF7ACFB40E06878002803D0022827D0C0
:1039500011D339E04A466868E9680144B2465046E6
:10396000FDF79CFB2268B2EB090269684E44300007
:10397000FDF794FB28E05FEA49026868E96800EB1C
:103980004101B2465046FDF789FB2268B2EB0902BD
:103990005200696806EB49063000FDF77FFB13E033
:1039A0005FEA89026868E96800EB8101B246504627
:1039B000FDF774FB2268B2EB09029200696806EB1E
:1039C00089063000FDF76AFB287810F0F7002870B0
:1039D000FFB2002F15D128780B2802D15FF0020822
:1039E0000FE0287850F00200287021682800FFF7C7
:1039F00014FE2969206841182961287810F0FD001B
:103A000028704046C0B2BDE8F087F8B504000E004B
:103A100017001D00002C01D0012000E000204FF411
:103A200007720849C0B2FEF77FFE002067600021E0
:103A3000217066700021A1600021E160256165614F
:103A4000C0B2F2BD88A60810010009B2002908D44E
:103A5000012210F01F018A401B4900B2400941F8C1
:103A600020207047010009B2002908D4012210F07B
:103A70001F018A40154900B2400941F820207047D3
:103A8000020012B2002A04D44901114A00B21154B2
:103A900007E049010F4A00B210F00F00104400F88F
:103AA000041C7047002800D162B60B480168491C0D
:103AB0000160704772B608490868002802D008689B
:103AC000401E08600868704700E100E080E200E006
:103AD00000E400E018ED00E01818022880B5FFF7B8
:103AE000E9FFFEF755FB01BD80B5C9B200B2FFF793
:103AF000C7FF01BD70B504000D001600200000F0E6
:103B0000A3F92900B4F9000000F0DDF93100C9B2D1
:103B1000B4F90200FFF7E8FFB4F90200FFF7A2FFD3
:103B2000B4F90200FFF790FF70BD0000002200F022
:103B3000E1B900002DE9F44FDFF8D822DFF8D832E0
:103B40001B68DFF8D8422468DFF8D4522D68DFF80C
:103B5000D4623668DFF8D0723F68DFF8D0C2DCF894
:103B600000C0DFF8CCE2DEF800E0DFF8C882D8F869
:103B70000080DFF8C492D9F80090DFF8C0A2DAF82C
:103B800000A0002800F01581002900F012810A68C9
:103B9000022A06D191F82620002A02D15FF0000BFC
:103BA00003E0D1F804B0BBF1010B91F82420002A06
:103BB00001D0012200E0002262F3104333F44043BD
:103BC0006BF30303022262F3196303600A7812F0B5
:103BD000030262F31964046491F82520002A01D0DD
:103BE000012200E0002262F38615CA7E002A01D07D
:103BF000012200E0002262F38A254A7E002A01D0D9
:103C0000012200E0002262F308258A7E002A01D00A
:103C1000012200E0002262F349258A6B521E12F055
:103C20000F0262F313450A69521E12F00702ED08F3
:103C3000ED0015434A6962F304154A69520862F3BC
:103C4000451585640A7B002A01D0012200E000228C
:103C500062F308260A7E002A01D0012200E0002239
:103C600062F349268A68521E12F01F027609760115
:103C70001643C0F800630A7F02F0FF023F0A3F02CA
:103C8000174391F8202002F0FF0262F31747C0F8B3
:103C9000107391F82720002A01D0012200E00022B1
:103CA00062F3082C0A69521E12F007025FEADC0C6C
:103CB0005FEACC0C52EA0C0C4A6962F3041C4A69B4
:103CC000520862F3451CC0F844C00A7B002A01D0A8
:103CD000012200E0002262F3082E8A68521E12F0D0
:103CE0001F025FEA5E1E5FEA4E1E52EA0E0E0A686F
:103CF000012A01D1012200E0002262F3104EC0F837
:103D000000E291F83C2002F0FF025FEA18285FEA27
:103D1000082852EA0808C0F8048391F82820002AED
:103D200001D0012200E0002262F35969CA6A012A27
:103D300001D1012200E0002262F318694A6B012AD6
:103D400001D1012300E00023009A63F3104991F8A8
:103D5000303003F0FF035FEA19295FEA092953EACB
:103D60000909C0F8509091F8443003F0FF035FEA6E
:103D70001A2A5FEA0A2A53EA0A0AC0F804A28B6CDC
:103D8000C0F8883F096CC0F8C81F002A10D0002076
:103D9000506000201060002090600020D060002063
:103DA00010620020D06200201063DFF8940050639E
:103DB00000221000BDE8F28FDFF8881001605FF488
:103DC000401101640021816440F20711C0F8001322
:103DD0000022C0F804230022C0F81023002242640D
:103DE000C0F800120021C0F8041200210165002172
:103DF000C0F8C81E0021C0F8881E0021C0F8C81FE6
:103E00000021C0F8881F0021C0F8081F0021C0F859
:103E1000481F70470160AA00FCAC081000AD0810F4
:103E200004AD081008AD08100CAD081010AD081056
:103E300014AD081018AD08101CAD081020AD081006
:103E4000EFCDAB000F00000330B40021234A13680C
:103E5000234A1468002832D0224A1568C5F3032586
:103E60000E2D0FD01268C2F303220D2A28D18278BA
:103E700012F00F022409240114430279002A15D0FC
:103E8000012214E0827812F00F021B091B01134378
:103E90000279002A01D0012200E0002262F3DF73E0
:103EA000114AB0F9000042F8203009E0002262F324
:103EB000DF740E4AB0F9000042F8204000E00649E5
:103EC000080030BC70470A4B1A68002A03D01A68F1
:103ED00000B242F820107047010056002CAD0810C7
:103EE00030AD08100000204000A0204000C020405D
:103EF0000407022800B500BF130096469446103907
:103F000028BFA0E80C50FAD85FEA417C28BF0CC05B
:103F100048BF40F8042BC90728BF20F8022B48BF30
:103F200000F8012B00BD0000D0F80803C005C00D4B
:103F3000704710F541710A6852F480320A6010F53A
:103F400041710A6832F480320A60D0F80403704785
:103F5000C0F840127047D0F80802C005C00D704785
:103F6000D0F80802C0F3C030704738B5050028000B
:103F7000FFF7F1FF04002800FFF7F2FF0419002CFF
:103F800001D1012000E00020C0B232BD0068C0F3C2
:103F90008130002801D1802000E040207047016876
:103FA00051F00041016070472030026861F39B626C
:103FB0000260704780B5FFF7B7FF02BD80B5FFF71D
:103FC000B8FF01BD022801D3012010E00B00DBB2D5
:103FD000042B01DB01200AE0DFF8283703EB800027
:103FE000C9B2405C824201D3012000E0002070474A
:103FF000F8B504000F0015001E00022C01D30120AB
:104000002AE02A003900C9B22000FFF7DBFF0128AF
:1040100001D1012020E006983900C9B202291ED141
:10402000B6F5803F19D2202817D24FF4C052DFF8DE
:10403000D81663030B4403EB850313441F6866F330
:1040400017271F606403214401EB850111440A68AE
:1040500060F3C7020A600020F2BD0120FCE7FFB256
:10406000032F1FD1B6F1807F1AD2202818D24FF427
:10407000E052DFF8941663030B4403EB850313440B
:104080001F6807F0FF0757EA06271F6064032144F3
:1040900001EB850111440A6860F3C7020A60DAE7A0
:1040A0000120D9E70120D7E700B20012C0B2704763
:1040B000F8B505000E001700280000B2FFF7F4FF66
:1040C00004002000C0B2022801D3012024E03A00FD
:1040D0003100C9B22000C0B2FFF774FF012801D13E
:1040E000012019E0DFF820162000C0B24003084488
:1040F0002A00D2B200EB8200D0F8000CF6B266F3D0
:10410000092067F30700E4B264032144EDB201EB38
:104110008501C1F8000C0020F2BD70B504000D004F
:104120001600022C01D301201DE032002900C9B283
:104130002000FFF747FF012801D1012013E0DFF83D
:10414000C8156003085850F0004050F0407050F41B
:104150007F00EDB265F3092066F307006203885023
:1041600064030859002070BD0100C020C9B20029B5
:1041700005D0022907D004D3032906D006E0122077
:1041800004E0622002E07A2000E01A20C0B270470A
:104190000100C020C9B2002905D0022907D004D3EC
:1041A000032906D006E0112004E0612002E0792016
:1041B00000E01920C0B270470100C020C9B2002938
:1041C00005D0022907D004D3032906D006E0102029
:1041D00004E0602002E0782000E01820C0B27047C0
:1041E0000100C020C9B200290BD002290DD00AD38A
:1041F00004290ED00BD306290FD00CD307290ED0DB
:104200000EE013200CE014200AE0632008E0642094
:1042100006E07B2004E0292002E01B2000E01C20B7
:10422000C0B2704701000020C9B2002905D00229A0
:1042300007D004D3032906D006E0132004E013209E
:1042400002E0132000E01320C0B2704701000020FC
:10425000C9B2002905D0022907D004D3032906D00A
:1042600006E0132004E0132002E0132000E01320F6
:10427000C0B2704701000020C9B2002905D0022950
:1042800007D004D3032906D006E0132004E013204E
:1042900002E0132000E01320C0B2704701000020AC
:1042A000C9B200290BD002290DD00AD304290ED09F
:1042B0000BD306290FD00CD307290ED00EE0132004
:1042C0000CE013200AE0132008E0132006E013207E
:1042D00004E0132002E0132000E01320C0B2704776
:1042E000C9B2082902D0102946D096E0DFF8081696
:1042F0000200D2B251F82220126832F44042030088
:10430000DBB251F823301A600200D2B251F82220F9
:10431000D2F80022520952010300DBB251F82330D7
:10432000C3F800220200D2B251F82220D2F80022B3
:1043300052F007020300DBB251F82330C3F8002229
:104340000200D2B251F82220D2F8002352095201C1
:104350000300DBB251F82330C3F800230200D2B2CD
:1043600051F82220D2F8002352F00702C0B251F8CF
:104370002000C0F8002350E0DFF87C150200D2B224
:1043800051F82220126832F440420300DBB251F8A7
:1043900023301A600200D2B251F82220126852F47F
:1043A00080420300DBB251F823301A600200D2B21F
:1043B00051F82220D2F80022520952010300DBB248
:1043C00051F82330C3F800220200D2B251F8222063
:1043D000D2F8002252F00F020300DBB251F8233072
:1043E000C3F800220200D2B251F82220D2F80023F2
:1043F000520952010300DBB251F82330C3F8002305
:104400000200D2B251F82220D2F8002352F00F025B
:10441000C0B251F82000C0F800237047F8B504007E
:104420000E0008212000C0B2FFF75AFFDFF8CC547D
:104430002000C0B2285C08280FD02000C0B2285C41
:10444000C010DFF8BC1411EBC01101202200D2B261
:10445000AA5C12F0070290400860DFF89C74F6B284
:1044600031002000C0B257F82000FFF771FD200096
:10447000C0B257F82000FFF789FD06002000C0B247
:1044800057F82000FFF767FD8642F0D02000C0B249
:1044900057F82000FFF769FD0028F7D02000C0B2D0
:1044A000285C08280ED02000C0B2285CC010DFF8BD
:1044B000541411EBC0110120E4B22A5D12F007027E
:1044C00090400860F1BDF8B504000E0010212000F6
:1044D000C0B2FFF705FFDFF824542000C0B2285C0B
:1044E00008280FD02000C0B2285CC010DFF81014DC
:1044F00011EBC01101202200D2B2AA5C12F0070217
:1045000090400860DFF8F073B6B231002000C0B20E
:1045100057F82000FFF71CFD2000C0B257F820001C
:10452000FFF734FD06002000C0B257F82000FFF767
:1045300012FD8642F0D02000C0B257F82000FFF7ED
:1045400014FD0028F7D02000C0B2285C08280ED047
:104550002000C0B2285CC010DFF8A81311EBC01116
:104560000120E4B22A5D12F0070290400860F1BD1C
:104570002DE9F84307000D00140010213800C0B2E7
:10458000FFF7AEFEDFF874633800C0B2305C082875
:104590000FD03800C0B2305CC010DFF8641311EBEC
:1045A000C01101203A00D2B2B25C12F00702904072
:1045B0000860DFF8448329883800C0B258F820002A
:1045C000FFF7C6FCAD1C3800C0B258F82000FFF75A
:1045D000DDFC81463800C0B258F82000FFF7BBFC74
:1045E0008145F0D0641E002CE3D13800C0B258F8E9
:1045F0002000FFF7BAFC0028F7D03800C0B2305CCA
:1046000008280ED03800C0B2305CC010DFF8F412B9
:1046100011EBC0110120FFB2F25D12F007029040D1
:104620000860BDE8F1832DE9F04104000F00160099
:1046300008212000C0B2FFF753FEDFF8C05220006F
:10464000C0B2285C08280FD02000C0B2285CC0107F
:10465000DFF8AC1211EBC01101202200D2B2AA5C2B
:1046600012F0070290400860DFF88C82FFB2390038
:104670002000C0B258F82000FFF76AFC2000C0B24A
:1046800058F82000FFF782FC07002000C0B258F85D
:104690002000FFF760FC8742F0D0F6B23100200026
:1046A000C0B258F82000FFF753FC2000C0B258F801
:1046B0002000FFF76BFC06002000C0B258F8200075
:1046C000FFF749FC8642F0D02000C0B258F8200025
:1046D000FFF74BFC0028F7D02000C0B2285C082868
:1046E0000ED02000C0B2285CC010DFF8181211EB09
:1046F000C0110120E4B22A5D12F007029040086068
:10470000BDE8F081C0AC081000000440F8B504001A
:104710000D00002008212000C0B2FFF7E1FD774E18
:104720002000C0B2305C08280ED02000C0B2305C3F
:10473000C010734911EBC01101202200D2B2B25C4B
:1047400012F00702904008606B4F2000C0B257F88B
:104750002000FFF72FFC002805D02000C0B257F83A
:104760002000FFF72BFCEDB229002000C0B257F863
:104770002000FFF7EDFB2000C0B257F82000FFF744
:1047800019FC0028F7D02000C0B257F82000FFF72E
:1047900015FC00212000C0B257F82000FFF7D8FB1D
:1047A0002000C0B257F82000FFF7DFFB0028F7D049
:1047B0002000C0B257F82000FFF7FCFB0028F7D01C
:1047C0002000C0B257F82000D0F840032100C9B241
:1047D000715C08290DD02100C9B2715CC910494A29
:1047E00012EBC1120121E4B2335D13F007039940CB
:1047F0001160C0B2F2BD2DE9F84380460D001600ED
:104800001C0008214046C0B2FFF76AFD3B4F4046FE
:10481000C0B2385C08280ED04046C0B2385CC01028
:10482000374911EBC01101204246D2B2BA5C12F0F6
:10483000070290400860DFF8C0904046C0B259F8C7
:104840002000FFF7B7FB002805D04046C0B259F85A
:104850002000FFF7B3FBEDB229004046C0B259F883
:104860002000FFF775FB4046C0B259F82000FFF763
:10487000A1FB0028F7D04046C0B259F82000FFF74E
:104880009DFB00214046C0B259F82000FFF760FBB5
:104890004046C0B259F82000FFF767FB0028F7D068
:1048A0004046C0B259F82000FFF784FB0028F7D03B
:1048B0004046C0B259F82000D0F840033070761C52
:1048C000641E002CDDD14046C0B2385C08280FD0F1
:1048D0004046C0B2385CC0100A4911EBC01101203B
:1048E0005FFA88F817F8082012F007029040086075
:1048F000BDE8F18300000000780702282418022890
:1049000004003140080031402DE9F84F2DED028BB5
:104910009EB006000F009946042080B202FB00F210
:10492000A848B0FBF2F8A74802FB180000EE100AF6
:10493000B8EE400B01EE102AB8EE411B80EE010BE1
:10494000BFEEED0B10EE100B08EE100A3421002222
:1049500001AC2000FDF77AFF3C2100220EAC2000C4
:10496000FDF774FF30004946C0B2C9B2884201D198
:10497000012000E000202A9DDFF84CA24FF4707265
:104980005146C0B2FDF7D0FE48462900C0B2C9B2B8
:10499000884201D1012000E000202B9C40F2C1326E
:1049A0005146C0B2FDF7C0FE062002902800C0B2FA
:1049B000FFF74CFC8DF80C002800C0B2FFF7E8FBB5
:1049C00082465FF0080B2800C0B2FFF7E1FB7F4D85
:1049D00001AA9AFBFBF10BFB11AA5146C0B2C01011
:1049E000C0012844FDF7F1FF062002904846C0B2FE
:1049F000FFF718FC8DF80C004846C0B2FFF7B4FB77
:104A000082465FF0080B4846C0B2FFF7ADFB01AA33
:104A10009AFBFBF10BFB11AA5146C0B2C010C001BA
:104A20002844FDF7D2FF2000C0B204281ED0082081
:104A300002902000C0B2FFF71DFC8DF80C00200092
:104A4000C0B2FFF7B9FB81465FF0080A2000C0B290
:104A5000FFF7B2FB01AA99FBFAF10AFB119949464B
:104A6000C0B2C010C0012844FDF7AFFF2C9C20004D
:104A7000C0B208281ED0062002902000C0B2FFF766
:104A80000DFC8DF80C002000C0B2FFF7A9FB814699
:104A90005FF0080A2000C0B2FFF7A2FB01AA99FB51
:104AA000FAF10AFB11994946C0B2C010C00128446E
:104AB000FDF78BFF3000C0B2032803D23000C0B234
:104AC000401C00E000203200D2B2D21D032110F5BC
:104AD0008F7000B2FFF7ECFA3000C0B2032803D2A7
:104AE0003000C0B2401C00E0002010F58F7000B212
:104AF000FFF7DAFA8DED008AB8F10108434632007B
:104B0000D2B2D21D0321C0B2FFF772FA3000C0B298
:104B1000032803D23000C0B2401C00E0002010F592
:104B20008F7000B2FFF7C0FA3200D2B2D21D03215B
:104B3000C0B2FFF7F2FAFFB2002F05D0022F09D062
:104B400005D3032F09D00AE00020109007E00120D0
:104B5000109004E00220109001E00320109001204A
:104B60000E9000200F900420119008201290082031
:104B7000139001208DF8500001208DF85300104D46
:104B800000220EA93000C0B255F8200000F020F835
:104B900000213000C0B255F82000FFF705FA3000C0
:104BA000C0B255F82000FFF7FAF90448F6B2845570
:104BB0001EB0BDEC028BBDE8F18F00002418022866
:104BC0007807022800B4C404F4A80810000031409B
:104BD0002DE9F041DFF8D0311C00DFF8D051D5F8D5
:104BE00000C0DFF8CC512D68DFF8C8613668DFF807
:104BF000C8713F685FF0000E5FF0000E002800F003
:104C0000D080002900F0CD804C68002C01D18C6848
:104C100005E04C68022C01D1002400E00224D1F808
:104C200010E0D1F81480C64502D3D1F810E001E0BD
:104C3000D1F814E0BEF1090F08D23CF4404C91F8D1
:104C40002130002B12D05CF4807C11E0BEF1110FFA
:104C500003D2012363F38F3CF1E7BEF1210F03D2AE
:104C6000022363F38F3CEAE718009BE03CF4807C6E
:104C7000CB685B1E13F00F035FEA1C1C5FEA0C1C81
:104C800053EA0C0C012363F3196CC0F800C00B7FCE
:104C9000002B01D0002300E0012363F300054B68E3
:104CA0001B0963F34105CB7E63F304154B7E63F36D
:104CB00045150B68012B01D1012300E0002363F3AC
:104CC000DF7523005B0863F3820564F3C3054B7F44
:104CD00063F308258B7F63F34925CB7F63F38A2534
:104CE00091F8203063F3CB250B7913F0030363F3C2
:104CF000196505620B7E63F308278B7E63F34927F2
:104D00000B695B1E13F01F037F097F011F43C0F86F
:104D1000007391F8243003F0FF0310F54174256807
:104D20002D0A2D022B4323600B7E63F308264B696B
:104D30005B1E13F01F03760976011E43C0F8006264
:104D400091F82C3003F0FF0310F5017425682D0A4B
:104D50002D022B4323600B6BC0F8883F8B6AC0F891
:104D6000C83F91F8383010F57064256863F3492521
:104D7000256091F8391010F574631C6861F3CB2439
:104D80001C600021C0F8C81E002A09D00020106055
:104D9000002090610020D0600020D06107481062A0
:104DA00000242000BDE8F0810140AA00ECAC08100E
:104DB000F0AC0810F4AC0810F8AC0810EFCDAB0064
:104DC000DFF82C16C0B20860704710B50100DFF89C
:104DD0001006007800280CD10820DFF808261060A3
:104DE000C9B20120FFF71AFB0820DFF80816086097
:104DF00019E0DFF8F405082202601022DFF8E4353C
:104E00001A60DFF8E84504222260022202600800EE
:104E1000C0B2FFF7D5FF02202060082020601020DC
:104E2000DFF8D015086010BD10B50100DFF8B0053F
:104E30000078002804D1C9B20120FFF7EFFA11E091
:104E4000DFF8A40508220260DFF8A04504222260F2
:104E5000022202600800C0B2FFF7B2FF0220206009
:104E60000820206010BD70B50400DFF874050078DC
:104E7000002805D1210089B20120FFF724FB1BE0A7
:104E8000DFF8646508203060DFF860550420286092
:104E900002203060200080B2000AC0B2FFF790FF0D
:104EA00002202860022030602000C0B2FFF788FF97
:104EB000022028600820286070BDF8B504000D00AD
:104EC000DFF81C050078002805D12A002100012008
:104ED000FFF74EFB21E0DFF8106508203060DFF8B7
:104EE0000C750420386012E002203060208880B207
:104EF000000AC0B2FFF764FF022038600220306071
:104F00002088C0B2FFF75CFF02203860A41C280094
:104F1000451E0028E8D108203860F1BD2DE9F04792
:104F2000060015001F00DFF8D0843000B8F800201C
:104F300080B2904201D2012000E000200C00DFF896
:104F4000BC9440F249124946C0B2FDF7EDFBDFF8D0
:104F5000B0A42000BAF8001080B2884201D201202B
:104F600000E000204FF4A5724946C0B2FDF7DCFB1B
:104F70002800B8F8001080B2884201D2012000E079
:104F8000002040F24B124946C0B2FDF7CDFB38007D
:104F9000BAF8001080B2884201D2012000E000205F
:104FA0004FF4A6724946C0B2FDF7BEFB2A20FFF7B8
:104FB0000CFF300080B2FFF756FF280080B2FFF7E9
:104FC00052FF2B20FFF701FF200080B2FFF74BFFBD
:104FD000380080B2FFF747FF2C20FFF7F6FEBDE850
:104FE000F08700B585B06846FDF7CCFB0120ADF831
:104FF0000000DFF804040088ADF80200DFF80004C8
:105000000088ADF80400DFF800040078002803D021
:1050100002280FD007D30DE006208DF806000820E7
:105020008DF8070006E008208DF8060010208DF8A6
:105030000700FFE70FF2FD2003900FF2110004902C
:105040006846FDF7AFFB05B000BD00002DE9F0415B
:10505000DFF8A4532888400000F0A0FB04000020E3
:105060000020DFF87C633078002803D10820DFF8C7
:1050700078130860DFF888733888431E9BB228884D
:10508000421E92B200210020FFF748FF002007E0F7
:10509000DFF870130988020092B224F81210401C45
:1050A00001002A8889B29142F2D35FF0000805E03E
:1050B00029882000FFF701FF18F1010840463988D0
:1050C00080B28842F4D33078002803D10820DFF87A
:1050D0001C130860200000F06AFBBDE8F081DFF8D7
:1050E0002C13087008780028012803D9801E012895
:1050F0000AD912E0F020DFF8001308804FF4A07006
:10510000DFF8FC12088008E04FF4A070DFF8E81226
:105110000880F020DFF8E81208807047DFF8F022FE
:105120001080DFF8E00201807047F8B5D8B00500C4
:105130000E0014002800DFF8C012098880B28842EF
:1051400001D2012000E00020DFF8B07240F25D22C1
:105150003900C0B2FDF7E8FA3000DFF8A412098880
:1051600080B2884201D2012000E0002040F25E229D
:105170003900C0B2FDF7D8FA00200020DFF86072D5
:105180003878002803D10820DFF85C120860DFF8C7
:1051900078020078002804D0022800F0C18047D3AC
:1051A000BEE0F31D9BB26A1D92B2310089B22800A5
:1051B00080B2FFF7B3FE002000E0401C0100C9B23E
:1051C000062930DA0621DFF84C222300DBB24B43FC
:1051D0001A440300DBB21A4412F8C02C00230CE07E
:1051E00040AD1E00F6B24E4356FA80F6DFF814C208
:1051F000BCF800C025F816C011E01D00EDB2082D66
:10520000DBDAD507ECD540AD1E00F6B24E4356FAB8
:1052100080F6DFF8FCC1BCF800C025F816C0D2B299
:1052200052085B1CE9E7302140A8FFF746FE77E013
:1052300016F10F039BB2EA1D92B2310089B2280029
:1052400080B2FFF76BFE002000E0401C0100C9B2F5
:10525000082960DADFF8C0212100C9B20901114430
:105260000300DBB21944B1F5007109782300DBB209
:105270001B011A440300DBB21A44B2F5FC72127827
:1052800000231DE06D461E00F6B2F60056FA80F6C9
:10529000DFF870C1BCF800C025F816C00DE0CD07DE
:1052A000F0D56D461E00F6B2F60056FA80F6DFF82D
:1052B00060C1BCF800C025F816C0C9B249085B1C23
:1052C0001D00EDB2082DEADB00210DE06B460D005C
:1052D000EDB2ED0055FA80F503EB4503DFF82451FC
:1052E0002D88A3F8805012E00B00DBB2082BACDA5B
:1052F000D307EBD56B460D00EDB2ED0055FA80F506
:1053000003EB4503DFF808512D88A3F88050D2B293
:105310005208491CE8E780216846FFF7CEFDFFE709
:105320003878002802D108203049086059B0F0BD13
:1053300000000000F8B504000E0015002000DFF8A2
:10534000B810098880B2884201D2012000E0002014
:10535000DFF8A87040F2BA223900C0B2FDF7E4F9D4
:105360003000DFF89C10098880B2884201D2012009
:1053700000E0002040F2BB223900C0B2FDF7D4F9B2
:1053800000270EE00CE0380080B22A5C310089B2C0
:10539000380080B2C00010FA84F080B2FFF7C5FE7A
:1053A0007F1C380080B2285C002817D0DFF86C0022
:1053B0000078002803D00228E4D0E4D3F0E73800D6
:1053C00080B22A5C310089B23B009BB20620434385
:1053D00013FA84F080B2FFF7A8FEE1E7F1BD000008
:1053E0004D180228040B31400406314008063140B4
:1053F00080063140080B3140C007022804A708107E
:10540000C2070228C6070228CB0702284E18022826
:10541000C4070228709308102C750810CB070228C7
:10542000FEB5C0B2002830D10020D0490870D44C5D
:10543000B4202070D34D58202870D34E6320307094
:105440000820029004200190012000900123CF4AFF
:1054500000210120FFF758FA032300220121B32085
:1054600000F0EAF9032300220121207800F0E4F99A
:10547000032301220121307800F0DEF90323012209
:105480000121287800F0D8F95FE00120B7490870C1
:10549000BB48B3210170BB4C58212170BA4D632128
:1054A0002970032300220121007800F0C5F90323AD
:1054B00000220121207800F0BFF9032301220121FD
:1054C000287800F0B9F9032300220121622000F0BE
:1054D000B3F9032300220121612000F0ADF9032379
:1054E00001220121B42000F0A7F9032301220121A8
:1054F000682000F0A1F9032301220121692000F0B6
:105500009BF90323012201216A2000F095F903236E
:10551000012201216B2000F08FF9032301220121D8
:105520006C2000F089F90323012201216D2000F095
:1055300083F90323012201216E2000F07DF903236A
:10554000012201216F2000F077F9914C2078FFF7BC
:10555000C6FD8948018889480088FFF7DFFD8D4D29
:1055600001268848017811F0070116FA01F1007848
:10557000C01015EBC0100160814F387810F00700A3
:1055800016FA00F03978C910834A12EBC112106084
:10559000052000F049FA387810F007008640387886
:1055A000C01015EBC0152E60782000F03DFA6F4D4D
:1055B0002878002802D108206D4908601120FFF7E3
:1055C00004FC782000F030FA3620FFF7FEFB20784C
:1055D000002805D002280BD006D303280CD00EE0FB
:1055E0000020FFF721FC0AE0C020FFF71DFC06E0C9
:1055F0007020FFF719FC02E0A020FFF715FC3A200D
:10560000FFF7E3FB0520FFF70FFCB220FFF7DDFB00
:105610000C20FFF709FC0C20FFF706FC0020FFF729
:1056200003FC3320FFF700FC3320FFF7FDFBB7201E
:10563000FFF7CBFB3520FFF7F7FBBB20FFF7C5FBE0
:105640002920FFF7F1FBC220FFF7BFFB0120FFF786
:10565000EBFBC320FFF7B9FB1920FFF7E5FBC420E4
:10566000FFF7B3FB2020FFF7DFFBC520FFF7ADFB03
:105670001A20FFF7D9FBC620FFF7A7FB1F20FFF773
:10568000D3FBD020FFF7A1FBA420FFF7CDFBA12087
:10569000FFF7CAFBE020FFF798FBD020FFF7C4FB21
:1056A0000820FFF7C1FB0E20FFF7BEFB0920FFF724
:1056B000BBFB0920FFF7B8FB0520FFF7B5FB312046
:1056C000FFF7B2FB3320FFF7AFFB4820FFF7ACFB3F
:1056D0001720FFF7A9FB1420FFF7A6FB1520FFF703
:1056E000A3FB3120FFF7A0FB3420FFF79DFBE12057
:1056F000FFF76BFBD020FFF797FB0820FFF794FB29
:105700000E20FFF791FB0920FFF78EFB0920FFF722
:105710008BFB1520FFF788FB3120FFF785FB33203B
:10572000FFF782FB4820FFF77FFB1720FFF77CFB8A
:105730001420FFF779FB1520FFF776FB3120FFF7E8
:1057400073FB3420FFF770FB2120FFF73EFB29207D
:10575000FFF73BFB2878002802D1082005490860A4
:10576000FFF774FCFFF73DFCF7BD00004D18022861
:105770000406314008063140C6070228C407022843
:10578000CC070228CD070228CE07022880C3C90112
:105790004E180228080031400400314010B500F0D6
:1057A000D3F9040008BFFBF70BFF204610BD00F043
:1057B00069BA00000069C84010F00100704701227A
:1057C00012FA01F181607047012212FA01F1416081
:1057D000704780B5C9B200290ED00100C9B20822B5
:1057E00091FBF2F302FB1311354AC0B2C010C001A5
:1057F0001044FFF7E4FF0DE00100C9B2082291FB5D
:10580000F2F302FB13112E4AC0B2C010C0011044C3
:10581000FFF7DAFF01BD80B50100C9B2082291FB94
:10582000F2F302FB1311264AC0B2C010C0011044AB
:10583000FFF7C0FFC0B202BD2DE9F8418DB00400F2
:105840000E0015001F0034210022E8464046FCF7F8
:10585000FDFFF6B2002E0ED1FFB2002F02D0022FB4
:1058600003D005E00F2001900DE0082001900AE030
:105870000820019007E0FFB2042F02D10F20019011
:1058800001E00E2001902000C0B2C0280FD02100FE
:10589000C9B208206A4691FBF0F300FB13110848D7
:1058A0002300DBB2DB10DB011844FDF78EF8290082
:1058B000C9B22000C0B2FFF78CFF0EB0BDE8F08186
:1058C00000003140022801D301200FE00B00DBB2C1
:1058D000042B01DB012009E0954B03EB8000C9B2EA
:1058E000405C824201D3012000E000207047F8B5FF
:1058F00006000F0015001C00022E01D301201CE041
:105900002A003900C9B23000FFF7DCFF012801D1BD
:10591000012012E03800C0B2002811D1B4F5807F18
:105920000CD284487603304400EB850010F580509B
:10593000016864F30F2101600020F2BD0120FCE743
:10594000FFB2012F10D1B4F5803F0BD27948760316
:10595000304400EB850010F5A050016864F3172176
:105960000160E9E70120E8E70120E6E700B2001264
:10597000C0B27047F8B505000E001700280000B24D
:10598000FFF7F4FF04002000C0B2022801D3012079
:1059900023E03A003100C9B22000C0B2FFF792FF05
:1059A000012801D1012018E062492000C0B2400363
:1059B00008442A00D2B200EB8200D0F8000CF6B204
:1059C00066F3092067F30700E4B264032144EDB2F3
:1059D00001EB8501C1F8000C0020F2BD70B5040098
:1059E0000D001600022C01D301201CE0320029001A
:1059F000C9B22000FFF766FF012801D1012012E0A3
:105A00004C496003085850F0004050F0407050F48A
:105A10007F00EDB265F3092066F30700620388504A
:105A200064030859002070BDF8B504004FF4FA5023
:105A30004443414D414E00212878C001304400F0DC
:105A4000E8F914E02878C001304400F0E4F9B842E5
:105A5000F8D33B4F3C192878C001304400F0DBF903
:105A60003F1839002878C001304400F0D2F94CF2D8
:105A70005137BC42E6D22878C001304400F0CBF95F
:105A80008442F8D2F1BD38B594B0502100226C4662
:105A90002000FCF7DBFE2B4C00220121B4F90000B2
:105AA000FFF768FFB4F90000FFF760FF0923002249
:105AB0000121C0B2FFF71BFFB4F90000FFF756FF4A
:105AC00000220121C0B2FFF789FF5FF0FF30009094
:105AD00000208DF8040000208DF8050000208DF8CE
:105AE000060000208DF8080003208DF844000120F6
:105AF000129001208DF807000F4C104D6946207858
:105B0000C001284400F0C0F82078C001284400F00B
:105B10007BF900212078C001284400F07AF9207830
:105B2000C0012844FDF795F815B030BD0000000015
:105B3000C0AC081000000440CF0702280000594004
:105B4000B03CFFFFC807022810B50446AFF3008041
:105B5000204600F005F80446AFF30080204610BD53
:105B6000F8B500F10F04E408E400A0422BD2082CA1
:105B700004D2082402E0083000F047F8DFF80021E2
:105B80001368190005D1002007E00568A5420DD271
:105B9000011D08680028F8D11868111D00E0191DC2
:105BA0000B6883420BD01D68A542F8D359B10B682E
:105BB00018680838A04208D2586808600FE000F062
:105BC0003BF90028D7D10020F2BD181908601D1D2F
:105BD000586828511E680F68361B3E601C600968B3
:105BE00000291DBF48680028081D0020106003F12F
:105BF0000800F2BD10B5040006D0AFF300802046C7
:105C000000F003F8AFF3008010BD002800D170470A
:105C100070B4A0F108021368072B2ED913F0070FF8
:105C20002BD1DFF85C40616809B18A4203D2516030
:105C3000626015E00146486808B19042FAD30868EE
:105C40000E18B24219D3964203D11B180B600A46B4
:105C500006E0486810B1134498420ED350604A6081
:105C6000506850B11368D518854206D100262660C9
:105C70000168CB1813604068506070BC704700002A
:105C800044170228FFF7B6BF10B4012291F84C3038
:105C9000052B03D291F84D30052B01D31000A7E05E
:105CA000002800F0A480002900F0A180514A126869
:105CB0004B7963F392428B7913F0030363F3114240
:105CC0000B7A13F0070363F31A62CB7963F39E72C6
:105CD0000B7D63F3000291F8243063F3410202600C
:105CE0000A7910F130031C6862F307041C604A79DA
:105CF000012A0BD18A79002A02D10022826007E0B2
:105D00008A79012A04D10A68826001E00122826056
:105D1000CA6802610A694261CA6982610A6AC2612B
:105D20000A680262344A12680B7E03F0FF03120A0B
:105D300012021A4391F8303003F0FF0363F3174265
:105D400091F8403003F0FF0363F31F6291F848308D
:105D500003F0FF0363F30F224264284A126891F8AC
:105D6000383003F0FF03120A12021A4391F8283068
:105D700003F0FF0363F30F228264214A12688B7DD4
:105D800013F00303920892001A4391F8253013F0A0
:105D9000030363F38B2291F82C3013F0030363F3B6
:105DA000051291F8343013F0030363F3092291F8DC
:105DB0003C3013F0030363F3871291F8443013F07F
:105DC000030363F38302C2640E4A126891F84C30F5
:105DD00013F00703D208D2001A4391F84D3013F0A4
:105DE000070363F306124265497D816700221000B4
:105DF00010BC704734AD081038AD08103CAD081029
:105E000040AD081044AD0810016851F00041016038
:105E1000704781607047806870477830016851F042
:105E200001010160704710F170010A6852F001022F
:105E30000A60006F704700000749086808B1002039
:105E400070470648C008C00008600549C908C90075
:105E5000091A0160704700BF2818022807DC0728CC
:105E600000E00728F8B54FF4FA70FFF7DDFD0026D3
:105E700000270024002514E000F024FDDFF8D808F6
:105E8000B0F900003618DFF8D408B0F900003F1A66
:105E9000DFF8CC08B0F90000241A0220FFF7C4FD97
:105EA0006D1CB5F5FA7FE7DB00EE106AB8EEC00AAC
:105EB000DFED630A80EE200ADFF8A80880ED000A13
:105EC00000EE107AB8EEC00ADFED5D0A80EE200A1F
:105ED000DFF8940880ED000A00EE104AB8EEC00A20
:105EE000DFED570A80EE200ADFF8800880ED000A17
:105EF000F1BD0000DFF878180868002806D0DFF848
:105F0000740880ED000A0020086030E0DFF86408C3
:105F1000D0ED000A70EE600A9FED9F1AF4EE410A80
:105F2000F1EE10FA0ADBDFF85018D1ED000A9FED10
:105F30009B1A70EE810AC1ED000A10E09FED981ADD
:105F4000F4EE410AF1EE10FA09D5DFF82C18D1ED84
:105F5000000A9FED941A70EE810AC1ED000A80EDEF
:105F6000000ADFF81408D0ED000A30EE200A70476E
:105F7000F0EE400AB7EE001AF0EE601A9FED8A0AC2
:105F800020EEA02A0120F7EE002AF4EE620AF1EEDC
:105F900010FA04DBDFF8E40790ED000A35E0DFEDEE
:105FA000832AF4EE620AF1EE10FA06D5DFF8CC0788
:105FB00090ED000AB1EE400A27E00100C9B24900A5
:105FC000491E00EE901AF8EEE00A60EE810AC1EE7A
:105FD000A00A30EE800A0100C9B24900491E00EE55
:105FE000901AF8EEE00A60EE820A60EEA11A010053
:105FF000C9B2490000EE901AF8EEE00A20EE811ACC
:10600000401C0100C9B20729D7DB704781B0B7EE49
:10601000081AF6EE000A60EE200A8DED000A0098DC
:10602000DFF85C17B1EB600100919DED000A60EEB6
:10603000800A00EEC01A21EE000A01B0704700008D
:106040000000FA432DE9F843DFF83807DFF8381786
:10605000DFF83827DFF83837B0EE000ADFF834C74A
:10606000DCED000A60EE800A93ED001A60EE810A12
:1060700092ED001A21EE001AD1ED001A41EE610AEC
:10608000C0ED000ADFF81047D2ED000A60EE800A8A
:106090009CED001A60EE810A91ED001A21EE001AC3
:1060A000D3ED001A41EE210AC4ED000ADFF8EC56E8
:1060B000D2ED000A92ED001A60EE810A9CED001A02
:1060C000DCED001A41EE610A91ED001AD1ED001AE3
:1060D00041EE610A93ED001AD3ED001A41EE210A58
:1060E000C5ED000ADFF8B866DCED000A60EE800A54
:1060F00091ED001A60EE810A92ED001A21EE000A7D
:1061000093ED001A40EE010AC6ED000ADFF894761E
:1061100092ED000AD2ED000A20EE200ADCED000A22
:106120009CED001A00EE810AD1ED000A91ED001AF3
:1061300000EEC10AD3ED000A93ED001A00EEC10A89
:1061400087ED000ADFF86086DFF8609690ED000AC0
:10615000FFF70EFFD9ED000A20EE600A88ED010A74
:10616000D5ED000A94ED000A00F02EFCD9ED000AEE
:1061700020EE200A88ED000AD7ED000A96ED000A0D
:1061800000F022FCD9ED000A20EE200AFFF7B2FE53
:1061900088ED020ABDE8F183010034430000B4C376
:1061A000000034C30000B44300000000FFFF7FBFC5
:1061B0002DE9F0472DED0A8B04000D00F6EE000AE4
:1061C00060EE20CADFF8E865DFF8E8A59AED000A7E
:1061D000DAED000A20EE200ADAED010A9AED011A42
:1061E00000EE810ADAED020A9AED021A00EE810A47
:1061F000FFF70CFF86ED000A9AED000AD6ED000AC3
:1062000020EE200A8AED000A9AED010AD6ED000A76
:1062100020EE200A8AED010A9AED020AD6ED000A64
:1062200020EE200A8AED020AB0EE000ADFF8586577
:10623000DFF85875DFF85885DFF85895D9ED000A72
:1062400098ED001A60EE810A97ED001AD6ED001A5B
:1062500041EE610A60EE800AB0EE608AD7ED000A76
:1062600099ED001A60EE810A96ED001AD8ED001A39
:1062700041EE210A60EE800AF0EE608AD9ED000A54
:1062800099ED001A60EE810A96ED001AD6ED001A1B
:1062900041EE210AB7EE001A00EEC01AB0EE419AA4
:1062A0009AED010A20EE090ADAED020A00EEE80A88
:1062B000B0EE40BA9AED020A20EE080ADAED000AC2
:1062C000B0EE491A00EEC10AF0EE40BA9FED7ACA6C
:1062D000DFF8E404DFF8E41491ED000AD0ED000AE1
:1062E0004BEE000AC0ED000A91ED000AD0ED010A64
:1062F0004BEE800AC0ED010A002181609FED6F0A1C
:10630000D0ED000AF4EE400AF1EE10FA02D5F0EEFC
:10631000400A0DE0D0ED000A9FED691AF4EE410A43
:10632000F1EE10FA02DBDFED670A01E0D0ED000AC2
:10633000C0ED000AD0ED010AF4EE400AF1EE10FAC9
:106340000DD490ED010ADFED5E0AB4EE600AF1EEC5
:1063500010FA02DB9FED5B0A01E090ED010A80ED8F
:10636000010ADFF85C1491ED000AD4ED030A40EE57
:106370000B0A90ED000A30EE800AF0EE409A91EDA3
:10638000000AF0EE6B0A94ED041A00EE201A90ED6C
:10639000010A31EE000AB0EE40AA94ED050AF0EED3
:1063A00040AA99ED000A20EE690AD6ED000A00EE37
:1063B000CA0AD8ED000A00EEEA0A20EE2C0AD7ED50
:1063C000000A60EEA90A98ED001A41EE4A0A96ED1D
:1063D000001A41EE2A0A60EEAC0A98ED001A21EE8E
:1063E000291AD7ED001A01EE8A1AD9ED001A01EE2A
:1063F000EA1A21EE2C1AD9ED001A61EE8A1A96EDEE
:10640000002A42EE691A97ED002AF0EE6A2A42EE5F
:10641000221A61EEAC1A97ED002A32EE000A87EDDF
:10642000000A99ED000A30EE200A89ED000A96ED87
:10643000000A30EE010A86ED000A98ED000A30EEFF
:10644000210A88ED000A97ED000AD7ED000A20EE38
:10645000200AD9ED000A99ED001A00EE810AD6ED66
:10646000000A96ED001A00EE810AD8ED000A98EDB8
:10647000001A00EE810AFFF7C9FDD7ED000A60EEB1
:10648000800AC7ED000AD9ED000A60EE800AC9ED66
:10649000000AD6ED000A60EE800AC6ED000AD8EDCB
:1064A000000A20EE800A88ED000A2800FFF7CAFDE6
:1064B000BDEC0A8BBDE8F08700000000CDCC4CBEDF
:1064C000CECC4C3ECDCC4C3E38B500F0DCF900F0E3
:1064D000F9F9B848BB49B1F9001000EE101AB8EE4E
:1064E000C00ADFED950A80EE200A80ED000AB64969
:1064F000B1F90010494200EE101AB8EEC00ADFED03
:106500008E0A80EE200A80ED010AB049B1F9001030
:10651000494200EE101AB8EEC00ADFED870A80EE9D
:10652000200A80ED020AAA49AA4A92ED000AD1ED9A
:10653000000A20EE200AF7EE000A92ED001A70EE33
:10654000C10A90ED001A00EE810A81ED000AA24B0B
:1065500092ED000AD3ED000A20EE200AF7EE000AC1
:1065600092ED001A70EEC10A90ED011A00EE810A58
:1065700083ED000A994C92ED000AD4ED000A20EE5A
:10658000200AF7EE000A92ED001A70EEC10A90EDB3
:10659000021A00EE810A84ED000A09680160196898
:1065A0004160216881609FED650A6B49B1F9001077
:1065B00000EE901AF8EEE00A6A4991ED001A70EECA
:1065C000C10A9FED5F1AC0EE810A60EE800AC0ED3D
:1065D000030A6249B1F90010494200EE901AF8EE40
:1065E000E00A614991ED001A70EEC10A9FED541A5C
:1065F000C0EE810A60EE800AC0ED040A5B4A584B87
:10660000B3F90010494200EE901AF8EEE00A92ED5C
:10661000001A70EEC10A9FED4A1AC0EE810A704C52
:10662000216800290CD0C1686E4D296001696E4D4A
:10663000296020EE801A6D4981ED001A0021216049
:106640009FED401AF4EE410AF1EE10FA19DBB7EEB5
:10665000081AF4EE410AF1EE10FA12D5B3F900105F
:10666000494201EE101AB8EEC11AD2ED001A31EE0D
:10667000611ADFED351A92ED002A01EE212A82ED32
:10668000002A9FED321AF4EE410AF1EE10FA0CDB0B
:106690009FED2F1AF4EE410AF1EE10FA05D5002114
:1066A0004161524900220A6015E020EE800A5049FB
:1066B0004E4AD1ED000A92ED001A60EE810AB7EE63
:1066C000001AD1ED001A31EE611A41EE000AC2ED56
:1066D000000A116841614649424A91ED000AD2ED33
:1066E000000A20EE200AF7EE000A91ED001A70EE83
:1066F000C10A90ED031A00EE810A82ED000A3A4BBE
:1067000091ED000AD3ED000A20EE200AF7EE000A10
:1067100091ED001A70EEC10A90ED041A00EE810AA4
:1067200083ED000A1168C160196801619FED090AD3
:106730001D49FFF73DFD31BD0010804534FA8E3C08
:10674000CDCC6441FFFFBFBF17B75139CCCC4CBF94
:10675000CDCC4C3F0AD7A33B341802283618022868
:1067600038180228CC170228D0170228D41702287C
:1067700014070228D8170228DC17022868AD081071
:10678000DF59375FB4170228AC1702281007022818
:10679000B0170228A8170228B8170228BC17022829
:1067A000C0170228C4170228EC16022864AD08108E
:1067B000C817022800160228F81602281C0702280B
:1067C000180702283A1802283C1802283E18022806
:1067D000E017022820070228E4170228E8170228F9
:1067E00024070228EC170228F0170228F4170228C1
:1067F0006CAD081080B50A000821684B1960D2B250
:106800000100C9B20220FDF70EFF082064490860AC
:1068100001BD80B501000820604A106051F0800180
:10682000C9B20220FDF772FF08215D4A1160C0B2B3
:1068300002BD10B513000822584C22600A0050F027
:1068400080000100C9B20220FDF7D5FF082054499D
:10685000086010BD70B50020002500263000461CE1
:1068600080B2B0F5807F0ADA0F20FFF7D2FF040074
:106870000120FFF7D9F8E4B26B2CEFD100E001253D
:106880002800C0B270BDE0B5062269462820FFF797
:10689000D0FF9DF801009DF8001051EA0021414809
:1068A00001809DF803009DF8021051EA00213E4846
:1068B00001809DF805009DF8041051EA00213B4835
:1068C000018007BDE0B5062269462220FFF7B1FF2F
:1068D0009DF801009DF8001051EA00213448018024
:1068E0009DF803009DF8021051EA00213148018013
:1068F0009DF805009DF8041051EA00212E48018002
:1069000007BD00001FB500241420FFF78DF80820F4
:10691000029002200190022000900223274A0021C9
:106920000220FDF7F1FF0323012201217B20FEF766
:1069300083FFFFF78FFF002808D040F20D13204A95
:1069400020490020FBF70EFF012423E003210D2046
:10695000FFF750FF3C211020FFF74CFF5C21112076
:10696000FFF748FF44211220FFF744FF02211320C4
:10697000FFF740FF00211420FFF73CFF0021152006
:10698000FFF738FF00211620FFF734FF0121182000
:10699000FFF730FF2000C0B204B010BD84073140C3
:1069A000880731403A1802283C1802283E1802286D
:1069B00034180228361802283818022880969800C1
:1069C00008A6081070AB081052EC101AB0EEC00AFE
:1069D000C80F49005200F0EEE00A28BF0C3011F158
:1069E000807F38BF12F1807F0CD28A4238BF80F09E
:1069F0000400124214D034BF80EE800A80EE200AD8
:106A000000F018B811F1807F08BF80F0040098BF33
:106A100012F1807F08D88A4214BF00224FF07E52C4
:106A200000EE102A00F006B86FF0004100EE101AD8
:106A3000704700001AA210EE101A43F2A40CC3F61D
:106A4000896CF2EC060A614509DB00EE803A70EED3
:106A5000800A83EE200A40F0020010EE101A49006E
:106A6000D1F1E6410BD860EE000A20EE203A03EEA9
:106A7000010A01EEA02A42EE202A80EE220A4008F6
:106A800010F0020F18BFB1EE400A02EB8002D2ED07
:106A9000000A30EE200A28BFB1EE400A704700001D
:106AA000D7B3DD3F6AD5033F2B94A93DB82A593FA0
:106AB0000000803F000080BF00000000920A063FF7
:106AC000DB0FC93F920A863FDB0FC93F920A06409F
:106AD000DB0F4940368D2740DFF8C4110868C0F34A
:106AE0004000002801D0022002E0086810F00100F8
:106AF0007047DFF8B001006810F001007047000037
:106B0000C21E022A01D3012002E0C01E086000203C
:106B100070471CB5FF246946FFF7F2FFC0B200289A
:106B200002D02000C0B207E0DFF8FC01009950F865
:106B3000210010F00100C0B216BD0000002801D0F5
:106B4000032801D3012002E0401E086000207047A6
:106B50001CB5FF246946FFF7F1FFC0B2002802D040
:106B60002000C0B208E0DFF8C40100990901084420
:106B7000C06810F00100C0B216BD0000DFF8BC0113
:106B80000068800810F00100704738B5040020004C
:106B9000C0B2082811D3DFF898511822DFF89411F9
:106BA000280000F00DFC0020E87540F65B00DFF8DF
:106BB00088110860002000F03BFCDFF8CC112000B9
:106BC000C0B251F82000C0F30020002805D0E4B284
:106BD00051F8240010F00F0000E0FF2032BD38B55E
:106BE00004002000C0B2082811D3DFF84451182255
:106BF000DFF84011280000F0E3FB0020E8754FF4B7
:106C00000960DFF834110860002000F011FCDFF8A3
:106C10007801E4B250F82400C0F30110C0B232BDD4
:106C2000DFF868211368C3F3072303601068C0F31B
:106C3000C40008607047DFF858211368C3F30723C6
:106C400003601068C0F3C4000860704738B50400E2
:106C5000072C11D3DFF8D8501822DFF8C411280010
:106C600000F0AEFB0020E8754FF4CE70DFF8C810DE
:106C70000860002000F0DCFBDFF8A00150F82400E1
:106C800010F00700010009B2042907D1DFF88801DC
:106C900050F8240010F01F0050F4807000B232BD94
:106CA0002415264040152640DFF8B01209688A03F3
:106CB000920B0260090E11F00101C171DFF8A01200
:106CC00009680A00D204D20C82800A00120C02F079
:106CD000FF020281090C01F0FF014181DFF844113C
:106CE000096811F00F0202730A00C2F30312427323
:106CF0000A00120AD204D20CC281090F11F003015A
:106D00000174DFF8641309680A00120A12F007021E
:106D100082710A00120CD205D20D4282890F11F045
:106D200001010175704700004016264000192640F9
:106D3000E8150228E0A30810901702281000274049
:106D40001CB50C006946FFF7DBFE0100C9B2002943
:106D500001D0C0B217E0DFF8B404009950F8210068
:106D600010F07F012160C0F304216160C0F3044191
:106D7000A1600100090F11F003016173C00E10F052
:106D800001002073002016BD40122640080020405C
:106D9000080420401CB50C006946FFF7CFFE010037
:106DA000C9B2002901D0C0B235E0DFF81015009853
:106DB0000001085800F0FF022260C0F30422626064
:106DC000C0F30442A260000F10F00300207300988B
:106DD0000001084442681000C00F6073C2F30270E3
:106DE000002801D0012000E00020A07322F07F42A3
:106DF000226100980001084480680100C90F2175D4
:106E00000100090E11F001016175A075000C10F070
:106E10000700E075002016BD000126400012264044
:106E20006CA408103815264080B50100DFF868050D
:106E30001822FAF743F90120DFF8601508700020E6
:106E400002BDDFF85C150968C90F002908D0DFF81A
:106E50004C150978002907D10021016003207047F3
:106E6000002101600320FAE7DFF82C1509680160B2
:106E70000020F4E710B50400FFF72EFE002803D130
:106E80000020206003200DE0DFF8100500780028C6
:106E900005D0DFF8040580682060002002E00020B3
:106EA0002060032010BD0000DFF8F01409780029ED
:106EB00005D0DFF8E41449680160002002E00021F9
:106EC000016003207047DFF8DC140968C90F00294E
:106ED00008D0DFF8C8140978002907D10021016023
:106EE00003207047002101600320FAE7DFF8A814AF
:106EF000C96801600020F4E7DFF8AC140968C90F25
:106F0000002908D0DFF894140978002907D100215E
:106F1000016003207047002101600320FAE7DFF8D9
:106F20007814096901600020F4E710B50400FFF748
:106F300025FE002803D10020206003200DE0DFF8AB
:106F40005C040078002805D0DFF84C04406920601C
:106F5000002002E000202060032010BD30152640F4
:106F60003415264010B50C00C0B2FFF76FFE0028A4
:106F70000ED0012810D0022812D0B0F5887F13D08F
:106F800040F21111884213D0B0F58A7F14D017E077
:106F90002000FFF756FF16E02000FFF785FF12E004
:106FA0002000FFF767FF0EE02000FFF78CFF0AE0EC
:106FB0002000FFF7BAFF06E02000FFF79DFF02E088
:106FC00000202060032010BD80B501000020FFF7E5
:106FD000C9FF02BD80B50322D2B2824203D2002093
:106FE0000860012003E0401CC0B2FFF7BBFF02BDF8
:106FF00018B587B004006846FFF7E6FF0100C9B284
:10700000002903D000212160C0B22BE001A8FFF7C6
:107010004BFE9DF81400022803D100982060002048
:1070200020E0DFF888030068C00F002808D0FFF7D1
:1070300060FDC0B2002807D100202060032011E0CD
:107040000098206000200DE0009901984143BDF8B0
:107050000800B1FBF0F09DF80B10491CB0FBF1F0FB
:107060002060002008B010BD3C152640F0B58BB064
:1070700005000C0069462800C0B2FFF7ABFF010015
:10708000C9B2002903D000212160C0B2BCE02800B1
:10709000C0B202284CD307A92800C0B2401CFFF799
:1070A0004FFEC0B2002811D0DFF804631822DFF8C9
:1070B0000413300000F084F90020F07540F66310EE
:1070C000DFF8F4120860002000F0B2F94F48290000
:1070D000C9B200EB810050F8080CC00F002807D09F
:1070E0009DF82900022807D10098206000208BE03D
:1070F00000982060002087E0EDB26D1C2800FFF7AB
:1071000008FD0100C9B2002902D0C0B2FF2803D196
:1071100000202060032077E00099079841430898F9
:10712000B1FBF0F00999B0FBF1F0206000206BE0BA
:1071300001A92800C0B2401CFFF72CFEC0B20028F5
:1071400011D0DFF86C621822DFF86812300000F00E
:1071500037F90020F07540F67F10DFF85C12086008
:10716000002000F065F955482900C9B209014058CE
:10717000C00F002807D09DF81000022807D1009802
:107180002060002040E00098206000203CE0EDB24C
:107190006D1C2800FFF7DCFC0100C9B2002902D0F9
:1071A000C0B2FF2803D10020206003202CE09DF80E
:1071B000110001281DD1009A0023019E00273F06DF
:1071C00047EA162736060598002136184F41A6FBD8
:1071D000020106FB031107FB0211029A039BA3FBAA
:1071E0000223FAF7D5F8000E40EA0120090E2060CC
:1071F00009E00099019841430298B1FBF0F003992E
:10720000B0FBF1F0206000200BB0F0BD001626406E
:1072100010B50323421E0400E4B2002C03D1080081
:10722000FFF7E6FE0CE01400DBB2E4B2A34204D3A5
:107230001000C0B2FFF71AFF02E0C0B2FFF792FEE3
:1072400010BD38B505000C002800C0B2FFF79DFC4A
:107250000100C9B2FF2904D12000FFF7F2FDC0B23E
:107260001BE06946C0B2FFF7D3FF0100C9B2002995
:1072700003D000212160C0B20FE02800C0B2FFF7A8
:10728000AEFCC0B2002805D002280BD006D30328DC
:107290000CD00FE000982060002032BD009840081C
:1072A0002060F9E7009880082060F5E70098C008A2
:1072B0002060F1E7002020600320EEE7001926405F
:1072C0001FB5040002A90120FFF7BBFF0100C9B2EE
:1072D000002903D000212160C0B21AE0694601A84C
:1072E000FFF79EFC01980021421C71F1FF335B0106
:1072F00043EAD26352010098002112184B410298D0
:107300000021490141EAD0614001FAF741F82060CB
:10731000002004B010BD1FB5040002A90120FFF732
:1073200090FF0100C9B2002903D000212160C0B242
:107330001AE0694601A8FFF77EFC01980021421C73
:1073400071F1FF335B0143EAD263520100980021DF
:1073500012184B4102980021490141EAD0614001D5
:10736000FAF716F82060002004B010BD80B5DFF8F1
:107370004C100A68C2F303220E2A07D00968C1F331
:1073800003210D2905D1FFF7C6FF02BDFFF798FFC6
:10739000FBE70120F9E70000D01502284218022877
:1073A00018152640081526400C1526403015264095
:1073B000E81502286CA4081090170228000020404D
:1073C00001B58B071AD1830724D1121F21D351F89D
:1073D000043BA3F1013C2CEA030C1CF0803C04BFED
:1073E00040F8043BF1E79CFA8CFCBCFA8CF1C1F14B
:1073F00018018B40CB4040F8043B13E0042A09D32A
:1074000011F8013B521E00F8013B5BB18B07F7D12D
:10741000D9E7121D5AB111F8013B521E00F8013B89
:1074200003B1F8D111001CBF0022FBF713FA01BD14
:1074300001BEFEE780B5354A35490B6893423ED020
:107440000A60344A12684A62334A8A6202684A60B1
:1074500042688A608268CA60C2680A6102694A61D9
:1074600042698A618269CA61C2690A62F1EE102AC0
:1074700012F0900F23D0294A8A62026ACA62426AD5
:107480000A63826A4A63C26A8A63026BCA63426B96
:107490000A64826B4A64C26B8A64026CCA64426C7E
:1074A0000A65826C4A65C26C8A65026DCA65426D66
:1074B0000A66826D4A66C26D8A66006EC86600F012
:1074C00033F801BD01290EDB10F01F025118BFF384
:1074D0004F8F134A1060203020390129F9DABFF3A9
:1074E0004F8FBFF36F8F704701290EDB10F01F0223
:1074F0005118BFF34F8F0B4A1060203020390129FB
:10750000F9DABFF34F8FBFF36F8F7047FAF9F8F7CF
:10751000D814022828ED00E0A4A3A2A1ABAAA9A830
:107520005CEF00E068EF00E0FEE700000000000014
:10753000000000000000000000000000000000F853
:1075400000000000000000333000000000100C06B6
:10755000100C0600000000000000000040C0784051
:10756000C0784000043F04043F040400007088FC1D
:1075700008300000001820FF211E0000F008F00075
:10758000E018000000211C031E211E0000F00888E6
:10759000700000001E2123241927211010160E0050
:1075A000000000000000000000000000000000E0FB
:1075B0001804020000000007182040000002041810
:1075C000E00000000040201807000000404080F06C
:1075D000804040000202010F01020200000000F0A2
:1075E000000000000101011F010101000000000076
:1075F0000000000080B070000000000000000000EB
:107600000000000000010101010101010000000073
:10761000000000000030300000000000000000000A
:1076200080601804006018060100000000E01008E7
:107630000810E000000F102020100F00001010F8BC
:10764000000000000020203F2020000000700808FB
:10765000088870000030282422213000003008887B
:10766000884830000018202020110E000000C020A3
:1076700010F8000000070424243F240000F80888C4
:10768000880808000019212020110E0000E0108851
:1076900088180000000F112020110E000038080883
:1076A000C83808000000003F000000000070880893
:1076B00008887000001C222121221C0000E0100814
:1076C0000810E0000000312222110F00000000C06D
:1076D000C00000000000003030000000000000800A
:1076E00000000000000080600000000000008040FA
:1076F0002010080000010204081020004040404013
:107700004040400004040404040404000008102065
:1077100040800000002010080402010000704808AA
:107720000808F0000000003036010000C030C82812
:10773000E810E0000718272423140B000000C038CD
:10774000E0000000203C23020227382008F8888847
:1077500088700000203F202020110E00C030080853
:1077600008083800071820202010080008F808082A
:107770000810E000203F202020100F0008F8888823
:10778000E8081000203F20202320180008F88888EF
:10779000E8081000203F200003000000C030080867
:1077A0000838000007182020221E020008F80800F0
:1077B0000008F808203F210101213F20000808F8B7
:1077C000080800000020203F2020000000000808DA
:1077D000F8080800C08080807F00000008F888C09A
:1077E00028180800203F20012638200008F808004B
:1077F00000000000203F20202020300008F8F80082
:10780000F8F80800203F003F003F200008F830C093
:107810000008F808203F200007183F00E010080883
:107820000810E0000F10202020100F0008F80808B2
:107830000808F000203F210101010000E0100808C5
:107840000810E0000F18242438504F0008F88888EA
:1078500088887000203F2000030C302000708808CA
:10786000080838000038202121221C00180808F8D8
:10787000080818000000203F2000000008F8080059
:107880000008F808001F202020201F00087888002A
:1078900000C83808000007380E010000F80800F89A
:1078A0000008F800033C0700073C03000818688044
:1078B0008068180820302C03032C30200838C800BA
:1078C000C83808000000203F200000001008080809
:1078D000C83808002038262120201800000000FEAB
:1078E000020202000000007F40404000000C30C057
:1078F00000000000000000010638C0000002020283
:10790000FE000000004040407F0000000000040234
:10791000020204000000000000000000000000005F
:10792000000000008080808080808080000202044F
:107930000000000000000000000000000000808047
:10794000808000000019242222223F2008F80080B5
:1079500080000000003F112020110E000000008078
:1079600080800000000E1120202011000000008007
:107970008088F800000E112020103F200000808039
:1079800080800000001F222222221300008080F04D
:10799000888888180020203F202000000000808078
:1079A00080808000006B94949493600008F80080BD
:1079B00080800000203F210000203F200080989818
:1079C000000000000020203F202000000000008078
:1079D0009898000000C08080807F000008F80000B8
:1079E00080808000203F24022D302000000808F80D
:1079F000000000000020203F2020000080808080C8
:107A000080808000203F20003F20003F8080008059
:107A100080800000203F210000203F200000808067
:107A200080800000001F202020201F008080008018
:107A30008000000080FFA12020110E0000000080C7
:107A400080808000000E112020A0FF8080808000B8
:107A50008080800020203F212000010000008080E5
:107A6000808080000033242424241900008080E0DA
:107A7000808000000000001F2020000080800000A7
:107A800000808000001F202020103F208080800088
:107A90000080808000010E30080601008080008098
:107AA000008080800F300C030C300F0000808000BD
:107AB000808080000020312E0E31200080808000E8
:107AC0000080808080818E70180601000080808098
:107AD000808080000021302C222130000000000036
:107AE000807C020200000000003F404000000000D7
:107AF000FF00000000000000FF0000000002027C08
:107B0000800000000040403F00000000000601012E
:107B1000020204040000000000000000DFF83C0442
:107B20000068400B10F001007047DFF83004006877
:107B3000000B10F001007047DFF82404016851F0D9
:107B4000010101600168C907FCD470471FB504003A
:107B5000C9B2012924D168461021FBF7E7FF694625
:107B6000200000F064FA0100C9B2012902D1DFF857
:107B7000F4031EE00100C9B2022902D1DFF8E803D4
:107B800017E0C0B2042802D1DFF8E00311E000984A
:107B900000F0F6F800280CD1FFF7CEFF002008E037
:107BA000200000F0A0FA002802D0DFF8B80300E0BF
:107BB000002004B010BD38B584B00C001500002CB6
:107BC00002D1DFF8AC033DE0206800F0C7F80128DF
:107BD00002D06068002802D1DFF8940332E06846E2
:107BE0001021FBF7A3FF0620009960F31F610091AD
:107BF000207A009960F30F210091607A009960F378
:107C000017410091E07A019960F30F210191A07A68
:107C1000019960F307010191207B019960F31F61D5
:107C200001912068029060680390DFF84803A17A10
:107C300030F811106068FFF757FC2900C9B2684698
:107C4000FFF784FF05B030BD10B50400FFF766FFF5
:107C500000280ED114F16C40B0F5403F01D2002055
:107C600026E0DFF814030419B4F5803F1FD200208A
:107C70001EE014F16C40B0F5C03F01D2002017E0C7
:107C8000DFF8F8020019B0F5004F01D200200FE034
:107C900014F16B40B0F5C03F01D2002008E0DFF8DE
:107CA000E0020419B4F5004F01D2002000E00120E9
:107CB00010BD10B50400FFF731FF002807D1DFF831
:107CC000B8020419B4F5803F11D2012010E0DFF8AA
:107CD000AC020019B0F5004F01D2012008E0DFF836
:107CE000A0020419B4F5004F01D2012000E00020E9
:107CF00010BD10B50400FFF718FF00280ED114F1D5
:107D00007040B0F57C1F01D2002026E0DFF874023D
:107D10000419B4F5003F1FD200201EE014F170409A
:107D2000B0F5FC1F01D2002017E0DFF85C0200195B
:107D3000B0F5803F01D200200FE014F16E40B0F5A5
:107D4000FC1F01D2002008E0DFF840020419B4F55E
:107D5000803F01D2002000E0012010BD10B50400DA
:107D60002000FFF771FF002801D1002007E020006C
:107D7000FFF7BFFF002801D1002000E0012010BD67
:107D800080B500F016FA002801D1002056E07FF0FF
:107D90007041884202D1DFF8D4014FE0DFF8F011E2
:107DA000401A1CD0801E1DD0401E1ED0401E1FD069
:107DB000401E20D0001F21D0873822D0401E23D063
:107DC000123824D0401E25D0401E26D0801E27D039
:107DD000801E28D0083829D009382AD02CE05FF43A
:107DE000A4002BE0DFF8AC0128E0DFF8AC0125E0CF
:107DF000DFF8A80122E0DFF86C011FE0DFF8A00146
:107E00001CE0DFF8A00119E0DFF89C0116E0DFF8C4
:107E10009C0113E0DFF8980110E0DFF898010DE015
:107E2000DFF894010AE0DFF8940107E0DFF8900141
:107E300004E0DFF8900101E0DFF8300102BD38B561
:107E400084B00C001500002C02D1DFF8240128E0DA
:107E50002068FFF783FF012802D1DFF8140120E03A
:107E6000207810F0030F02D0DFF8040119E0684613
:107E70001021FBF75BFE1420009960F31F61009155
:107E80002079009960F30F2100916079009960F3E7
:107E900017410091206801902900C9B26846FFF798
:107EA00055FE05B030BD38B588B00C001500002C6B
:107EB00001D12F484FE06068002801D12C484AE0EA
:107EC0002068FFF7C1FE012808D02068616810EB28
:107ED0008100401EFFF7B8FE012801D124483AE096
:107EE00068461021FBF722FE2A20009960F31F61EB
:107EF0000091206801906068401E80B20299090CD0
:107F0000090408430290EDB2012D1CD104A81021F0
:107F1000FBF70CFE04A9684600F089F80100C9B21D
:107F2000012901D10F4816E00100C9B2022901D18F
:107F30000D4810E0C0B2042801D10C480BE00498B1
:107F4000FFF71EFF07E0684600F0CDF8002801D0DB
:107F5000044800E0002009B030BD000000002440CB
:107F6000080024400400520010005200FF0052009C
:107F70000F00520024AC08100000FDEB0080FEEB67
:107F80000080FEEA0000C1EF0080E0EF0080E0ED3D
:107F9000010000F0010052000200520003005200F4
:107FA000050052000600520007005200080052006F
:107FB000090052000A0052000B0052000C0052004F
:107FC0000D0052000E00520038B50400082C10D3EA
:107FD000DFF8B0521822DFF8B0122800FFF7F0F9EE
:107FE0000020E875E820DFF8A41208600020FFF701
:107FF0001FFADFF89C026401204432BDDFF894329E
:108000001B6862F31F4361F30F0383607047C0680E
:108010007047DFF884321B6862F31F4361F30F037C
:10802000036000687047C069C00FC0B27047F8B500
:1080300002000D00002A01D1052053E0DFF85C1298
:108040000868C0F30320002801D1002007E0086879
:10805000C0F303200E2801D1012000E00220DFF848
:108060004012400101EB00067FF07044DFF83472EB
:10807000380011001022F9F711F838684008400064
:10808000386010213800FFF72FFADFF81C323A0071
:108090000121300000F020F9002804D0012021E067
:1080A000641E002C15D03000FFF7BDFF0028F7D16B
:1080B000002D08D010213800FFF704FA28003900FD
:1080C0001022F8F7EBFF00F041F8012803D103205C
:1080D00008E0022006E000F039F8002801D1002075
:1080E00000E00420F2BD38B50100002901D10520CF
:1080F0002BE06A4A1068C0F30320002801D1002059
:1081000007E01068C0F303200E2801D1012000E031
:108110000220634A400102EB0004624D2800102255
:10812000F8F7BCFF286840084000286010212800AC
:10813000FFF7DAF95C4B2A000121200000F0CCF8AF
:10814000002801D0012000E0002032BD10B5554CC0
:1081500010212000FFF7B6F9206810F07040B0F150
:10816000204F01D1002008E0206810F07040B0F1ED
:10817000704F01D1012000E0022010BD38B504008D
:10818000FFF7E4FF05002800C0B2022802D17FF00B
:1081900070400DE0002C04D0200042491022F8F776
:1081A0007DFFEDB2002D01D1002001E03D480068C7
:1081B00032BD10F07041B1F1204F01D1002006E036
:1081C00010F07041B1F1704F01D07FF070407047F6
:1081D0003EB5364AD2E90045CDE90045ADF802107A
:1081E000334908606846FBF72FFE0FF24101BDF9E5
:1081F0000000FBF768FE0220FFF7E6FE274A116841
:10820000C1F30321002901D1002107E01168C1F366
:1082100003210E2901D1012100E0022100220123C6
:1082200013FA01F1FFF7EAFE37BD000038B5002070
:108230000220FFF7C9FE04002000FFF7E8FE05005A
:1082400016490868C0F30320002801D1002007E088
:108250000868C0F303200E2801D1012000E00220AD
:108260002900C140C80705D511490868002801D078
:10827000086880472A00120CADB229002000FFF7E1
:10828000C8FE31BDE815022880A508109017022805
:108290000010224024AD081028AD08100000204036
:1082A00000002240C01602288C170228B8AC081023
:1082B00088170228154A126861F30F02826070471E
:1082C000C1607047016170470068C00F002801D18C
:1082D0000F4800E000207047F8B504000D001600BC
:1082E0001F002000FFF7F0FF00280DD13100200013
:1082F000FFF7E6FF39002000FFF7E4FF2900200028
:10830000FFF7D8FF002000E00148F2BDE8AC0810FC
:1083100001008A00022801D3012010E00B00DBB22B
:10832000042B01DB01200AE0DFF86C3303EB800053
:10833000C9B2405C824201D3012000E000207047B6
:10834000F8B506000F0015001C00022E01D3012015
:108350001DE02A003900C9B23000FFF7DBFF012819
:1083600001D1012013E03800C0B2002812D1B4F5C9
:10837000807F0DD2DFF824037603304400EB8500C4
:1083800010F58050016864F30F2101600020F2BDF8
:108390000120FCE7FFB2012F11D1B4F5803F0CD2D0
:1083A000DFF8F8027603304400EB850010F5A050AA
:1083B000016864F317210160E8E70120E7E7012085
:1083C000E5E700B20012C0B27047F8B505000E0034
:1083D0001700280000B2FFF7F4FF04002000C0B22D
:1083E000022801D3012023E03A003100C9B2200065
:1083F000C0B2FFF78FFF012801D1012018E0A74983
:108400002000C0B2400308442A00D2B200EB820030
:10841000D0F8000CF6B266F3092067F30700E4B267
:1084200064032144EDB201EB8501C1F8000C00208A
:10843000F2BD70B504000D001600022C01D301201E
:108440001CE032002900C9B22000FFF763FF0128B9
:1084500001D1012012E091496003085850F000401A
:1084600050F0407050F47F00EDB265F3092066F3E0
:1084700007006203885064030859002070BD80B56E
:108480000100C9B2032906DA8549C0B2C001084417
:10849000FDF7C9FC07E08349C0B2C0010844B0F54C
:1084A000C070FDF7C0FC01BD70B596B004000D00B2
:1084B0005021002202AE3000FAF7C8F90026200051
:1084C000C0B203286ADA002201212000C0B200F203
:1084D000711000B2FFF779FF2000C0B200F27110F6
:1084E00000B2FFF76EFF092300220121C0B2FFF79F
:1084F00027FF2000C0B200F2711000B2FFF761FF49
:1085000000220121C0B2FFF794FF2000C0B210F595
:10851000D570ADF800000220ADF8020001208DF802
:108520000400032260482100C9B250F821106846B7
:10853000FBF7E0FAED00029500208DF80C0000201A
:108540008DF80D0000208DF80E0000208DF8100031
:1085500003208DF84C000120149000208DF8540069
:1085600000208DF855004E4D02A92000C0B2C00178
:108570002844FDF789FB2000C0B2C0012844FDF764
:1085800043FC2000C0B2C0012844FAF762FBE4B209
:10859000E40105EB0400FDF740FC7AE00022012134
:1085A0002000C0B210F5B17000B2FFF70EFF20003E
:1085B000C0B210F5B17000B2FFF703FF092300222B
:1085C0000121C0B2FFF7BCFE2000C0B210F5B170AF
:1085D00000B2FFF7F6FE00220121C0B2FFF729FF2B
:1085E0002000C0B200F29B10ADF800000220ADF8F0
:1085F000020001208DF8040003222B482100C9B29B
:1086000050F821106846FBF775FAED00002005E0F0
:10861000B5F5803F01D3761C6D08401C0828F7DBB8
:1086200002958DF80C6000208DF80D0000208DF86B
:108630000E0000208DF8100003208DF84C00012062
:10864000149000208DF8540000208DF85500154D31
:1086500002A92000C0B2C0012844B0F5C070FDF7E7
:1086600013FB2000C0B2C0012844B0F5C070FDF774
:10867000CBFB2000C0B2C0012844B0F5C070FAF7AF
:10868000E8FAE4B2E40105EB0400B0F5C070FDF7D0
:10869000C4FB16B070BD0000C0AC08100000044060
:1086A00000005940008058403C07022870B5C64879
:1086B0000D2101704FF4967141800122828041F2B8
:1086C0003012C280012303724281C04C11222270F9
:1086D00061805FF0FF32A28041F25C23E3800125DC
:1086E00025726381BA4D0F262E706980AA8041F2EF
:1086F0009412EA8001262E726A81B64E0E223270E2
:1087000071800121B180F380012131727381B0F950
:108710000A20B0F902100078F9F774FDB4F90A20C4
:10872000B4F902102078F9F76DFDB5F90A20B5F912
:1087300002102878F9F766FDB6F90A20B6F902109A
:108740003078F9F75FFD70BD80B590F90820002AF8
:1087500037D0B0F90620B0F9043011FB03F18A18C4
:10876000110009B2B0F90630A3F2DC53994204DAE1
:10877000C18840F2DC528A1A0BE0B0F9061001F20F
:10878000DC5113001BB2994203DAC28802F2DC52B8
:10879000FFE74189521A110009B211F1C80F02DA3C
:1087A0007FF0C70205E0110009B2C92901DBC82228
:1087B000FFE7418952184281B0F90A100078F9F7B1
:1087C000F4FC01BD000000001CB5082100226C462D
:1087D0002000FAF73BF88048804991ED000AD0ED7F
:1087E000000A30EE200AB5EE400AF1EE10FA06DD7E
:1087F00091ED000AD0ED000A30EE200A07E091ED7D
:10880000000AD0ED000A30EE200AB1EE400AB5EEC3
:10881000400AF1EE10FA02D59FED660A3DE091EDB7
:10882000000AD0ED000A30EE200AB5EE400AF1EE63
:1088300010FA06DD91ED000AD0ED000A30EE200AB4
:1088400007E091ED000AD0ED000A30EE200AB1EE0B
:10885000400ADFED590AB4EE600AF1EE10FA02DBCD
:10886000B3EE0E0A19E091ED000AD0ED000A30EEE9
:10887000200AB5EE400AF1EE10FA06DD91ED000A8D
:10888000D0ED000A30EE200A07E091ED000AD0EDAD
:10889000000A30EE200AB1EE400AF3EE0E0A30EE86
:1088A000C00A4F494F48D0ED000AFDEEE00A10EE35
:1088B000902A0A2392FBF3F28A4218DBD0ED000AD9
:1088C000FDEEE00A10EE901A0A2291FBF2F140F25E
:1088D0002D12914202DB4FF4967108E0D0ED000AB0
:1088E000FDEEE00A10EE900A0A2190FBF1F106205D
:1088F000414300EE901A3C48F8EEE00A20EE800A70
:10890000DFED2E0A20EE200ABDEEC00A10EE101A8E
:1089100009B20160354991ED000ADFED290A20EE28
:10892000200AD0ED000AF8EEE00A9FED261A00EECC
:10893000810A81ED000A9FED1F0AD1ED000A30EE99
:10894000201ABDEEC11A11EE100AADF800006C46F7
:1089500030EE601ABDEEC11A11EE100AA08030EEA2
:10896000201ABDEEC11A11EE100A608030EE600AC6
:10897000BDEEC00A10EE100AE080BDF800001C49F0
:1089800008801C480068012813D1BDF900100E486A
:10899000FFF7DAFEB4F902100C48FFF7D5FEB4F980
:1089A00004100B48FFF7D0FEB4F906100948FFF792
:1089B000CBFE13BD000000000100F041022B073D7B
:1089C0003333333F9A99993E04170228101702282F
:1089D0001C1702282817022810000228E016022877
:1089E000D4FEFFFF60170228F8170228FC170228A0
:1089F000321802285417022830EE600A80ED010A6E
:108A000090ED030AD0ED010A30EE200A80ED030A52
:108A100090ED030ADFED370AB4EE600AF1EE10FACA
:108A200002DB9FED350A0AE09FED340AD0ED030A20
:108A3000F4EE400AF1EE10FA01D490ED030A80ED55
:108A4000030ADFF8641291ED000AD0ED010A20EE6E
:108A5000200ADFF8C412D1ED000A90ED031A00EEEF
:108A6000810A80ED000A90ED000A704730EE600A3E
:108A700080ED010A90ED010AD0ED020A30EE600AA5
:108A800080ED040A41688160884991ED000AD0EDCB
:108A9000010A20EE200ADFF88412D1ED000A90EDE1
:108AA000041A00EE810A80ED000A90ED000A70477A
:108AB00030EE600A80ED010A90ED010AD0ED020A65
:108AC00030EE600A80ED040A41688160784991EDDA
:108AD000000AD0ED010A20EE200ADFF84412D1EDA1
:108AE000000A90ED041A00EE810A80ED000A90ED74
:108AF000000A70470180BB450080BB450080BBC5B4
:108B0000F8B500206B4E3168491C31606A4D296808
:108B1000491C296069490A68521C0A60684C21682E
:108B2000491C2160401C14203168326892FBF0F22D
:108B300000FB1210002839D162496348B0F91020B7
:108B4000B0F91200121A022092FBF0F000EE100AA7
:108B5000B8EEC00A81ED000A5C4890ED000AB7EE5D
:108B6000C00A9FED5B2B20EE020BB7EEC00B80ED31
:108B7000000A90ED000AB7EEC00A91ED001AB7EEB8
:108B8000C11A9FED553B01EE030BB7EEC00B80ED14
:108B9000000AD0ED000A524890ED000A5148FFF754
:108BA0002BFF514880ED000A002030600520296825
:108BB0002A6892FBF0F200FB1210002816D14B48F5
:108BC0004B494A6802600968416090ED000AF1EE85
:108BD000400A484890ED000AB1EE400A4648FFF7C7
:108BE00045FF484880ED000A00202860434D444876
:108BF000B0F9000000EE100AF8EEC00A414890ED0E
:108C0000000A4148FFF754FF85ED000A3F4E4048F7
:108C100095ED000AD0ED000A30EE200ABDEEC00A44
:108C200010EE101A09B200EE101AB8EEC00A86ED66
:108C3000000A384F90ED000AD5ED000A30EE600AC8
:108C4000BDEEC00A10EE100A00B200EE100AB8EE37
:108C5000C00A87ED000A00F09FF83248006800283B
:108C60001DD097ED000ABDEEC00A10EE101A09B231
:108C700096ED000ABDEEC00A10EE100A00B200F038
:108C8000A4F905202168226892FBF0F200FB121083
:108C9000002808D1FFF798FD0020206003E00021A4
:108CA000002000F092F9F1BD00000228080002281F
:108CB0001400022878170228741702287C1702284B
:108CC000801702285C1702288416022858170228E9
:108CD000666666666666E63F333333333333D33FC7
:108CE0004C1702284816022860170228E0160228AE
:108CF000EC160228100002285C16022868170228C9
:108D00003618022864170228701602286C170228E9
:108D1000A417022870170228040002280C00022859
:108D2000501702285417022830EE600A6C48D0ED24
:108D3000000A20EE800A6B48D0ED000A6A4890EDE8
:108D4000051A00EEC10ADFED620AB4EE600AF1EE28
:108D500010FA02D5B0EE600A09E0DFED5E0AB4EE6B
:108D6000600AF1EE10FA02DB9FED5B0AFFE7704745
:108D700001205E49087000205D4908605D485E4939
:108D8000896801605D49006808605D4809680160A4
:108D90005C485D490160704710B55C49086800286F
:108DA0000CD10020514908705948002101605548F4
:108DB0000021016000205749088087E04B4C207853
:108DC000002804D10868012801D1FFF7D1FF2078DD
:108DD000012804D06FD303286CD020D36BE049481E
:108DE000494901604548464902680A6040490A68A5
:108DF000521C0A600A6841F288339A420ED302225A
:108E0000227000220A600021424A118090ED000A7F
:108E1000DFED320A30EE200A80ED000A4BE03948DF
:108E20000021016036493548006808603048026812
:108E3000521C0260304A92ED020AD1ED000A30EE77
:108E4000600AB5EE400AF1EE10FA06DD92ED020A74
:108E5000D1ED000A30EE600A05E091ED000AD2ED96
:108E6000020A30EE600AF1EE040AB4EE600AF1EE96
:108E700010FA0FD527490A88521C0A800A8840F246
:108E800021339A4209DB0122227000220260002273
:108E90000A8002E000211F4A1180016841F27172CC
:108EA000914206D30121217000210160002019495F
:108EB000088000E0FFE71048D0ED020A104890ED6E
:108EC000000AFFF731FF124880ED000A10BD0000D4
:108ED0000000C8C30100C8430000C8430000344478
:108EE000080702280C070228001602284318022847
:108EF0009417022898170228EC1602289C170228BB
:108F0000A01702284C17022800007A4354170228A1
:108F1000A4170228301802281CB569460420FAF765
:108F200027F9002850D09DF80000A52805D14D480C
:108F3000C179A52901D0002181734A4B9DF8000019
:108F4000997B1944C871987B401C9873987B0728BB
:108F50003ADBD879A5282FD10020D873002106E06C
:108F6000DA7B03EB0100C0798218DA73491C062909
:108F7000F6DBD87B597B884215D1187A022809D1B3
:108F8000587A997A51EA00211982D87A197B51EAE4
:108F9000002159820020987307210022DC1D200047
:108FA000F9F754FC10E00020987307210022DC1D23
:108FB0002000F9F74BFC07E00020987307210022FE
:108FC000DC1D2000F9F742FC13BD80B5254BA5221E
:108FD0001A7001225A70020012B212129A70D870DE
:108FE000080000B200121871597100209871002118
:108FF00004E09A79585C82189A71491C0629F8DBBA
:10900000072219000420FAF796F801BD80B515492A
:10901000A520087002204870002088700020C870C9
:109020000020087100204871A720887107220420C1
:10903000FAF781F801BD38B507210022094C250057
:109040002800F9F703FC07210022E51D2800F9F7A5
:10905000FDFB0020A0730020E07300206082002050
:10906000208231BD8416022880B5402340225FF45F
:10907000E1210420FAF7A1F901210420FAF71EF9F1
:10908000FFF7D9FF00210020FFF79FFFFFF7BEFF8A
:1090900001BD0000010009B2002909D4012210F02D
:1090A0001F018A40DFF8941200B2400941F82020E5
:1090B0007047020012B2002A05D44901DFF880226D
:1090C00000B2115408E04901DFF8782200B210F034
:1090D0000F00104400F8041C7047DFF86C020168B0
:1090E00051F0010101600168C907FCD4704797483D
:1090F000016851F00101016070479548016851F025
:109100000101016070471FB56846FFF737F8002876
:109110000DD0904C182290492000FEF751F9002004
:10912000E07549208D4908600020FEF781F9012093
:109130008B490870FFF7D1FF1FBD80B5C0B2012871
:109140000ED103218748FFF743F803210320FFF7DF
:10915000B0FF0320FFF79EFF01208349087002E063
:10916000002081490870FFF7C2FFFFF7C6FF01200A
:109170007B49087001BD7CB504000D007B48D0E937
:109180000023CDE900232800C0B2002814D176487E
:10919000007801280DD06F4E18226F493000FEF77D
:1091A0000FF90020F07594206C4908600020FEF74C
:1091B0003FF900206A49087001208DF80400002062
:1091C0008DF8050000942A00D2B269460020FEF70F
:1091D00036FE00280DD05F4C18225F492000FEF7B4
:1091E000EFF80020E0759E205C4908600020FEF743
:1091F0001FF973BD7CB505000C002800FEF724FDA7
:1092000000280DD0534E182253493000FEF7D8F8ED
:109210000020F075B520514908600020FEF708F9DC
:109220002000C0B2002814D14F48007801280DD08A
:10923000484E182248493000FEF7C2F80020F07569
:10924000B920464908600020FEF7F2F800204449A2
:10925000087000952800FEF72CFD002801D0202082
:1092600001E04FF4007001902200D2B26946002064
:10927000FEF719FE002801D1012000E0002076BD94
:10928000F8B584B004000D0016002000FEF7DCFCE9
:1092900000280DD02F4F18222F493800FEF790F8E4
:1092A0000020F875DF202D4908600020FEF7C0F887
:1092B00068461021FAF73AFC3000C0B2002814D1F9
:1092C0002948007801280DD0224F18222249380061
:1092D000FEF776F80020F875E620204908600020A7
:1092E000FEF7A6F800201E49087001208DF808003E
:1092F00001208DF8090002208DF80A0001208DF868
:109300000B0000208DF80C00009401953200D2B2C1
:1093100069460020FEF74FFC00280DD00D4C1822A6
:109320000D492000FEF74CF80020E075F5200B49B0
:1093300008600020FEF77CF805B0F0BD00E100E019
:1093400000E400E018ED00E00800244000F42440B0
:1093500000F52440E8150228F8A408109017022808
:10936000401802280791081041180228B0AC0810D4
:109370000000000000000000002F000000000700B7
:10938000070000147F147F1400242A7F2A12006231
:1093900064081323003649552250000005030000DD
:1093A00000001C224100000041221C000014083E65
:1093B00008140008083E0808000000A0600000082B
:1093C000080808080000606000004020100804023F
:1093D000003E5149453E0000427F4000004261513D
:1093E0004946002141454B31001814127F100027D7
:1093F00045454539003C4A4949300001710905039A
:1094000000364949493600064949291E00003636CA
:10941000000000005636000000081422410000142D
:10942000141414140000412214080002015109060A
:1094300000324959513E007C1211127C007F49498B
:109440004936003E41414122007F4141221C007FBC
:1094500049494941007F09090901003E4149497ACA
:10946000007F0808087F0000417F41000020404144
:109470003F01007F08142241007F40404040007FB0
:10948000020C027F007F0408107F003E4141413EF4
:10949000007F09090906003E4151215E007F09193C
:1094A00029460046494949310001017F0101003F39
:1094B0004040403F001F2040201F003F4038403FB9
:1094C000006314081463000708700807006151491D
:1094D000454300007F414100020408102040000085
:1094E00041417F000004020102040040404040402E
:1094F000000001020400002054545478007F4844C6
:10950000443800384444442000384444487F0038FC
:109510005454541800087E0901020018A4A4A47C25
:10952000007F080404780000447D400000408084EF
:109530007D00007F102844000000417F4000007C37
:1095400004180478007C0804047800384444443843
:1095500000FC242424180018242418FC007C08048F
:10956000040800485454542000043F444020003C68
:109570004040207C001C2040201C003C4030403CEF
:10958000004428102844001CA0A0A07C004464547F
:109590004C4414141414141438B500F077F900F086
:1095A00042F800F0C9F871490868800312D4BFF38B
:1095B0004F8FBFF36F8F00206D4A1060BFF34F8F46
:1095C000BFF36F8F086850F400300860BFF34F8F0F
:1095D000BFF36F8F0868C00324D40020654A106071
:1095E000BFF34F8F64480268C2F34E33C2F3C9041D
:1095F00043F6E07010EA431050EA84705F4D286033
:109600002000441E0028F3D11800431E0028EDD18D
:10961000BFF34F8F086850F480300860BFF34F8F5E
:10962000BFF36F8F31BD70B586B0684654491822BC
:10963000F7F744FD00200AE069460200D2B201EBD0
:10964000C2014968491C11F0070F0DD1401C0100EF
:10965000C9B2032909D269460200D2B211F8321008
:1096600011F0070FE8D0FEE7FEE7464C207810F037
:10967000070F00D0FEE7444D2868401C10F0070F8C
:1096800000D0FEE7002622E068463100C9B200EBB8
:10969000C10041683000C0B252F8300000F043F819
:1096A00014E000200028EFD02168491E3000C0B22D
:1096B00052F8300000F037F868463100C9B200EBCC
:1096C000C10041682868401C00F02DF8761C30006D
:1096D000C0B2032825D26A463000C0B252F830002A
:1096E000002813D020683100C9B252F831108842E6
:1096F0000AD368463100C9B200EBC1004068216856
:10970000884201D30120CDE70020CBE76846310035
:10971000C9B200EBC100406821688842C1D3012072
:10972000C0E706B070BD0022002302E0C0E90023BC
:1097300008308842FAD3704730B41448800814497E
:10974000144A002308E01C00E4B252F824401D0033
:10975000EDB241F825405B1C1C000500E4B2EDB2FF
:10976000AC42F0D30C48016030BC704714ED00E00F
:1097700050EF00E084ED00E080ED00E060EF00E0FD
:10978000C4AB081048A308104CA3081080000000C8
:10979000801802280000081008ED00E010B5002035
:1097A00042490860BFF34F8F41480168C1F34E3210
:1097B000C1F3C90343F6E07010EA421050EA837027
:1097C0003C4C20601800431E0028F3D11000421EBC
:1097D0000028EDD1BFF34F8FBFF36F8FBFF34F8FD3
:1097E000BFF36F8F002034490860BFF34F8FBFF382
:1097F0006F8F00F001F810BD38B586B068462F496C
:109800001822F7F75BFC6846FDF70EFBC0B2002894
:109810000DD02B4C18222B492000FDF7D1FD002044
:10982000E0754E20284908600020FDF701FE274D15
:109830002800FDF79BFDC0B200280DD0204C182257
:1098400020492000FDF7BCFD0020E07550201E4996
:1098500008600020FDF7ECFD1D49286808600A68D3
:109860001C4882181C48B2FBF0F01C4A10601C48CF
:10987000096801F2E7314FF47A72B1FBF2F101604D
:109880000068C0031749086007B030BD80B500F01C
:109890002DF815490A6852F470020A60BFF34F8F21
:1098A000BFF36F8F00F026F801BD000084ED00E0EB
:1098B00080ED00E074EF00E050EF00E0DCAB08105A
:1098C000E815022850A30810901702280018022853
:1098D000041802283F420F0040420F000C180228D3
:1098E000081802281018022888ED00E0EFF3108015
:1098F00072B6704780F310887047000038B50C00CE
:10990000602C01D2012000E00020794D3622290090
:10991000C0B2F8F709FF3722290076480078F8F737
:1099200003FF0121E40214F1A0542000FFF762FCC0
:10993000002801D1012000E00020C0B232BD38B5BE
:109940000C00602C01D2012000E00020684D46226E
:109950002900C0B2F8F7E8FE4722290065480078E0
:10996000F8F7E2FE0121E40214F1A0542000FFF711
:1099700002FC31BD2DE9F04107000C0015001E006E
:10998000602C01D2012000E00020DFF86481742205
:109990004146C0B2F8F7C8FE40F20120864201D22B
:1099A000012000E0002075224146C0B2F8F7BCFE5D
:1099B000762241464F480078F8F7B6FE210038007D
:1099C000FFF79CFF002803D021003800FFF7B7FF06
:1099D000E40214F1A054002707E00122290020002E
:1099E000FFF74EFC241D2D1D7F1CB742F5D3BDE8AB
:1099F000F08170B50D0014000020602D01D201200F
:109A000000E000203A4E92223100C0B2F8F78CFEFE
:109A100040F20120844201D2012000E00020932284
:109A20003100C0B2F8F780FE94223100314800784E
:109A3000F8F77AFE5FF0A050ED02AD0800EB85016B
:109A4000A2000B00012A0EDB13F01F008218BFF3E7
:109A50004F8F294803602033203A012AF9DABFF3F7
:109A60004F8FBFF36F8F002005E051F82020234B6C
:109A700043F82020401CA042F7D370BD70B50C0005
:109A80001500602C01D2012000E00020184EAB220E
:109A90003100C0B2F8F748FE40F20120854201D201
:109AA000012000E00020AC223100C0B2F8F73CFEFB
:109AB000AD2231000F480078F8F736FE0F4A2B0030
:109AC00021000020FFF756FF002070BD10B54FF4B5
:109AD0000071FF22094C2000F8F7B8FE10BD80B5D8
:109AE0000020FFF72AFB01200249087001BD000099
:109AF000FCA70810511802285CEF00E0D0070228EC
:109B0000010009B2002908D4012210F01F018A4087
:109B10004F4900B2400941F820207047FEE780B568
:109B20004C4800684C4801680800C00F002805D068
:109B30004A488905890D50F8210080470020FFF729
:109B4000DFFF01BD80B5464800684648016808004F
:109B5000C00F002805D041488905890D50F8210023
:109B600080470120FFF7CCFF01BD80B53E4800686B
:109B70003E4801680800C00F002805D03748890515
:109B8000890D50F8210080470220FFF7B9FF01BD81
:109B900080B537480068374801680800C00F0028C2
:109BA00005D02E488905890D50F8210080470320F3
:109BB000FFF7A6FF01BD80B52F4800682F48016858
:109BC0000800C00F002805D024488905890D50F8E9
:109BD000210080470420FFF793FF01BD80B528488E
:109BE0000068284801680800C00F002805D01B48FD
:109BF0008905890D50F8210080470520FFF780FF77
:109C000001BD80B520480068204801680800C00FE9
:109C1000002805D011488905890D50F8210080479A
:109C20000620FFF76DFF01BD80B51948006819488F
:109C300001680800C00F002805D008488905890D73
:109C400050F8210080470720FFF75AFF01BD0000B0
:109C500080E200E0C8AC0810000120401800022893
:109C6000CCAC081004012040D0AC08100801204002
:109C7000D4AC08100C012040D8AC081010012040D2
:109C8000DCAC081014012040E0AC081018012040A2
:109C9000E4AC08101C01204080B50020FEF7EFFB6B
:109CA0004B490868401C086005200A68096891FB58
:109CB000F0F100FB1120002801D1FCF705FCFEF7B4
:109CC0001FFF01BD80B50120FEF7D9FB00F092F81F
:109CD000002000F0DCF8012808D13E49086800287F
:109CE00002D10120086001E00020086001BD80B5BC
:109CF0000220FEF7C4FB01BD80B50320FEF7BFFBC9
:109D000001BD80B50420FEF7BAFB01BD80B505207A
:109D1000FEF7B5FB01BD80B50620FEF7B0FB01BD27
:109D200080B50720FEF7ABFB01BD80B50820FEF72C
:109D3000A6FB01BD80B50920FEF7A1FB01BD80B5E2
:109D40000A20FEF79CFB01BD80B50B20FEF797FBB8
:109D500001BD80B50C20FEF792FB01BD80B50D2042
:109D6000FEF78DFB01BD80B50E20FEF788FB00F0ED
:109D7000C3F801BD80B50020F9F785F8002801D0AF
:109D8000F8F7B9FC01BD80B50120F9F77CF800288F
:109D900002D011480068804701BD80B50220F9F764
:109DA00072F8002801D000F0E5F801BD80B503206D
:109DB000F9F769F801BD80B50420F9F764F80028C7
:109DC00004D0064800688047FFF7A6F801BD0000F0
:109DD0008417022854170228280702282C07022873
:109DE00080B50520F9F74FF801BD80B50620F9F7D9
:109DF0004AF801BD10B5002000241FE00021220018
:109E0000D2B2815413E037482100C9B2415C022923
:109E1000F4D035492200D2B251F822100A3940F26A
:109E2000DE329142EAD201212200D2B281540020D6
:109E30002D492200D2B241F82200641C2000C0B299
:109E4000042823DA29482100C9B2405CFBF7E3FC6F
:109E50000128D8D024482100C9B250F82110491C4B
:109E60002200D2B240F822104FF47A71204A1268D0
:109E7000B1FBF2F12200D2B250F822008842DCD3CA
:109E8000022018492200D2B28854D6E710BD1549E5
:109E9000C0B2085C704770B50400002C01D00120EE
:109EA00000E000208C221349C0B2F8F73DFC0020EE
:109EB00000250EE00123012200210C482E00F6B2FD
:109EC000805DFBF7B9FC002006492A00D2B2885415
:109ED0006D1C2800C0B20428ECDB0548046070BD8E
:109EE0000000000020180228D016022870AD0810CB
:109EF0001C18022880A70810F8B519480078002817
:109F00002DD00020174C08202060174D0420286019
:109F10000820286004202060082020600420286099
:109F2000002615E008202860104F072000F0ACF84C
:109F30003100C9B227F81100042000F0A5F8310063
:109F4000C9B207EB4101A1F8000108202060761C8E
:109F50003000C0B28028E5DB012005490870F1BD62
:109F60004F1802280803314004033140D00F022863
:109F7000501802281FB500200190404800780028A2
:109F800068D004E0012269463D48F9F79EFB694626
:109F90000220F9F7EDF80028F4D19DF800000A2816
:109FA00058D106200190364C012301AA02A92000B5
:109FB000F9F75BFC032228A10DF10B0000F09EF8DD
:109FC000002810D12748017802293DD001210170D5
:109FD0002000F9F769FB0190002301AA2249200023
:109FE000F9F743FC30E003221CA10DF10B0000F057
:109FF00085F8002810D11D480178022924D00121BC
:10A0000001702000F9F750FB0190002301AA1849C4
:10A010002000F9F72AFC17E0032211A10DF10B0033
:10A0200000F06CF800280FD11248017802290BD0FB
:10A03000012101702000F9F737FB0190002301AAEC
:10A040000D492000F9F711FC2000F9F7F3FA01207F
:10A050000C4908701FBD0000524D430047474100A6
:10A06000544853004B180228D81302284A180228D3
:10A07000581302284C18022858140228491802289C
:10A08000301602284818022830B40100C9B2490924
:10A090000200D2B2202392FBF3F403FB1422154BEF
:10A0A000C0B21B5C5B00D3F10403134C0800C0B2C8
:10A0B00054F820001500EDB2AD01284400F63C0034
:10A0C000056855F0010505600800C0B254F820008D
:10A0D000D0F80002C00F0028F6D1C9B254F8210010
:10A0E000D2B292011044D0F8240880B2184180B254
:10A0F00030BC704748150228300702288AB10B7817
:10A1000090F800C09C4506D110F8013B4BB1491CAA
:10A11000521EF4D105E002D24FF0FF30704701200B
:10A12000704700207047000080B58AB0284800F0D2
:10A130005BF8F8F758FBFEF7B9FAFCF7E3FB0020F1
:10A14000FBF76EF900F05EF8224800F095F8FBF797
:10A1500089FE214800F090F84FF47A710020FEF754
:10A16000A3F942F210710120FEF79EF90A20FFF7D1
:10A1700092FEFEF779FF1948194991ED050AB7EEED
:10A18000C00A8DED080B91ED040AB7EEC00A8DED03
:10A19000060B91ED030AB7EEC00A8DED040B90EDAE
:10A1A000000AB7EEC00A8DED020B90ED020AB7EE81
:10A1B000C00A8DED000B90ED010AB7EEC00A53EC1A
:10A1C000102B084800F058F80A20FBF72DFCD2E7C6
:10A1D00080B2E60E24AA081038AC0810EC1602284B
:10A1E000001602284CAC081080B505490860FFF73E
:10A1F000D5FAFBF748FC0020F9F754FC01BD00003C
:10A200001418022880B5FFF76AFC4FF400725A2137
:10A210000020FFF7EEFB15480168B1F1A53F03D11F
:10A2200040681349086001E000F001F801BD80B505
:10A23000FFF74CFC0D485FF0A53101600C4909683F
:10A2400041605A210020FFF759FB002803D05A2112
:10A250000020FFF774FB4FF400725A210020FFF733
:10A260000DFC64200349087001BD0000D0070228DE
:10A2700010000228441802280EB4C0B5024603A8F4
:10A2800000210190009101AB0121044878440C3079
:10A29000F5F7F9FE06BC5DF810FB00BF7109000080
:10A2A00072B61D4908684FEA102000F00F000E2812
:10A2B00008BF1A490D2808BF1949072808BF1949BE
:10A2C000082808BF1849086820F00B0008600868D3
:10A2D000BFF34F8F154816490860BFF34F8F1549DC
:10A2E000086840F0070008601349086840F007005C
:10A2F0000860BFF34F8FBFF36F8F00200021124A19
:10A30000E2E802016A45FBD10C4FB8470C4FB84751
:10A310000C4FB847FEE70000000020400C00204032
:10A320000C0420400C0820400C0C204000000810B9
:10A3300008ED00E090EF00E094EF00E09995081040
:10A3400055AA0810A9AB081000FF0728FFFF07282F
:10A35000443A5C78637A637A5C323174682D57686A
:10A3600065656C5F4C65675C435954344242375FA6
:10A370004C6962726172792D6D61737465722832F5
:10A38000295C5365656B667265655F435954344259
:10A39000425F4F70656E736F757263655F4C696283
:10A3A000726172795C6C69627261726965735C7307
:10A3B000646B5C747669696268346D5C7372635C4B
:10A3C00073797374656D5C73797374656D5F74769E
:10A3D00069696268346D5F636D372E630000000049
:10A3E000443A5C78637A637A5C323174682D5768DA
:10A3F00065656C5F4C65675C435954344242375F16
:10A400004C6962726172792D6D6173746572283264
:10A41000295C5365656B667265655F4359543442C8
:10A42000425F4F70656E736F757263655F4C6962F2
:10A43000726172795C6C69627261726965735C7376
:10A44000646B5C747669696268346D5C7372635CBA
:10A45000647269766572735C737973636C6B5C6349
:10A46000795F737973636C6B2E680000443A5C7893
:10A47000637A637A5C323174682D576865656C5F06
:10A480004C65675C435954344242375F4C69627291
:10A490006172792D6D61737465722832295C536520
:10A4A000656B667265655F4359543442425F4F7015
:10A4B000656E736F757263655F4C69627261727904
:10A4C0005C6C69627261726965735C73646B5C7405
:10A4D0007669696268346D5C7372635C6472697614
:10A4E0006572735C737973636C6B5C63795F7379AA
:10A4F00073636C6B2E630000443A5C78637A637A12
:10A500005C323174682D576865656C5F4C65675CBB
:10A51000435954344242375F4C6962726172792DFB
:10A520006D61737465722832295C5365656B667260
:10A5300065655F4359543442425F4F70656E736F77
:10A54000757263655F4C6962726172795C6C696295
:10A550007261726965735C73646B5C636F6D6D6F60
:10A560006E5C7372635C6D775C666C6173685C6370
:10A57000795F6D775F666C6173682E630000000021
:10A58000443A5C78637A637A5C323174682D576838
:10A5900065656C5F4C65675C435954344242375F74
:10A5A0004C6962726172792D6D61737465722832C3
:10A5B000295C5365656B667265655F435954344227
:10A5C000425F4F70656E736F757263655F4C696251
:10A5D000726172795C6C69627261726965735C73D5
:10A5E000646B5C636F6D6D6F6E5C7372635C6472E1
:10A5F00069766572735C6970635C63795F697063C7
:10A600005F6472762E680000443A5C78637A637AFD
:10A610005C323174682D576865656C5F4C65675CAA
:10A62000435954344242375F4C6962726172792DEA
:10A630006D61737465722832295C5365656B66724F
:10A6400065655F4359543442425F4F70656E736F66
:10A65000757263655F4C6962726172795C6C696284
:10A660007261726965735C7A665F64657669636559
:10A670005C7A665F6465766963655F696D753636B9
:10A680003072622E63000000443A5C78637A637A29
:10A690005C323174682D576865656C5F4C65675C2A
:10A6A000435954344242375F4C6962726172792D6A
:10A6B0006D61737465722832295C5365656B6672CF
:10A6C00065655F4359543442425F4F70656E736FE6
:10A6D000757263655F4C6962726172795C6C696204
:10A6E0007261726965735C7A665F636F6D6D6F6EC0
:10A6F0005C7A665F636F6D6D6F6E5F6669666F2E05
:10A7000063000000443A5C78637A637A5C323174A7
:10A71000682D576865656C5F4C65675C43595434B8
:10A720004242375F4C6962726172792D6D61737458
:10A7300065722832295C5365656B667265655F4397
:10A7400059543442425F4F70656E736F7572636522
:10A750005F4C6962726172795C6C69627261726984
:10A7600065735C7A665F6465766963655C7A665F6B
:10A770006465766963655F6970733230302E63009B
:10A78000443A5C78637A637A5C323174682D576836
:10A7900065656C5F4C65675C435954344242375F72
:10A7A0004C6962726172792D6D61737465722832C1
:10A7B000295C5365656B667265655F435954344225
:10A7C000425F4F70656E736F757263655F4C69624F
:10A7D000726172795C6C69627261726965735C7ACC
:10A7E000665F6465766963655C7A665F64657669F1
:10A7F00063655F6B65792E6300000000443A5C7806
:10A80000637A637A5C323174682D576865656C5F72
:10A810004C65675C435954344242375F4C696272FD
:10A820006172792D6D61737465722832295C53658C
:10A83000656B667265655F4359543442425F4F7081
:10A84000656E736F757263655F4C69627261727970
:10A850005C6C69627261726965735C7A665F64726E
:10A86000697665725C7A665F6472697665725F6646
:10A870006C6173682E630000443A5C78637A637A93
:10A880005C323174682D576865656C5F4C65675C38
:10A89000435954344242375F4C6962726172792D78
:10A8A0006D61737465722832295C5365656B6672DD
:10A8B00065655F4359543442425F4F70656E736FF4
:10A8C000757263655F4C6962726172795C6C696212
:10A8D0007261726965735C7A665F647269766572CB
:10A8E0005C7A665F6472697665725F70776D2E63FD
:10A8F00000000000443A5C78637A637A5C32317419
:10A90000682D576865656C5F4C65675C43595434C6
:10A910004242375F4C6962726172792D6D61737466
:10A9200065722832295C5365656B667265655F43A5
:10A9300059543442425F4F70656E736F7572636530
:10A940005F4C6962726172795C6C69627261726992
:10A9500065735C7A665F6472697665725C7A665F5D
:10A960006472697665725F7370692E63000000001F
:10A97000443A5C78637A637A5C323174682D576844
:10A9800065656C5F4C65675C435954344242375F80
:10A990004C6962726172792D6D61737465722832CF
:10A9A000295C5365656B667265655F435954344233
:10A9B000425F4F70656E736F757263655F4C69625D
:10A9C000726172795C6C69627261726965735C7ADA
:10A9D000665F6472697665725C7A665F64726976D6
:10A9E00065725F756172742E6300000030B40025DB
:10A9F00012E050F8042BD30744BF4A44521E091FEB
:10AA0000042942F8045BFAD213468C0744BF158030
:10AA10009B1CC90748BF1D7050F8041B0029E8D1D2
:10AA200030BC7047506C6561736520646F6E27742D
:10AA300020746F75636820746865206361722120DB
:10AA400043616C6962726174696E672E2E2E0D0A05
:10AA50000000000010B5074979441831064C7C44C9
:10AA6000163404E00A68081D114488470146A142D3
:10AA7000F8D110BD2C000000480000004EF68851AF
:10AA8000CEF20001086840F470000860BFF34F8FF9
:10AA9000BFF36F8F4FF00170E1EE100A70470000B6
:10AAA0004DFFFFFF84100000D007022800000000C7
:10AAB0007F64FFFFFE020000BE01000000000228CC
:10AAC00004207146084202D0EFF3098001E0EFF361
:10AAD000088000B50149884700BD000035740810A2
:10AAE00080B58DF80000012269460120F7F713FEBA
:10AAF000012802D19DF8000002BD4FF0FF3002BDD9
:10AB0000801C800803D0401C801EFCD100BF704711
:10AB1000EFF3108072B6704780F310887047000022
:10AB200000F00EF8002801D0FFF794FFAFF300808B
:10AB30000020AFF30080FFF7F7FA00F003F8000001
:10AB40000020704700F000B807463846F6F73EFD93
:10AB5000FBE700000D0A66696C65202573206C69AF
:10AB60006E652025643A2025732E0D0A0000000032
:10AB7000696D7536363072622073656C6620636865
:10AB800065636B206572726F722E0000042071463F
:10AB9000084201D0EFF30980EFF3088000B50149C6
:10ABA000884700BDA5AC08100548014603B46846B7
:10ABB00080F30988AFF30080FFF760FFFFF7B0FF75
:10ABC000A5EDF5FE00000228FFFF07280000002089
:10ABD000FF3F002000000000FF3F000000127A004D
:10ABE000000000000024F40000800000008000004D
:10ABF000008000000D0A66696C65202573206C6971
:10AC00006E652025642E0D0A0000000038B504464C
:10AC10000D462846FFF764FFA84218BF00242046CF
:10AC200032BD0000010002000400080010002000F6
:10AC3000400080000001000243616C69627261742F
:10AC4000696F6E20446F6E65210D0A0025662C2504
:10AC5000662C25662C25662C25662C25660A0000A8
:10AC600066696C653A206D646B2F257300000000E7
:10AC7000417373657274206572726F720000000018
:10AC800066696C653A202573000000006C696E658A
:10AC90003A202564000000004C6F67206D657373D7
:10ACA00061676500816911F8021CC9B201607047D3
:10ACB0000000000000000000020000000100000091
:10ACC000030100001011001000000000000000004F
:10ACD0000000000000000000000000000000000074
:10ACE0000000000000000000000000000000000064
:10ACF0000000000000000000000000000000000054
:10AD00000000000000000000000000000000000043
:10AD10000000000000000000000000000000000033
:10AD20000000000000000000000000000000000023
:10AD30000000000000000000000000000000000013
:10AD40000000000000000000000000000000000003
:10AD500000000000000000000000000000000000F3
:10AD600000000000E12E6542D80FC93FCDCC4C3E1B
:10AD7000A3A2A1A0FFF7FEBFFFF7A2BEFFF7A0BEF0
:10AD8000FFF79EBEFFF7FEBFFFF7FEBFFFF7FEBF58
:10AD9000FFF7FEBFFFF7FEBFFFF7FEBFFFF7FEBFE7
:10ADA000FFF7FEBFFFF7FEBFFFF7FEBFFFF7FEBFD7
:10ADB0007047200E0000A040EC51383E0000C84310
:10ADC000CDCCCC3D10F006FF6666663F1D9B08109B
:10ADD00004F1FF04F1FF04F1FF04F1FF04F1FF04AB
:10ADE000F177044C06180002280000F0400007200C
:10ADF00010803F010000009A99993F6F12833ACD6D
:10AE0000CC4C3E102002B1AD08100410040000909C
:10AE1000400010041006209040999C0810C50412B0
:10AE2000EF0412F9041003039D08100D0412170417
:10AE3000122104122B04123504123F041249041289
:10AE40005304125D041267041005000067400000FF
:10AE50006804126904100166407514128704129B7D
:10AE60000412AD0412B70412E10432EB2C12602478
:10AE700012650412640412630443624040001066C9
:10AE800040F000400100F8FFFF77010101B4586372
:10AE900006000000000000000000000000000000AC
:10AEA00000000000000000000000000000000000A2
:10AEB0000000000000000000000000000000000092
:10AEC0000000000000000000000000000000000082
:10AED0000000000000000000000000000000000072
:10AEE0000000000000000000000000000000000062
:10AEF0000000000000000000000000000000000052
:10AF00000000000000000000000000000000000041
:10AF10000000000000000000000000000000000031
:10AF20000000000000000000000000000000000021
:10AF30000000000000000000000000000000000011
:02AF400000000F
:040000051008ABA98B
:00000001FF
