:0200000480007A
:2000000000000000700059B30000000000000000000000000000000064B81E799B47E18668
:0C002000910000F8D9FF0A25DC0F0090C9
:0400300000A03CFFF1
:1200380073646820737468A0036568CA0BC30030009040
:200050000F05D011174580010B00D0010F00B02142218B0101110F2010006B0500200090A2
:200070003256FF0626003B00FEFF3FF617000F6510308B0602601745802600903256FF0673
:2000900018003B00FEFF3FF60F000F6500308B060260174580260090A2F63705C13F0F654B
:2000B00010200090A2F682030F6500200090DA207FF60700174580360F6400200090A2F6EC
:2000D00082020F6400300090820C822D3C130757FFCF8755BFDFCE57460546048B1480400E
:2000F0008B05A050CE77460746068B1680608B07A07082028203820082013A260B2700F2DD
:200110006E023C4F0B6430F10B7500F20B75A0F26E04024002513C453A640B7500F26E03B7
:2001300082123C3F3B0004E00B6030F10B7100F20B71A0F2DE1087559FFF06116701801FF3
:200150008B1FE0060248025906156745805F0614C2FE3CEB0284029506F067101F0006F113
:20017000C21E82087AE86E1D87559FFF06116701801F8B1FE0060B60C0A00B71D0B007BB67
:200190009FFF06156745805F061406136723803F8B1FE0266E0302A002B1C2183FE8E67FB3
:2001B00076C7460346028B1280208B03A030DF2D0B00071DE0FF76F7460146008B10800097
:0601D0008B01A01000905D
:2001D80080448055A65440426F0404003C07644544558B05C0FA6EFCB0C5095F0100244FF1
:2001F800EEFD00903B00034040F440C50070910000F6DA1759FFB01100702E148F1B00F167
:20021800AA10020F007074DF3B00034040C4007061000E00370A6800DA0A4BF0110200708C
:20023800610006003BE0024040C4007054DFC21F74DF007082246D00C0A9BB00804FBB00D6
:20025800FE5F6D00AFA982046D00E2A982046D00FAA66D0068B16D00D450910000F6D9FFDD
:20027800000054F46D00AB7202246D0071B26D0006466D0060A482546D0015B06D00AC95FE
:200298006D00B0946D008C966D00531782146D00679E6D000300009082043B803E506D00EB
:2002B80075B982143B803E506D0070B982243B803E506D006BB982343B8038516D0066B97D
:2002D8000090910000F6D9FF40F109FF4618DF5F2500910000F6D9FF40F109FF46189E4D3C
:2002F800910000F6D9FF001054FFEE066D002A106D006B133C12910000F6D9FF001054FF8E
:200318005E146D001F103C09910000F6D9FF001054FF5E236D0059130090910000F6D9FF67
:20033800002014FFDF1F6C80910000F6D9FFC4A3482F910000F6D9FFCC8348206B0031FF9A
:2003580082004B0F01F0AE0E910000F6D9FFC4A3482F910000F6D9FFCC8348206B0031FF0E
:200378003C0F910000F6D9FFC4A3482F910000F6D9FFCC8348206B0031FF67FFBFFF7B008D
:2003980012044B0F01F0370F61F06E39910000F6D9FF0020DA0234FF910000F6D9FFC4A352
:2003B800482F7B7038046B0021FF7B4033044B0F01F016068B0F20F2EE10910000F6D9FF9A
:2003D800CC8391000026D922C4A34C227B7038046B0021FF6CF23C13910000F6D9FFCC8322
:2003F80091000026D922C4A34C227B7038046B0021FF7B403B046B0031FF6CF2910000F632
:20041800D9FF002014FFDF2F6C80910000F6D9FFC4A3482F910000F6D9FFCC8348206B0001
:2004380031FF82004B0F01F0AE0E910000F6D9FFC4A3482F910000F6D9FFCC8348206B002D
:2004580031FF3C0F910000F6D9FFC4A3482F910000F6D9FFCC8348206B0031FF67FFBFFFF7
:200478007B0012044B0F01F0370F61F06E39910000F6D9FF0020DA0334FF910000F6D9FF5C
:20049800C4A3482F7BC038046B0021FF7B4033044B0F01F016068B0F20F2EE10910000F6DA
:2004B800D9FFCC8391000026D922C4A34C227BC038046B0021FF6CF23C13910000F6D9FF68
:2004D800CC8391000026D922C4A34C227BC038046B0021FF7B403B046B0031FF6CF29100A8
:2004F80000F6D9FF002014FFDF3F3A80910000F6D9FFC4A3482F910000F6D9FFCC834820B8
:200518006B0031FF82004B0F01F0AE0E910000F6D9FFC4A3482F910000F6D9FFCC8348204C
:200538006B0031FF3C0F910000F6D9FFC4A3482F910000F6D9FFCC8348206B0031FF67FF69
:20055800BFFF7B0012044B0F01F0370F61F06E07910000F6D9FF0020DA0434FF82013B701F
:2005780003203C3A534224F0910000F6D9FF50F010FF0810DA577E02C2119A32534F24F055
:20059800910000F6D9FF50F010FF0810DA575F0F23809A22534F24F0910000F6D9FF50F02A
:2005B80010FF0810DA57FE079A12534F24F0910000F6D9FF50F010FF0810DA577E0C53424E
:2005D80024F0910000F6D9FF50F010FF0810DA547E023C05C2F2DA1E3F2FC67F910000F654
:2005F800D9FF043034F1910000F6D9FF6850882FDE12DA0D7F1F1000910000F6D9FF189058
:2006180014F0DA147F0F0880910000F6D9FF6850DA02ACF2910000F6D9FF6850882FDE225B
:20063800DA087FF11000910000F6D9FF189014F0DA107FF00880910000F6D9FF6850DA055E
:20065800ACF2910000F6D9FF6850882F5E5F910000F6D9FF40F109FF6F08BF6F0880910003
:2006780000F6D9FF6850DA06ACF2910000F6D9FF002014FF5E2D910000F6D9FF6850882F73
:200698005E67910000F6D9FF6850DA08ACF2910000F6D9FF6850882F5E6F910000F6D9FFEC
:2006B80040F109FF6F08FF4F0880910000F6D9FF6850DA07ACF2910000F6D9FF6850882F38
:2006D800DF7FC680910000F6D9FF7C50DA0074FF910000F6D9FF7850DA0074FF3B20031004
:2006F8001D008800534124F0910000F6D9FF50F010FF48309A21534F24F0910000F6D9FF9F
:2007180050F010FF483F3F0F7400534124F0910000F6D9FF50F010FF48309AE1534F24F02A
:20073800910000F6D9FF50F010FF483F3F0F6100534124F0910000F6D9FF50F010FF4830EF
:200758009A11534F24F0910000F6D9FF50F010FF483F3F0F4E00534124F0910000F6D9FF48
:2007780050F010FF48309AF1534F24F0910000F6D9FF50F010FF483F3F0F3B00534124F0F3
:20079800910000F6D9FF50F010FF48309A31534F24F0910000F6D9FF50F010FF483F3F0F17
:2007B8002800534124F0910000F6D9FF50F010FF48309AD1534F24F0910000F6D9FF50F06B
:2007D80010FF483F3F0F150091000026D9227850534124F0910000F6D9FF50F010FF483FB1
:2007F800742F910000F6D9FF7C5074F13C0BC2F1910000F6D9FF40F109FF7008C23F3F1F45
:20081800737F910000F6D9FF7C5054F0DA147F0F0900910000F6D9FF6850DA08ACF23C17F0
:20083800910000F6D9FF50F019F04040910000F6D9FF50F019FF7C30A2F0DA467F0F0800CD
:20085800910000F6D9FF6850DA08ACF2910000F6D9FF6850882F3B800000FE0E910000F6CD
:20087800D9FF002014FFDE48910000F6D9FF40F109FF7108FF5F1180910000F6D9FF40F19F
:2008980009F07008DA117FF00880910000F6D9FF6850DA09ACF2910000F6D9FF6850882F87
:2008B8003B9000005F0F458082003BD002103C12534124F0910000F6D9FF50F010FF0812C5
:2008D800DA577E22C210910000F6D9FF103074F0C2F1DA083F1FEE7F4B0041F1910000F6F6
:2008F800D9FF003054F04B0F01F0370F61F06E20910000F6D9FF40F1DA0089FF0618910083
:2009180000F6D9FF6850DA00ACF2910000F6D9FF6850DA00B4FF910000F6D9FF6850DA002C
:20093800ACF1910000F6D9FF0020DA0034FF910000F6D9FF6850882F9E14910000F6D9FF97
:200958006850882F1E2E910000F6D9FF6850882F1E38910000F6D9FF6850882FDF4F5280D2
:200978003B9003103C46534124F0910000F6D9FF50F010FF483F910000F6D9FF041001F1BD
:2009980000F614F05200C290CE03DA003C28534124F0910000F6D9FF50F010FF483F910024
:2009B80000F6D9FF041001F100F614F05200C290DA4F7F0F0400DA4F3C12534124F0910042
:2009D80000F6D9FF50F010FF483F910000F6D9FF041001F100F614F0A20FC29F5341240032
:2009F800910000F6D9FF50F001F000F66CF8C2F1910000F6D9FF40F109FF70083F1FB57FA0
:200A1800910000F6D9FF6850882F1E58910000F6D9FF6850882FDF6F5383820182028203FC
:200A3800910000F6D9FF24A0DA3774FF1D00820091000026D92220A0910000F6D9FF24A0C3
:200A580054F0534024F0910000F6D9FF50F010FF482F921074203C4B910000F6D9FF24A08E
:200A780054F0530025F0910000F6D9FF8CD210FF91000026D92220A0542F10FF14F0DAFF05
:200A98005F0F2B80910000F6D9FF24A054F0530025F0910000F6D9FF8CD210FF91000026D3
:200AB800D92220A0542F10FF081FEE16910000F6D9FF24A054F2910000F6D9FF20A054F1D9
:200AD8008BF104F14B0F41F18BB203014B0041014B0F51303C21910000F6D9FF20A091004B
:200AF8000026D92220A0542FC21F74FF910000F6D9FF20A054F0910000F6D9FF24A054FF4D
:200B1800534F24F0910000F6D9FF50F010FF483FC2FF3FF0A37F76223C19910000F6D9FF74
:200B380024A091000026D92224A0542FC2FF74FF910000F6D9FF24A054FF910000F6D9FFD7
:200B580040F109F070083FF0757FDF029980910000F6D9FF24A091000026D92240F1092F80
:200B78007008C21F74FF1D008300910000F6D9FF24A054FF534F24F0910000F6D9FF50F026
:200B980010FF0810DA545F0F6880910000F6D9FF24A054FFC21F534F24F0910000F6D9FF26
:200BB80050F010FF0810DA545F0F5780910000F6D9FF24A054FFC22F534F24F0910000F69F
:200BD800D9FF50F010FF0810DA575F0F4680910000F6D9FF24A054FF534F24F0910000F6A6
:200BF800D9FF50F010FF4820910000F6D9FF24A054FFC22F534F24F0910000F6D9FF50F092
:200C180010FF482FA2F00B00C001DA0A7F0F2500910000F6D9FF24A054F2534224F091009E
:200C380000F6D9FF50F010FF4821910000F6D9FF40F191000026D92224A0542F89FF3008CD
:200C58008BF104F14B0F41F18BB203014B0041014B0F51303C14910000F6D9FF24A09100D2
:200C78000026D92224A0542FC21F74FF910000F6D9FF24A054F0DA1E3FF0797FDF02200217
:200C9800910000F6D9FF24A074F21D00AB00910000F6D9FF24A054FF534F24F0910000F638
:200CB800D9FF50F010FF91000026D92224A0542FA22F4B0F41F14B0141016BF361F04B0F08
:200CD80031F16CF3910000F6D9FF24A054FFA22F4B0F41F14B0141016BF361F04B0F3101DF
:200CF800910000F6D9FF24A054FF534F24F0910000F6D9FF50F010FF482F42F0DA024BF042
:200D18000142CE4382043C45910000F6D9FF24A054FFA22F4B0F41F14B0141016BF361F050
:200D38004B0F3101910000F6D9FF24A054FF534F24F0910000F6D9FF50F010FF482F42F08C
:200D5800DA024BF00142DA4F7F4F05003BF004403C20910000F6D9FF24A054FFA22F4B0FB9
:200D780041F14B0141016BF361F04B0F3101910000F6D9FF24A054FF534F24F0910000F6AD
:200D9800D9FF50F010FF482F42F0DA024BF00142910000F6D9FF24A054FF534F24F0910054
:200DB80000F6D9FF50F010FF6884FF441000910000F6D9FF24A054FF534F24F0910000F60C
:200DD800D9FF50F010FFDA046CF8910000F6D9FF24A091000026D92224A0542FC21F74FF22
:200DF800910000F6D9FF24A054F0DA3C3FF0517F534224F0910000F6D9FF50F010FF68316F
:200E1800910000F6D9FF24A0C2F274F21D00500191000026D92220A0910000F6D9FF24A07A
:200E380054FFC21F534F24F0910000F6D9FF50F010FF483F8B6F1FF0742F1D00DC00910045
:200E580000F6D9FF24A054FF530F25F0910000F6D9FF8CD210FF91000026D92220A0542F5D
:200E780010FF14F0DAFF5F0FBB80910000F6D9FF24A054FF530F25F0910000F6D9FF8CD21B
:200E980010FF91000026D92220A0542F10FF081FDF0FA680910000F6D9FF24A054FF534FD4
:200EB80024F0910000F6D9FF50F010FF91000026D92220A0542F6CF3910000F6D9FF20A0E5
:200ED80054F0910000F6D9FF24A054FF534F24F0910000F6D9FF50F010FF482F42F0DA0257
:200EF8004BF00102CE0382003C33910000F6D9FF20A054F0910000F6D9FF24A054FF534F5F
:200F180024F0910000F6D9FF50F010FF482F42F0DA024BF00102DA4F7F0F05003BF0040049
:200F38003C17910000F6D9FF20A054F0910000F6D9FF24A054FF534F24F0910000F6D9FF58
:200F580050F010FF482F42F0DA024BF00102910000F6D9FF24A054FF534F24F0910000F6B4
:200F7800D9FF50F010FF6880FF401000910000F6D9FF24A054FF534F24F0910000F6D9FF70
:200F980050F010FFDA046CF8910000F6D9FF24A054FF534F24F0910000F6D9FF50F010F2DB
:200FB800910000F6D9FF24A054FF534F24F0910000F6D9FF50F010FF483F910000F6D9FF59
:200FD80024A054F053402400910000F6D9FF50F001F000F64820A20F6C213C22910000F629
:200FF800D9FF20A091000026D92220A0542FC21F74FF910000F6D9FF20A054F0910000F60E
:20101800D9FF24A054FFC21F534F24F0910000F6D9FF50F010FF483FC22F3FF0127F9100BB
:2010380000F6D9FF24A054FF534F24F0910000F6D9FF50F010FF481F3B8000007FF020009E
:20105800910000F6D9FF24A054FF534F24F0910000F6D9FF50F010FF4830910000F6D9FFC7
:2010780024A054FFC22F534F24F0910000F6D9FF50F010FF483F7FF003003C0E910000F622
:20109800D9FF40F191000026D92224A0542FC22F89FF30083C14910000F6D9FF24A0910081
:2010B8000026D92224A0542FC2FF74FF910000F6D9FF24A054F0DA0A3F0FAC7E910000F632
:2010D800D9FF6850882F5E71910000F6D9FF6850882F3B8000005F0FB880910000F6D9FF54
:2010F8006850881FDF1FB180910000F6D9FF4060DA0774FF3B9003101D00A300534124F0B1
:20111800910000F6D9FF50F010FF482F910000F6D9FF040001F100F614F042F08B900100F5
:20113800CE0382003C2B534124F0910000F6D9FF50F010FF482F910000F6D9FF040001F1BB
:2011580000F614F042F08B900100DA4F7F0F05003BF004003C13534124F0910000F6D9FFEE
:2011780050F010FF482F910000F6D9FF040001F100F614F0420F8B9F0100534124F091008D
:2011980000F6D9FF50F010FF6830DA4F7F0F0B00534124F0910000F6D9FF50F010FFDA4F41
:2011B8006CF3534124F0910000F6D9FF50F010FF4830534124F0910000F6D9FF50F010FF94
:2011D800482F42F0DA024BF00122CE2382023C2F534124F0910000F6D9FF50F010FF483066
:2011F800534124F0910000F6D9FF50F010FF482F42F0DA024BF00122DA4F7F2F05003BF097
:2012180004203C15534124F0910000F6D9FF50F010FF4830534124F0910000F6D9FF50F02C
:2012380010FF482F42F0DA024BF00122534124F0910000F6D9FF50F010FF6882C2F1DA07D0
:20125800C2DF3F1F5D7F910000F6D9FF6850882F3B9000003E0A910000F6D9FF6850882FEC
:201278003BA000005F0F52803BB003103C46534124F0910000F6D9FF50F010FF483F91004D
:2012980000F6D9FF041001F100F614F05200C250CE03DA003C28534124F0910000F6D9FFEE
:2012B80050F010FF483F910000F6D9FF041001F100F614F05200C250DA4F7F0F0400DA4F99
:2012D8003C12534124F0910000F6D9FF50F010FF483F910000F6D9FF041001F100F614F06C
:2012F800A20FC25F53412400910000F6D9FF50F001F000F66CF8C2F1910000F6D9FF40F11F
:2013180009FF70083F1FB57F0090910000F6D9FF002014FFDF1F6C80910000F6D9FFC4A3D1
:20133800482F910000F6D9FFCC8348206B0031FF82004B0F01F0AE0E910000F6D9FFC4A31E
:20135800482F910000F6D9FFCC8348206B0031FF3C0F910000F6D9FFC4A3482F910000F63E
:20137800D9FFCC8348206B0031FF67FFBFFF7B0012044B0F01F0370F61F06E39910000F666
:20139800D9FF0020DA0234FF910000F6D9FFC4A3482F7BC038046B0031FF7B40330C4B0F8B
:2013B80001F016038B0F20F2EE10910000F6D9FFCC8391000026D922C4A34C227BC03804B5
:2013D8006B0031FF6CF23C13910000F6D9FFCC8391000026D922C4A34C227BC038046B0096
:2013F80031FF7B403B046B0021FF6CF2910000F6D9FF002014FFDF2F6C80910000F6D9FFD7
:20141800C4A3482F910000F6D9FFCC8348206B0031FF82004B0F01F0AE0E910000F6D9FF3D
:20143800C4A3482F910000F6D9FFCC8348206B0031FF3C0F910000F6D9FFC4A3482F9100EC
:2014580000F6D9FFCC8348206B0031FF67FFBFFF7B0012044B0F01F0370F61F06E39910085
:2014780000F6D9FF0020DA0334FF910000F6D9FFC4A3482F7BC038046B0031FF7B40330C0D
:201498004B0F01F016038B0F20F2EE10910000F6D9FFCC8391000026D922C4A34C227BC0B6
:2014B80038046B0031FF6CF23C13910000F6D9FFCC8391000026D922C4A34C227BC03804E4
:2014D8006B0031FF7B403B046B0021FF6CF2910000F6D9FF002014FFDF3F3A80910000F685
:2014F800D9FFC4A3482F910000F6D9FFCC8348206B0031FF82004B0F01F0AE0E910000F65D
:20151800D9FFC4A3482F910000F6D9FFCC8348206B0031FF3C0F910000F6D9FFC4A3482FC4
:20153800910000F6D9FFCC8348206B0031FF67FFBFFF7B0012044B0F01F0370F61F06E07D6
:20155800910000F6D9FF0020DA0434FF82013B7003203C3A534224F0910000F6D9FF50F0D4
:2015780010FF14F0DA577E02C2119A32534F24F0910000F6D9FF50F010FF14F0DA575F0FE9
:2015980023809A22534F24F0910000F6D9FF50F010FF14F0DA57FE079A12534F24F0910043
:2015B80000F6D9FF50F010FF14F0DA577E0C534224F0910000F6D9FF50F010FF14F0DA54AE
:2015D8007E023C05C2F2DA1E3F2FC67F910000F6D9FF043034F1910000F6D9FF6850882F4D
:2015F800DE12DA0F7F1F1000910000F6D9FF1C9014F0DA147F0F0880910000F6D9FF685022
:20161800DA02ACF2910000F6D9FF6850882FDE21DA087FF10F00910000F6D9FF1C9014FFEC
:20163800FFFF0880910000F6D9FF6850DA05ACF2910000F6D9FF6850882F5E5F910000F666
:20165800D9FF40F109FF6E08BF6F0880910000F6D9FF6850DA06ACF2910000F6D9FF002021
:2016780014FF5E2D910000F6D9FF6850882F5E67910000F6D9FF6850DA08ACF2910000F603
:20169800D9FF6850882F5E6F910000F6D9FF40F109FF6E08FF4F0880910000F6D9FF685023
:2016B800DA07ACF2910000F6D9FF6850882FDF7FC680910000F6D9FF7850DA0074FF91001C
:2016D80000F6D9FF7C50DA0074FF3B7003101D008800534124F0910000F6D9FF50F010FF52
:2016F80048209A21534F24F0910000F6D9FF50F010FF482F3FF07400534124F0910000F602
:20171800D9FF50F010FF48209AE1534F24F0910000F6D9FF50F010FF482F3FF061005341A8
:2017380024F0910000F6D9FF50F010FF48209A11534F24F0910000F6D9FF50F010FF482FE1
:201758003FF04E00534124F0910000F6D9FF50F010FF48209AF1534F24F0910000F6D9FF96
:2017780050F010FF482F3FF03B00534124F0910000F6D9FF50F010FF48209A41534F24F0D2
:20179800910000F6D9FF50F010FF482F3FF02800534124F0910000F6D9FF50F010FF4820F7
:2017B8009AC1534F24F0910000F6D9FF50F010FF482F3FF0150091000026D9227850534189
:2017D80024F0910000F6D9FF50F010FF482F742F910000F6D9FF7C5074F13C0BC2F19100FA
:2017F80000F6D9FF40F109FF7008C24F3F1F737F910000F6D9FF7C5054F0DA127F0F0900FF
:20181800910000F6D9FF6850DA08ACF23C17910000F6D9FF50F019F04040910000F6D9FF3F
:2018380050F019FF7C30A2F0DA467F0F0800910000F6D9FF6850DA08ACF2910000F6D9FF4E
:201858006850882F3B800000FE0E910000F6D9FF002014FFDE48910000F6D9FF40F109FFEA
:201878007108FF5F1180910000F6D9FF40F109F07008DA147FF00880910000F6D9FF6850EB
:20189800DA09ACF2910000F6D9FF6850882F3B9000005F0F458082003BD002103C12534162
:2018B80024F0910000F6D9FF50F010FF14F2DA577E27C210910000F6D9FF103074F0C2F1EA
:2018D800DA0A3F1FEE7F4B0041F1910000F6D9FF083054F04B0F01F0370F61F06E209100E8
:2018F80000F6D9FF40F1DA0089FF0618910000F6D9FF6850DA00ACF2910000F6D9FF6850AB
:20191800DA00B4FF910000F6D9FF6850DA00ACF1910000F6D9FF0020DA0034FF910000F681
:20193800D9FF6850882F9E14910000F6D9FF6850882F1E2E910000F6D9FF6850882F1E3858
:20195800910000F6D9FF6850882FDF4F52803BB003103C46534124F0910000F6D9FF50F0DA
:2019780010FF482F910000F6D9FF041001F100F614F042F0C2C0CE03DA003C28534124F0FF
:20199800910000F6D9FF50F010FF482F910000F6D9FF041001F100F614F042F0C2C0DA4FCE
:2019B8007F0F0400DA4F3C12534124F0910000F6D9FF50F010FF482F910000F6D9FF0410C6
:2019D80001F100F614F0420FC2CF53412400910000F6D9FF50F001F000F66CF8C2F191003B
:2019F80000F6D9FF40F109FF70083F1FB57F910000F6D9FF6850882F1E58910000F6D9FF1B
:201A18006850882FDF6F8783820182028203910000F6D9FF24A0DA3774FF1D008200910084
:201A38000026D92220A0910000F6D9FF24A054F0534024F0910000F6D9FF50F010FF482F7A
:201A5800921074203C4B910000F6D9FF24A054F0530025F0910000F6D9FF8CD210FF910085
:201A78000026D92220A0542F10FF14F0DAFF5F0F2B80910000F6D9FF24A054F0530025F016
:201A9800910000F6D9FF8CD210FF91000026D92220A0542F10FF081FEE16910000F6D9FFD4
:201AB80024A054F2910000F6D9FF20A054F1021F325F4B0F41F18BB203014B0041014B0F3A
:201AD80051303C21910000F6D9FF20A091000026D92220A0542FC21F74FF910000F6D9FF49
:201AF80020A054F0910000F6D9FF24A054FF534F24F0910000F6D9FF50F010FF483FC2FFA8
:201B18003FF0A37F76223C19910000F6D9FF24A091000026D92224A0542FC2FF74FF91008E
:201B380000F6D9FF24A054FF910000F6D9FF40F109F070083FF0757FDF029980910000F603
:201B5800D9FF24A091000026D92240F1092F7008C25F74FF1D008300910000F6D9FF24A0E7
:201B780054FF534F24F0910000F6D9FF50F010FF14F0DA545F0F6880910000F6D9FF24A0EB
:201B980054FFC21F534F24F0910000F6D9FF50F010FF14F0DA545F0F5780910000F6D9FFBF
:201BB80024A054FFC22F534F24F0910000F6D9FF50F010FF14F0DA575F0F4680910000F6B1
:201BD800D9FF24A054FF534F24F0910000F6D9FF50F010FF4830910000F6D9FF24A054FFAC
:201BF800C22F534F24F0910000F6D9FF50F010FF483FA2F00B00C001DA0A7F0F250091006B
:201C180000F6D9FF24A054F2534224F0910000F6D9FF50F010FF4831910000F6D9FF40F174
:201C380091000026D92224A0542F89FF3008021F325F4B0F41F18BB203014B0041014B0F6D
:201C580051303C14910000F6D9FF24A091000026D92224A0542FC21F74FF910000F6D9FFCC
:201C780024A054F0DA1E3FF0797FDF025402910000F6D9FF24A074F21D00B100910000F610
:201C9800D9FF24A054FF534F24F0910000F6D9FF50F010FF91000026D92224A0542FA22F0F
:201CB8004B0F41F14B0141016BF361F04B0F31F16CF2910000F6D9FF24A054FFA22F4B0FC8
:201CD80041F14B0141016BF361F04B0F3101910000F6D9FF24A054FF534F24F0910000F63E
:201CF800D9FF50F010FF483F42F0DA024BF001429AB4CEF3DA003C47910000F6D9FF24A003
:201D180054FFA22F4B0F41F14B0141016BF361F04B0F3101910000F6D9FF24A054FF534F1A
:201D380024F0910000F6D9FF50F010FF483F42F0DA024BF001428BB41F00DA4F7F0F04009D
:201D5800DA4F3C21910000F6D9FF24A054FFA22F4B0F41F14B0141016BF361F04B0F310149
:201D7800910000F6D9FF24A054FF534F24F0910000F6D9FF50F010FF483F42F0DA024BF0A1
:201D980001429AB4910000F6D9FF24A054F053402400910000F6D9FF50F001F000F66CF892
:201DB8003BF004007FF01000910000F6D9FF24A054FF534F24F0910000F6D9FF50F010FF83
:201DD800DA4F6CF8910000F6D9FF24A091000026D92224A0542FC21F74FF910000F6D9FF8F
:201DF80024A054F0DA3A3FF04B7F534224F0910000F6D9FF50F010FF6821910000F6D9FF77
:201E180024A0C2F274F21D007E0191000026D92220A0910000F6D9FF24A054FFC21F534FC5
:201E380024F0910000F6D9FF50F010FF482F8B8F00F0742F1D000A01910000F6D9FF24A059
:201E580054FF530F25F0910000F6D9FF8CD210FF91000026D92220A0542F10FF14F0DAFFF3
:201E78005F0FE980910000F6D9FF24A054FF530F25F0910000F6D9FF8CD210FF9100002603
:201E9800D92220A0542F10FF09FF7FF8DF0FD380910000F6D9FF24A054FF534F24F0910060
:201EB80000F6D9FF50F010FF91000026D92220A0542F6CF2910000F6D9FF24A054FF534F82
:201ED80024F0910000F6D9FF50F010F2910000F6D9FF24A054FF534F24F0910000F6D9FFAA
:201EF80050F010FF483F910000F6D9FF20A054F0A20F6C21910000F6D9FF24A054FF534F3B
:201F180024F0910000F6D9FF50F010FF4820910000F6D9FF24A054FF534F24F0910000F6CC
:201F3800D9FF50F010FF483F42F0DA024BF00102CE0382003C43910000F6D9FF24A054FF47
:201F5800534F24F0910000F6D9FF50F010FF4820910000F6D9FF24A054FF534F24F09100E0
:201F780000F6D9FF50F010FF483F42F0DA024BF00102DA4F7F0F05003BF004003C1F910082
:201F980000F6D9FF24A054FF534F24F0910000F6D9FF50F010FF4820910000F6D9FF24A055
:201FB80054FF534F24F0910000F6D9FF50F010FF483F42F0DA024BF00102910000F6D9FF20
:201FD80024A054FF534F24F0910000F6D9FF50F010FF6880DA4F7F0F1000910000F6D9FF60
:201FF80024A054FF534F24F0910000F6D9FF50F010FFDA4F6CF8910000F6D9FF24A054FF4B
:20201800534F24F0910000F6D9FF50F010FF488FFF5F1000910000F6D9FF24A054FF534FE7
:2020380024F0910000F6D9FF50F010FFDA056CF83C22910000F6D9FF20A091000026D92254
:2020580020A0542FC2FF74FF910000F6D9FF20A054F0910000F6D9FF24A054FFC21F534F95
:2020780024F0910000F6D9FF50F010FF482FC2CF3F0FE47E910000F6D9FF24A054FF534FB6
:2020980024F0910000F6D9FF50F010FF481F3B8000007FF02000910000F6D9FF24A054FF3F
:2020B800534F24F0910000F6D9FF50F010FF4820910000F6D9FF24A054FFC22F534F24F01F
:2020D800910000F6D9FF50F010FF482F7F0F03003C0E910000F6D9FF40F191000026D922A6
:2020F80024A0542FC22F89FF30083C14910000F6D9FF24A091000026D92224A0542FC2FFA3
:2021180074FF910000F6D9FF24A054F0DA0A3F0F7E7E910000F6D9FF6850882F5E71910071
:2021380000F6D9FF6850882F3B8000005F0FB080910000F6D9FF4060DA0774FF3B900310C0
:202158001D00A200534124F0910000F6D9FF50F010FF483F910000F6D9FF040001F100F680
:2021780014F052008B001F00CE03DA003C2A534124F0910000F6D9FF50F010FF483F9100C8
:2021980000F6D9FF040001F100F614F052008B001F00DA4F7F0F0400DA4F3C13534124F092
:2021B800910000F6D9FF50F010FF483F910000F6D9FF040001F100F614F0A20F8B0F1FF029
:2021D80053412400910000F6D9FF50F001F000F66CF2FF3F0B00534124F0910000F6D9FFFB
:2021F80050F010FFDA036CF2534124F0910000F6D9FF50F010FF4830534124F0910000F640
:20221800D9FF50F010FF482F42F0DA024BF00122CE2382023C2F534124F0910000F6D9FFB5
:2022380050F010FF4830534124F0910000F6D9FF50F010FF482F42F0DA024BF00122DA4F5D
:202258007F2F05003BF004203C15534124F0910000F6D9FF50F010FF4830534124F091000C
:2022780000F6D9FF50F010FF482F42F0DA024BF00122534124F0910000F6D9FF50F010FFF0
:202298006882C2F1DA07C2DF3F1F5E7F910000F6D9FF6850882F3B9000005F0F52803BB008
:2022B80003103C46534124F0910000F6D9FF50F010FF482F910000F6D9FF042001F100F639
:2022D80014F042F0C2B0CE03DA003C28534124F0910000F6D9FF50F010FF482F910000F6DB
:2022F800D9FF042001F100F614F042F0C2B0DA4F7F0F0400DA4F3C12534124F0910000F6D9
:20231800D9FF50F010FF482F910000F6D9FF042001F100F614F0420FC2BF5341240091007D
:2023380000F6D9FF50F001F000F66CF8C2F1910000F6D9FF40F109FF70083F1FB57F009047
:20235800910000F6D9FF40F109FF6E08BFDF5480910000F6D9FF40F109FF6F08FF6F4C809C
:20237800910000F6D9FF189014F0DA143FF04480910000F6D9FF1C9014FFFF6F3D8091007F
:2023980000F6D9FF4C6054FF7B6029044B0F01F06F2F3280910000F6D9FF304014FFBF2FE5
:2023B8002B80910000F6D9FF40F109F07008DA143F0F2280910000F6D9FF40F109FF71086A
:2023D800FF6F1A80910000F6D9FF50F039F0D170DA57BE01910000F6D9FF50F039F0D580C7
:2023F800DA573E09910000F6D9FF50F039F0D990DA577E031D00E8023B400130910000F630
:20241800D9FF7050820074F0910000F6D9FF7450820074F0910000F6D9FF0C30820034F0DC
:202438003BB003003C1F534024F0910000F6D9FF50F010FF48DF8BC01F10534124109100EC
:2024580000F6D9FF50F001F100F648F1521182727F120800910000F6D9FF705074F03C0482
:20247800C2F03F03E27F910000F6D9FF705054FFEE533BB003103C4E534124F0910000F685
:20249800D9FF50F010FF48FF8BF11F0053402400910000F6D9FF50F001F000F648F0520054
:2024B800BF3036009AF1534F24F0910000F6D9FF50F010FF48FF8BE11F00534024009100D6
:2024D80000F6D9FF50F001F000F648F05200BF301F009AE1534F24F0910000F6D9FF50F087
:2024F80010FF48FF8BD11F0053402400910000F6D9FF50F001F000F648F0A20FBF3F0800C7
:20251800910000F6D9FF705074F13C06C2F1370168103F13B37F910000F6D9FF705054FF84
:20253800EE733BB003203C6E9AD2534F24F0910000F6D9FF50F010FF48F0534224F0910028
:2025580000F6D9FF50F010FF48DF92F13F0158009AC2534F24F0910000F6D9FF50F010FF44
:2025780048F0534224F0910000F6D9FF50F010FF48DF92F13F0144009AB2534F24F09100F3
:2025980000F6D9FF50F010FF48F0534224F0910000F6D9FF50F010FF48DFC2FF3F0F300011
:2025B8009AA2534F24F0910000F6D9FF50F010FF48F0534224F0910000F6D9FF50F010FFD4
:2025D80048DFC2FF3F0F1C009A92534F24F0910000F6D9FF50F010FF48F0534224F091008F
:2025F80000F6D9FF50F010FF48DFC2FF3F0F0800910000F6D9FF705074F23C06C2F23702B4
:2026180068203F23937F910000F6D9FF705054FF1D00C2009260CE0382003C0A92603BB0ED
:2026380003107F0105003BB003003C0292609231CE1382013C0A92313BB003207F120500F8
:202658003BB003103C02923153402400910000F6D9FF50F001F000F6482053412410910065
:2026780000F6D9FF50F001F100F648217F1093009250CE0382003C0A92503BB003107F01E6
:2026980005003BB003003C0292509231CE1382013C0A92313BB003207F1205003BB003103D
:2026B8003C02923153402400910000F6D9FF50F001F000F6482053412410910000F6D9FF35
:2026D80050F001F100F648217F1065009230CE0382003C0A92303BB003107F0105003BB0D2
:2026F80003003C0292309221CE1382013C0A92213BB003207F1205003BB003103C0292211C
:2027180053402400910000F6D9FF50F001F000F6482053412410910000F6D9FF50F001F1A3
:2027380000F648217F0137009230CE0382003C0A92303BB003107F0105003BB003003C029F
:2027580092309211CE1382013C0A92113BB003207F1205003BB003103C0292115340240075
:20277800910000F6D9FF50F001F000F6482053412410910000F6D9FF50F001F100F648219B
:202798007F010900910000F6D9FF0C30DA0134FF3C0AC2FF910000F6D9FF40F109F07008E7
:2027B8003FF03A7F910000F6D9FF705054FF370F68103C61910000F6D9FF705054FFC2DF39
:2027D800534F24F0910000F6D9FF50F010FF081F3B7005005F0F4F80910000F6D9FF70504A
:2027F80054FFC2CF534F24F0910000F6D9FF50F010FF081F3B7005005F0F3D80910000F6F0
:20281800D9FF705054FFC2BF534F24F0910000F6D9FF50F010FF081F3B7005005F0F2B80E0
:20283800910000F6D9FF705054FFC2AF534F24F0910000F6D9FF50F010FF081F3B70050062
:20285800FE09910000F6D9FF705054FFC29F534F24F0910000F6D9FF50F010FF081F3B7050
:2028780005007E08910000F6D9FF0C30DA0134FF3C04C2F1FFB1A0FF910000F6D9FF7050AB
:2028980054FF6E18910000F6D9FF40F109F06E08DA197F0F1080910000F6D9FF40F109FF9F
:2028B8007108FF8F0880910000F6D9FF0C30DA0134FF910000F6D9FF705054FF534F24F0A0
:2028D800910000F6D9FF50F010FF48FFBF3F7C00910000F6D9FF705054F0DA157F0F74001D
:2028F800910000F6D9FF0C3014FFDF1F6D80910000F6D9FF40F109FF6E08BFFF65809100E5
:2029180000F6D9FF6850882FEE5E910000F6D9FF002014FFEE58910000F6D9FF6850DA014C
:20293800B4FF910000F6D9FF6850DA01ACF2910000F6D9FF6850DA01ACF1910000F6D9FF4E
:202958000020DA0134FF910000F6D9FF1430DA06B4FF910000F6D9FF40F1DA0489FF0618E7
:20297800910000F6D9FFC4A3482F7B802C046B0021FF7B4033044B0F01F016068B0F20F247
:20299800EE10910000F6D9FFCC8391000026D922C4A34C227B802C046B0021FF6CF23C1389
:2029B800910000F6D9FFCC8391000026D922C4A34C227B802C046B0021FF7B403B046B00AF
:2029D80031FF6CF20090910000F6D9FF40F109FF6E08FF6F5480910000F6D9FF40F109FFD9
:2029F8006F08BFDF4C80910000F6D9FF1C9014F0DA143FF04480910000F6D9FF189014FFD4
:202A1800FF6F3D80910000F6D9FF4C6054FF7BC028044B0F01F06F2F3280910000F6D9FFB4
:202A380040F109F07008DA143F0F2980910000F6D9FF1C4014FFBF3F2280910000F6D9FF2A
:202A580040F109FF7108FF6F1A80910000F6D9FF50F039F0D070DA57BE01910000F6D9FF4D
:202A780050F039F0D480DA573E09910000F6D9FF50F039F0D890DA577E031D00E9023B40A4
:202A98000130910000F6D9FF4460820074F0910000F6D9FF4860820074F0910000F6D9FFB8
:202AB8000C30820034F03BB003003C1E9AC0534F24F0910000F6D9FF50F010FF09F1001903
:202AD800534024F0910000F6D9FF50F010FF48EFA2F182727F120800910000F6D9FF44602F
:202AF80074F03C04C2F03F03E37F910000F6D9FF446054FFEE533BB003203C4E9AF2534F67
:202B180024F0910000F6D9FF50F010FF09F00019534224F0910000F6D9FF50F010FF09F178
:202B38000019A210BF3036009AE2534F24F0910000F6D9FF50F010FF09F000199AF2534F6D
:202B580024F0910000F6D9FF50F010FF09F10019A210BF301F009AD2534F24F0910000F61F
:202B7800D9FF50F010FF09F000199AE2534F24F0910000F6D9FF50F010FF09FF0019A2F071
:202B9800BF300800910000F6D9FF446074F23C06C2F2370268203F23B37F910000F6D9FF13
:202BB800446054FFEE783BB003203C739AD2534F24F0910000F6D9FF50F010FF09F0001901
:202BD800534224F0910000F6D9FF50F010FF48EF92113F105C009AC2534F24F0910000F668
:202BF800D9FF50F010FF09F00019534224F0910000F6D9FF50F010FF48EF92113F104700BD
:202C18009AB2534F24F0910000F6D9FF50F010FF09F00019534224F0910000F6D9FF50F092
:202C380010FF48EFC21F3FF032009AA2534F24F0910000F6D9FF50F010FF09F000195342AD
:202C580024F0910000F6D9FF50F010FF48EFC21F3FF01D009A92534F24F0910000F6D9FFF5
:202C780050F010FF09F00019534224F0910000F6D9FF50F010FF48EFC21F3FF008009100A4
:202C980000F6D9FF705074F23C06C2F2370268203F238E7F910000F6D9FF446054FF1D008F
:202CB800C2009260CE0382003C0A92603BB003107F0105003BB003003C0292609231CE1378
:202CD80082013C0A92313BB003207F1205003BB003103C02923153402400910000F6D9FF97
:202CF80050F001F000F6483053412410910000F6D9FF50F001F100F648317F019300925060
:202D1800CE0382003C0A92503BB003107F0105003BB003003C0292509231CE1382013C0A22
:202D380092313BB003207F1205003BB003103C02923153402400910000F6D9FF50F001F0CE
:202D580000F6483053412410910000F6D9FF50F001F100F648317F0165009230CE0382002B
:202D78003C0A92303BB003107F0105003BB003003C0292309221CE1382013C0A92213BB0C7
:202D980003207F1205003BB003103C02922153402400910000F6D9FF50F001F000F64830BE
:202DB80053412410910000F6D9FF50F001F100F648317F1037009230CE0382003C0A923050
:202DD8003BB003107F0105003BB003003C0292309211CE1382013C0A92113BB003207F12DB
:202DF80005003BB003103C02921153402400910000F6D9FF50F001F000F64830534124105A
:202E1800910000F6D9FF50F001F100F648317F100900910000F6D9FF0C30DA0134FF3C0A13
:202E3800C2FF910000F6D9FF40F109F070083FF03A7F910000F6D9FF446054FF370F6810BC
:202E58003C5C910000F6D9FF446054FFC2DF534F24F0910000F6D9FF50F010FF14F0DA5732
:202E78005F0F4B80910000F6D9FF446054FFC2CF534F24F0910000F6D9FF50F010FF14F0B2
:202E9800DA575F0F3A80910000F6D9FF446054FFC2BF534F24F0910000F6D9FF50F010FF86
:202EB80014F0DA575F0F2980910000F6D9FF446054FFC2AF534F24F0910000F6D9FF50F092
:202ED80010FF14F0DA57FE08910000F6D9FF446054FFC29F534F24F0910000F6D9FF50F084
:202EF80010FF14F0DA577E08910000F6D9FF0C30DA0134FF3C04C2F1FFB1A5FF910000F679
:202F1800D9FF446054FF6E18910000F6D9FF40F109FF7108FF8F1180910000F6D9FF40F184
:202F380009F06F08DA197F0F0880910000F6D9FF0C30DA0134FF910000F6D9FF446054FF01
:202F5800534F24F0910000F6D9FF50F010FF09F00019DA4E7FF07C00910000F6D9FF4460CD
:202F780054F0DA157F0F7400910000F6D9FF40F109FF6F08BFFF6C80910000F6D9FF0C30B0
:202F980014FFDF1F6580910000F6D9FF6850882FEE5E910000F6D9FF002014FFEE589100A0
:202FB80000F6D9FF6850DA02B4FF910000F6D9FF6850DA01ACF2910000F6D9FF6850DA0162
:202FD800ACF1910000F6D9FF0020DA0134FF910000F6D9FFC4A3482F7B802C046B0031FFAC
:202FF8007B40330C4B0F01F016038B0F20F2EE10910000F6D9FFCC8391000026D922C4A3EA
:203018004C227B802C046B0031FF6CF23C13910000F6D9FFCC8391000026D922C4A34C2282
:203038007B802C046B0031FF7B403B046B0021FF6CF2910000F6D9FF1430DA06B4FF910008
:2030580000F6D9FF40F1DA0589FF06180090910000F6D9FF685094FF5E146DFF60E93C092E
:20307800910000F6D9FF685094FF5E236DFF4FF10090026F027954A809AA040952404B004C
:2030980041B10B5980004B0041C14BCC41006BBB61406D008980022D52804B004181A2A907
:2030B8004B0941914B9941F06B88614F6D007C804BDB51F04BDC51004B2851104B29512019
:2030D8004B2F41306B0171434B0241006BF161506D00B0653BB0FDF09B9F04F44BF251F028
:2030F8007B4033044B0F41F0B70F812F3C010090910000F6D9FF143009FFC0086E133BA029
:20311800424082156D001CA2910000F6D9FF143091000026D9221430092FC008C2FFB4FF46
:203138003C063BA0424082056D000AA200903BA042408215820682376D00BFA100906D00A9
:203158008300910000F6D9FF40F109FF7008FF0F048082053C13910000F6D9FF40F109F0D3
:203178007008DA3B7F0F05803BB003503C07910000F6D9FF40F109F57008910000F6D9FFB1
:20319800209082143B2003606D00340402246D00165BB4F2910000F6D9FF40F109FF7008B4
:2031B800FF0F048082053C13910000F6D9FF40F109F07008DA3B7F0F05803BB003503C07E5
:2031D800910000F6D9FF40F109F57008910000F6D9FF289082243B2003606D000B040224B4
:2031F8006D00ED5AB4F2910000F6D9FF249082143BA000503B2003606D00FC0302246D00CC
:20321800DE5AB4F2910000F6D9FF2C9082243BA000503B2003606D00ED0302246D00CF5AF5
:20323800B4F2910000F6D9FF40F109FF46181E4A910000F6D9FF40F109FF46181E536D009E
:20325800A50400902068910000F6D9FF1C40DA0034FF910000F6D9FF3040DA0034FF910060
:2032780000F6D9FF1830DA0034FF910000F6D9FF1C30DA0034FF82003C14534020F0910055
:2032980000F6D9FF203010FFDA0074FF534020F0910000F6D9FF383010FFDA0074FFC21004
:2032B800BF60EDFF912000F8D9FF982B49FF000A49A2080AA02444FF642FFC4E912000F8CB
:2032D800D9FF982B49FF000A49A2140AA02444FF642FFC4E912000F8D9FF982B49FF000A66
:2032F80049A2200AA02444FF642FFC4E912000F8D9FF982B49FF000A49A22C0AA02444FFFF
:20331800642FFC4E910000F6D9FF40F109F07008DA147FF0DB81910000F6D9FF40F109FF66
:203338007008C25FCEF3DA003C14910000F6D9FF40F109F07008C250DA3B7F0F0400DA3B22
:203358003C08910000F6D9FF40F109FF7008C25F534F24F0910000F6D9FF50F010FF48FF35
:203378007802910000F6D9FF40F109FF70088BFF00F0CEF3DA003C16910000F6D9FF40F1B4
:2033980009FF70088BFF0000DA3B7F0F0400DA3B3C09910000F6D9FF40F109FF70088BFF70
:2033B80000F0534F24F0910000F6D9FF50F010FF48FF7803910000F6D9FF40F109FF7008CF
:2033D8008B3F02F0CEF3DA003C16910000F6D9FF40F109FF70088B3F0200DA3B7F0F0400A9
:2033F800DA3B3C09910000F6D9FF40F109FF70088B3F02F0534F24F0910000F6D9FF50F03A
:2034180010FF48FF7804910000F6D9FF40F109FF7008C25FCEF382053C15910000F6D9FF99
:2034380040F109F07008C250DA3B7F0F05003BB003503C08910000F6D9FF40F109F5700890
:20345800C25589A51409910000F6D9FF40F109FF70088BFF00F0CEF382073C17910000F644
:20347800D9FF40F109FF70088BFF0000DA3B7F0F05003BB003703C09910000F6D9FF40F146
:2034980009FF70088BFF007089A71809910000F6D9FF40F109FF70088B3F02F0CEF3DA00E2
:2034B8003C16910000F6D9FF40F109FF70088B3F0200DA3B7F0F0400DA3B3C09910000F63E
:2034D800D9FF40F109FF70088B3F02F07807910000F6D9FF203009A0100974A0780109A465
:2034F800080909A60C096DFFC6FD74F2910000F6D9FF40F109FF7008C25FCEF3DA003C142E
:20351800910000F6D9FF40F109F07008C250DA3B7F0F0400DA3B3C08910000F6D9FF40F1F0
:2035380009FF7008C25F534F24F0910000F6D9FF50F010FF09FF00197808910000F6D9FF6E
:2035580040F109FF70088BFF00F0CEF3DA003C16910000F6D9FF40F109FF70088BFF0000A1
:20357800DA3B7F0F0400DA3B3C09910000F6D9FF40F109FF70088BFF00F0534F24F0910061
:2035980000F6D9FF50F010FF09FF00197809910000F6D9FF40F109FF70088BEF01F0CEF318
:2035B800DA003C16910000F6D9FF40F109FF70088BEF0100DA3B7F0F0400DA3B3C099100AA
:2035D80000F6D9FF40F109FF70088BEF01F0534F24F0910000F6D9FF50F010FF09FF001964
:2035F800780A910000F6D9FF40F109FF7008C25FCEF382053C15910000F6D9FF40F109F0DE
:203618007008C250DA3B7F0F05003BB003503C08910000F6D9FF40F109F57008C25589A593
:203638002C09910000F6D9FF40F109FF70088BFF00F0CEF382073C17910000F6D9FF40F186
:2036580009FF70088BFF0000DA3B7F0F05003BB003703C09910000F6D9FF40F109FF7008ED
:203678008BFF007089A73009910000F6D9FF40F109FF70088BEF01F0CEF3DA003C169100D6
:2036980000F6D9FF40F109FF70088BEF0100DA3B7F0F0400DA3B3C09910000F6D9FF40F187
:2036B80009FF70088BEF01F0780D910000F6D9FF383009A0280974A0780109A4200909A6CF
:2036D80024096DFFD8FC74F2910000F6D9FF203054FF7B8032044B0F01F0AE2E910000F61E
:2036F800D9FF1830DA0134FF910000F6D9FF1C40DA0034FF3C07910000F6D9FF1C40DA04E0
:2037180034FF910000F6D9FF383054FF7B8032044B0F01F0AE2E910000F6D9FF1C30DA0166
:2037380034FF910000F6D9FF3040DA0034FF3C07910000F6D9FF3040DA0434FF912000F896
:20375800D9FF982B49FF000A49A2380AA02444FF642FFC4E912000F8D9FF982B49FF000ABD
:2037780049A2041AA02444FF642FFC4E912000F8D9FF982B49FF000A49A2101AA02444FF92
:20379800642FFC4E912000F8D9FF982B49FF000A49A21C1AA02444FF642FFC4E910000F612
:2037B800D9FF1C4014FFDF4F8980910000F6D9FF304014FFDF4F8280910000F6D9FF50F0C2
:2037D80019FF1C90780E910000F6D9FF50F019FF60B0780F910000F6D9FF50F019FFC4605E
:2037F8007810DA087811DA197812DA327813910000F6D9FF2030581074AFDA32780109A43E
:2038180038093B80005009A63C093B9001706DFF32FC6812910000F6D9FF50F019FF209099
:203838007814910000F6D9FF50F019FF64B07815910000F6D9FF50F019FFC8607816DA083D
:203858007817DA197818DA327819910000F6D9FF3830581674AFDA32780109A410193B8033
:20387800005009A614193B9001706DFF04FC6812910000F6D9FF2030481F7B8032044B0F41
:2038980001F0370F61F16E07910000F6D9FF1C40DA0534FF910000F6D9FF3830481F7B801C
:2038B80032044B0F01F0370F61F16E07910000F6D9FF3040DA0534FF0090910000F6D9FF92
:2038D80034E091000026D92238E0542F74FF910000F6D9FF347009FFC0083B4038003F0F28
:2038F8001A80910000F6D9FF1470DA0134FF910000F6D9FF3470DA00B4FF910000F6D9FF36
:203918000470DA0034FF910000F6D9FF3060DA0034FF910000F6D9FF34A014FFBF4F0E8030
:20393800910000F6D9FF30A0DA0034FF910000F6D9FF34A0DA0034FF00903BA000203C55D7
:203958003BA000303C4E530225F0910000F6D9FF8CD210FF01F300F614FFEE429AF2530F69
:2039780025F0910000F6D9FF8CD210FF01F300F614F08B12001053012510910000F6D9FFCB
:203998008CD201F100F601F300F614F1421053022510910000F6D9FF8CD201F100F601F365
:2039B80000F6081F42F053022510910000F6D9FF8CD201F100F601F300F609F17FF84210C4
:2039D8003BD02FF03FF00D00530225F0910000F6D9FF8CD210FF01F300F6DAFF34FFC21368
:2039F800DA463FF3B27FC212DA283FF2AB7F0090026382028206DA013E4682205F406400F6
:203A18001D00C200534524F0910000F6D9FF50F010FF482F53432400910000F6D9FF50F085
:203A380001F000F6482052004B0041010B3580104B0141114B10512082043C3C4B04410177
:203A5800534524F0910000F6D9FF50F010FF482F4B0F41116B0261011A54534F24F091004D
:203A780000F6D9FF50F010FF482F4B0F41116B0131004B044111534524F0910000F6D9FFA5
:203A980050F010FF482F4B0F41F16B12611F1A54534F24F0910000F6D9FF50F010FF482F76
:203AB8004B0F41F16B0F31F14BF041F06B0F2166C2145A533FF4C47FA2534B0341F14BF6AA
:203AD80051203C61534524F0910000F6D9FF50F010FF483F53432400910000F6D9FF50F086
:203AF80001F000F64830A20F4B0F41F10B3580004B0041014B0F512082043C3C4B0441016B
:203B1800534524F0910000F6D9FF50F010FF483F4B0F41116B0261011A54534F24F091007C
:203B380000F6D9FF50F010FF483F4B0F41116B0131004B044111534524F0910000F6D9FFD4
:203B580050F010FF483F4B0F41F16B12611F1A54534F24F0910000F6D9FF50F010FF483F95
:203B78004B0F41F16B0F31F14BF041F06B0F2166C2145A533FF4C47FA2534B0341F14BF6E9
:203B980051203C013C0100908200910000F6D9FF24A0DA3774FF3C2C910000F6D9FF24A0DE
:203BB80054FF534F24F0910000F6D9FF50F010FF488F8B9F1D10910000F6D9FF24A054FF92
:203BD800534F24F0910000F6D9FF50F010FF488F8B9F1DF003F10A00910000F6D9FF24A03A
:203BF80091000026D92224A0542FC2FF74FF910000F6D9FF24A054F1910000F6D9FF40F188
:203C180009FF7008C21F3F1FC97F910000F6D9FF4C604B0041F191000026D92240F10920F1
:203C380070088B6003014B0041014B0F51F074FF910000F6D9FF00506D00D30034F29100C4
:203C580000F6D9FF005014F0DA2D3FF05380910000F6D9FF40F109F07008DA193F0F4A8015
:203C7800910000F6D9FF40F109FF16098B9F1DF00BF0C0F1FF6F3E00910000F6D9FF4C60DB
:203C980054FF7B0012044B0F01F0370F61F06E31910000F6D9FF40F1DA0189FF12299100E8
:203CB80000F6D9FF1C4014FFBF4F2380910000F6D9FF304014FFBF4F1C80910000F6D9FF13
:203CD80040F1DA0289FF1229910000F6D9FF304014FF5E5E910000F6D9FF1C4014FF5E58DA
:203CF800910000F6D9FF40F1DA0389FF12293C08910000F6D9FF40F1DA0089FF122900907B
:203D1800910000F6D9FF284054FF910000F6D9FF204054F04B0F5130910000F6D9FF2C40C8
:203D380054FF910000F6D9FF244054F04B0F5140910000F6D9FF3C4074F482053C2D4B05A3
:203D580041F17B00F0036B3F61F04B0F310182013C1F4B0141F17B00F0236B4F61F24B0FD3
:203D780031F153052520910000F6D9FF8C2101F200F601F100F653C02B2091000026D9227F
:203D98001C14012200261022142F34FFC211DA503FF1E17FC215DA3C3FF5D37F910000F663
:203DB800D9FF7030DA0034FF00903B7003003C14530025F0910000F6D9FF8CD210FF01F4AF
:203DD80000F614FFEE068B7003F1370F68203C063B700320C2F0FF10EDFF3C0100908208FD
:203DF8003B4001903C0802946DFFE1FF7F2803800228C219DA3C7F9FF8FF02823C010090CE
:203E18006D00C1550090404F6D001B26022F02F46D00172514F0B700010034F002F46D0027
:203E380030260090FF440B00538420F0912000F8D9FFC4C910FFD4F23C02A0023C010090BF
:203E5800094F4C18161F3C0182003E0E82103E0E82203E0F8240BE003B800000BE003B004D
:203E78000100BE003C1282023C126D001B203C0F6D00641F3C0C6D00881F3C096D00EC1E50
:203E98003C066D00D51E3C0382023C013C01009082F282003C17538020F0912000F8D9FFEE
:203EB800C4C910FFD4FF7D4F0D80538020F0912000F8D9FFC4C910FF481F370F48203C04CD
:203ED800C210BF40EAFF3C010090404F40F46DFFB9FF09FFD408370F6CF0C21F4B0F41F169
:203EF8004BF251203C0100906DFFD4FF53C220F060FF9140003F30F3D93F002849F2080AAC
:203F18003C0100906DFFC6FF53C220F060FF9140003F30F3D9320028B0423C0100906DFF76
:203F3800B9FF53C220F060FF9140003F30F3D93200283C010090494F081A3C0554FF345F19
:203F5800B015C2F4FF14FCFF02423C0100902010404F0B541088026A89A7080909FF4C18E0
:203F7800161F78033C0140F46DFFB1FFC2188B4860F3370F68F074AF8B1A60F3370F68F095
:203F9800780154AF4B0F61F14BF941503BF026F19B3FA8F34BF5413082044B5251004B00E5
:203FB800716182108F461FF06E0D7B0018144B1941104B1251104B0171118F411FF06E02EF
:203FD8003C010269821882074B0061014B0241F04B0661014B0F51006B0031F582014B1FF7
:203FF80001F0AE046B0031B53C056B0031F567FFBFBF4B3B01F016038B0F20F26E028214BD
:20401800822D3C39DF2D05808210821E3C0773D70A004B8011028B1000E03C234B0D61A1F8
:204038004BA241A0036D0AC04B0C61F14BFA51C06B0C31F5820A4BAF01F0AE046B0C31A54E
:204058003C056B0C31F567FFBFAF4BAB01F0370F61F16E0602AB02D8036D0A900207C21037
:204078007F0EDEFF4B3B01F016038B0F20F26E023C09C21DF647736D0AF03BF0FF007FF03E
:20409800C3FF820440F46D00360009FFE00837097000370F0CF089FFA00809FFE2083708A6
:2040B8007000370F0CF089FFA20809F0560854AFC2FF370F68F037F004F089FF160809F091
:2040D8005708580137F004F089FF170858026E03DA013C02DA0009F0570837F081F389FF15
:2040F800170840F409A40C096D00050082123C010090094F4C18374F05F0894F0C18F6494E
:204118003C01094F4F18370FE1F33C01EEFB3C093C01094F4F18370FE1F33C01DF1FFBFFBB
:204138000090494F041A3C05145F74FFB015C2F4FF14FCFF02423C0100902008F4A4405D03
:20415800D4DFF44F40F46DFF60FE820440F46DFFD2FFDA0009F05A0837F002F089FF1A0864
:2041780009DFC80809F0D408C2FF370F70F037F00CF0ACFA09D46C0840F46DFFBCFF09D4E1
:20419800040909D54A0809D64D0809D74C0840F46DFFDFFE0228820440F46DFFACFF09DF02
:2041B8007C086E0382103C028200087F370F01F22CF709DF56086E03DA013C02DA0009F01A
:2041D8005B0837F001F389FF1B0809DF540809F05B0837F081F389FF1B0809DF510809F07E
:2041F800590837F083F089FF190809DF530809F05B0837F001F289FF1B0809DF550809F061
:204218005C0837F004F089FF1C0809D0580808CF370F02F32CFC09DF590809F0500837F027
:2042380002F389FF100809DF500809F0D80837F003F3ACFC09D05A0808DF8BF020033700FC
:204258006800370F04F02CFD09DF5B0809F051088BFF20F3370F68F037F004F089FF1108E7
:2042780009DF520809F05A0837F002F089FF1A0809DCA809BD0C7900D4CEBD0E280009C090
:20429800040809C95D084CE16E2109E4840909E44808370068506D00C80D09E4840909E4B8
:2042B800480802956D00F30DD4E2DA016E0382103C0282000C27370F81F22C27D4E20CEC51
:2042D8000920460837F002F02C2609CE8809BD0E1E0009C00C0809C95D084CE16E1709E4E0
:2042F800840909E44808370068506D009E0D09E4840909E4480802956D00C90DD4E20CEC96
:204318000920440837F003F02C2409CE9009BD0E150009C5540809C95D0809E4840909E48E
:2043380048080CECA6F56D00800D09E4840909E4480802956D00AB0D09CE9809BD0E1500BD
:2043580009C55C0809C95D0809E4840909E448080CECA6F56D00690D09E4840909E44808F8
:2043780002956D00940D09D46C0840F46DFFC3FEDA0089FF001982FF6CFFDA00D4A22C2EBD
:2043980009DF6D082E0CDA016E03DA013C02DA0009F0421837F001F089FF021809DF6D08C5
:2043B8002E1CDA016E03DA013C02DA0009F0421837F001F189FF021809DF6D082E2CDA01BC
:2043D8006E03DA013C02DA0009F0431837F001F189FF031809DF6D082E3CDA016E03DA0163
:2043F8003C02DA0009F0431837F081F189FF031809DF6D082E4CDA016E03DA013C02DA00E7
:2044180009F0431837F001F389FF0318DA002C2DDA002C2C09DF7D082C2FD200892054096D
:20443800DA006C240C2F82003E0482103E043C0682193C063BC000903C0382093C014CDC4E
:204458006E0C09D4B00909D4AE0802956D005224D4A4894284093C0909D4AE0802956D007B
:204478003524D4A4894284094CDE6E0C09D4B80909D4B40802956D003D24D4A489428809E7
:204498003C0909D4B40802956D002024D4A48942880909D9660809DFE208EE03DF3922803D
:2044B80040F46DFF31FD09DFE2081420370F68F037F008F0342F0C21379F82F12C210C23FE
:2044D80096022C23DA016E03DA013C02DA0009F0431837F001F289FF03180C2196042C2179
:2044F80009DFE008EE03DF39228040F46DFF19FD09DFE0081420370F68F037F008F0342F4F
:204518000C21379F82F12C210C2396022C23DA016E03DA013C02DA0009F0431837F081F37C
:2045380089FF03180C2196042C2109DFE4086E2140F46DFFDBFC09DFE4081420370F68F02C
:2045580037F008F0342F0C21379F82F12C210C2396022C23DA016E03DA013C02DA0009F0B0
:20457800421837F001F089FF02180C2196042C21DA016E03DA013C02DA0009F0500837F044
:2045980081F089FF1008DA016E0382103C02820008CF370F81F02CFC09FF5008960189FF1F
:2045B800100808CF96012CFC02823C010090F445DA00894F3C08DA01894F2C08DA01AC4403
:2045D8007B107EF46C41DA032C4ADA002C4CDA032C4DDA00894F1008DA01894F1108DA01AD
:2045F800894F1208DA00894F1308DA00894F1608DA00894F1408DA07894F1508DA01894FBD
:204618001808DA01894F1908DA00894F1A08DA00894F1B08DA00894F1C08DA00894FA208B3
:20463800DA00894FA008DA00894FA408DA00894F2608DAFF894F2D08A00FEC4AA00FEC4E16
:20465800A00FEC4CDA00894FAE08DA00894FB408DA00894F3D080090D44F09FF760816013E
:204678003C016E0909FF7E08960189FF3E080C4E96012C4E09FF7608370F61F13C016E093E
:2046980009FF7E08960489FF3E080C4E96022C4E09FF7708370F61F13C016E0909FF7F083E
:2046B800960489FF3F080C4E96042C4E09FF7708370FE1F13C016E0909FF7F08960889FF03
:2046D8003F080C4E96082C4E09FF7708370F61F33C016E0909FF7F08964089FF3F080C4EA6
:2046F80096102C4E0090404F6D00AB21022F02F46D00A720821074F002F46D00C2213C0156
:2047180014FF370FE1F0BA0F3C01DF1FFB7F0090404F6D009621022F02F46D00922014F04C
:20473800B700010034F002F46D00AB213C0114FF370FE1F0BA0F3C016EFB0090FF240B00C2
:20475800538420F0912000F8D9FFC8E910FFD4F23C02A0023C01009082F282003C1753808A
:2047780020F0912000F8D9FFC8E910FFD4FF7D4F0D80538020F0912000F8D9FFC8E910FF80
:20479800481F370F48203C04C210BF20EAFF3C01009002486DFFE2FF914000FFD9FF60089E
:2047B800530221F010FF534820F010F23C0100907643DF140980094F6C28375F02F0894F71
:2047D8002C283C42DF240400DF340980094F6C28375F02F1894F2C283C37DF440400DF54DE
:2047F8000980094F6C28375F02F2894F2C283C2CDA0C7E48094F6C28375F02F3894F2C28BF
:204818003C23DA0A3E43DA0D7E48094F6D28375F02F0894F2D283C18DF640400DF740980F6
:20483800094F6D28375F02F1894F2D283C0DDA083E43DA097E48094F6D28375F02F2894F19
:204858002D283C0200A00090404F0B451088026A6D00281B022B4B8B51406D00B04F0220C8
:2048780082033C0782224B200102F6023C05C213DA103FF3F9FFDA107FF34B8076A682203F
:204898004B0911029AF03C029AF9370F700009F1E4083701100089F0A408DA018200820155
:2048B80037F101133701011789F138198F7300F182005380201082700F10000009F23019BC
:2048D80082F4C64026020F1F00F0A6F289F230198F8300F18B0F20F26E0DDA00538F20F0AC
:2048F800C23F82100FF0000009FF3019A60F89FF301909FF701837AF81F389FF3018DA01A2
:204918000F3F00F04B0F61F14BFB51203C0282023C010090094054080C5C8B4FA0F237F0AF
:2049380001F3894F1408094051080C5C37F002F3894F11080090404F024F02586D00B21A5D
:2049580002294BF951406D003A4F022082033C0782224B200102F6023C05C213DA103FF323
:20497800F9FFDA107FF33F80C2F83708700009F1D4183701100089F09418820082118202B7
:20499800370201233712012789F238198F7300F182105380201082700F10000009F2301988
:2049B80082F4C64026020F1F00F0A6F289F230198F8300F18B0F20F26E0DDA01538F20F0CA
:2049D800C23F82100FF0000009FF3019A60F89FF3019DA010F3F00F04B0F61F14BF95120DC
:2049F8003C0282023C010090094054080C5C8B4FA0F237F081F3894F1408094054080C5CFB
:204A180037F002F0894F14080090404D405FC86C89DC900914CF370FE1F0BA0F3C01EE0491
:204A380040C46DFF77FE09FF5C081E1409FF5D086E5CDA0182100FF000004CC1260F6E0385
:204A5800DA013C02DA003C01EE08DA0182100FF000004CC1A60F6CC109FF69086E2248BFAD
:204A78006E05C864C8B56DFFC1FFDA0109F07008532F2010C22182320F1200204CC582F37A
:204A9800C632262F0F100000A60F6CC5483F370F70F009C0D41837F010F089CF94183C065D
:204AB8004824483540C46DFF48FF09FFF80809C0D01837F010F089CF901809FF5D186E145F
:204AD80009FF5D08EE1109FF7A0809C0741837F003F189CF341809FF7B0809C0741837F0AD
:204AF80082F289CF34183C0109FF5C086E0709FF5D18EE0409FF5D086E6448188201821045
:204B18000F1000004CC126F07603DA013C02DA003C01EE08820082110F0100104CC1A61F95
:204B38006CC109FF5D186E0B09FF5D08EE08484F6E0609FF7A085E5248483C0109FF600855
:204B58006E31489F6E05C864C8956DFFE5FEDA0009F06808532F20F09221DA030F1F0020B9
:204B78004CC582F3C632262F0F100000A60F6CC509FF740809C0701837F081F389CF301835
:204B980009FF74085E16DA024BF811028BF01F80370870F009C0E40837F010F089CFA4083A
:204BB8003C0854F409F6740840C402856DFF4EFE09FFF60809C0E00837F010F089CFA008B5
:204BD80009FEA019BD0E2300D4ECBCCF09EF080809C4840909C44808370F68506D002509AC
:204BF800D4C440C56DFF98FE09EC8409BCCF09EF080809C4840909C44808370F68506D0007
:204C18001409D4C440C56DFFF1FE09FFFE086E2CC86209F07C08DA010F0F00F009203029AD
:204C3800A6F089203029C86409F47C0809F57D086DFFC0FDC86409F47D086DFFACFD09F0AF
:204C5800401809FFFE081421370F68F037F108F0342F0C21370F82F12C210C2396022C2337
:204C78000C2196042C2109FFC4186E2CC86209F04218DA010F0F00F009203029A6F0892063
:204C98003029C86409F4421809F543186DFF92FDC86409F443186DFF7EFD09F0461809FF02
:204CB800C4181421370F68F037F108F0342F0C21370F82F12C210C2396022C230C2196049A
:204CD8002C2109FFCA186E2CC86209F04818DA010F0F00F009203029A6F089203029C86439
:204CF80009F4481809F549186DFF64FDC86409F449186DFF50FD09F04C1809FFCA18142154
:204D1800370F68F037F108F0342F0C21370F82F12C210C2396022C230C2196042C2109FFF5
:204D3800D0186E2CC86209F04E18DA010F0F00F009203029A6F089203029C86409F44E18BE
:204D580009F54F186DFF36FDC86409F44F186DFF22FD09F0521809FFD0181421370F68F0F6
:204D780037F108F0342F0C21370F82F12C210C2396022C230C2196042C2109FF5C0889DF67
:204D9800140849FF141A49D2180AA02444FF642FFC4E00902068912000F8D9FFE4C949FFBA
:204DB800000A49A2000AC506180044FF642FFC6E49AF000A4942000AC506180044FF642F69
:204DD800FC6E894598090090404F09FF5408DF1F3780C842DA008210820137F1011337013D
:204DF80001178921381909FF6108EE28487F6E1BC842821009FF6008532020008B800010F7
:204E180082300F1000000922341982F3C63026020F1F00F0A6F289223419C844C8756DFF3B
:204E3800E5FD3C0BC842DA008210820137F1811037018114892138193C013C0109FF5408D9
:204E58006E0409FF61086E32C842DA018200820137F101133701011789213819486F6E1B06
:204E7800C842820009FF6008532020008B80001082300F1000000922341982F3C630260294
:204E98000F1F00F0A6F289223419C844C8656DFF43FD3C0BC84FDA018200820137F1811070
:204EB8003701811489F138193C010090404F40F46D002F0082504DC0E1FF16073C013E2897
:204ED8009110003030F3D933C04F54313C034D00D01F3701E2F05E1382003C173701E2F051
:204EF800EE13534220F060FF9130003F30F3D93F1436081F16075E1382103C05081F160744
:204F18005E3282203C02825002023C010090822282003C17538020F0912000F8D9FFD8E9C8
:204F380010FFD4FF7D4F0D80538020F0912000F8D9FFD8E910FF481F370F68203C04C210A3
:204F5800BF20EAFF3C010090404F024F40F46DFFE0FF02286E031E325E4382093C02821955
:204F78005E23821A3C02820ADF1949804DC0E1FF16073C015F8F28006D00771D0228028463
:204F98006D00871C913000CFD9CC143640F46DFFC0FF534220F010C2142F37AF02F0342F16
:204FB80002846D00951D9110003030F3D933C04F543FB72F82F09110003030F3D933C04F2B
:204FD800743F3C1C6D003D1D022B02B46D00391C913000FFD9FF1436534820F010FF9130E5
:204FF800002FD9221436534820F01022142F37AF02F034FF02B46D00441D02923C01009015
:2050180082124DC0E1FF16073C01FF2F0B80538F20F0912000F8D9FFD8E910FFD4FF3C0290
:20503800A00F3C017DF4048082023C109110003030434933088A543F06F4374F9FF0911012
:20505800003030434933088A743F3C010090404FDA0140F46DFFD6FF262F40F46DFF28FF0C
:20507800F626821440F46DFF71FF262F02F23C010090913000FFD9FF004654FF370F6EF16A
:205098008FFF83813C01911000A7D9AA408F0D0080043B0098F0CD4FE00F0D00C0044D0012
:2050B800E0FFB70F14F0CD0FE00F0D00C00482117617DA009601CD4F20090D00C0044DC0DF
:2050D800E1FF8F7F00213C01913000FFD9FF004653C220F010FF54F037006E018FF083313D
:2050F8003C01913000FFD9FF004653C220F010FF54FF2E1B8F2320F0960154F03700700861
:205118008F002100A6F074F08F2320F0960254F0370070088F002100A60F74FF3C0154FF18
:205138001601DF1FFE7FDA00761382003C028210370F81F0CDCF20090D00C004913000FF03
:20515800D9FF004653C220F010FF54FF2E1B8F2320F0960154F0370070088F002100A60F98
:2051780074FF86238F3340F154F0370070088F002100A60F74FF3C0154FF6F0FFF7F0D00A4
:20519800C00482114DC0E1FF8F7F00213C01913000FFD9FF004653C220F010FF54F03700BA
:2051B8006E018FF083313C01913000FFD9FF004653C220F010FF54FF2E1B8F2320F09601F1
:2051D80054F0370070088F002100A6F074F08F2320F0960254F0370070088F002100A60F68
:2051F80074FF3C0154FF1601DF1FFE7FDA00761382003C028210370F81F0CD0F04090D00A0
:20521800C004913000FFD9FF004653C220F010FF54FF2E1B8F2320F0960154F037007008B8
:205238008F002100A60F74FF86238F3340F154F0370070088F002100A60F74FF3C0154FF87
:205258006F0FFF7F0D00C004913000FFD9FF004654FF2E1B8F2820F0960154F0370070089E
:205278008F002100A60F74FF8F2820F0960254F0370070088F002100A60F74FF3C0154FF84
:205298001601DF1FFE7F910000F8D9FF004080FFCD4FE20F0D00C00491F000F8D9FF000411
:2052B80080FFCD0FE20F0D00C004911000F7D9FF80CF80FFCD8FE20F0D00C004913000FF9D
:2052D800D9FF004654FF2E1B8F2820F0960154F0370070088F002100A60F74FF8F2820F00C
:2052F800960354F0370070088F002100A60F74FF3C0154FF6F0FFF7F91000000D90000003C
:2053180091000010D911000091000080D988000091000090D9990000911000F7D9FFC00FA6
:2053380091100027D922C001A004802080FFA2F0DA404BF0114282003C1E80FFB70F1CF0A7
:205358008F4F1F1080FFBBF0FF2F0662262F06AFA6F1F606CD81E30F0D00C0043C027441C7
:205378009AD47E05CDC1E30F0D00C00440F449FF001AC2103F40E3FFDA00744F6D00751B70
:20539800022F02846D00B41A02F46D00F51A6DFF39F56D006A1B913000FF19FF30366F1F39
:2053B80012008F2220F09601913000FF19F03036370070088F002100A60F913000FF59FF10
:2053D800303686228F2240F1913000FF19F03036370070088F002100A60F913000FF59FF6A
:2053F80030363C01913000FF19FF30361601DF1FFB7FDA00913000FF59FF1816912000480C
:20541800D944601B6D00CC159130884F910000F8D9FF7E0580F46DFF1CFE911000F8D9FFA7
:20543800FC5FDC0F0090913000FFD9FF0C4654FF370F6EF18FFF83113C01912000A6D9AA63
:20545800408B0D0080043B0098F0CD4FE00F0D00C0044D00E0FFB70F14F0CD0FE00F0D006B
:20547800C00482127627DA009601CD4F20090D00C0044DC0E1FF8F7F00313C01913000FF6F
:20549800D9FF004653C320F010FF54F037006E018FF083413C01913000FFD9FF004653C343
:2054B80020F010FF54FF2E1B8F2420F0960154F0370070088F002100A6F074F08F2420F05F
:2054D800960254F0370070088F002100A60F74FF3C0154FF1601DF1FFE7FDA00762382003A
:2054F8003C028210370F81F0CDCF20090D00C004913000FFD9FF004653C320F010FF54FF11
:205518002E1B8F2420F0960154F0370070088F002100A60F74FF86248F3440F154F03700EC
:2055380070088F002100A60F74FF3C0154FF6F0FFF7F0D00C00482124DC0E1FF8F7F0031E6
:205558003C01913000FFD9FF004653C320F010FF54F037006E018FF083413C01913000FFB9
:20557800D9FF004653C320F010FF54FF2E1B8F2420F0960154F0370070088F002100A6F091
:2055980074F08F2420F0960254F0370070088F002100A60F74FF3C0154FF1601DF1FFE7F47
:2055B800DA00762382003C028210370F81F0CD0F04090D00C004913000FFD9FF004653C3A9
:2055D80020F010FF54FF2E1B8F2420F0960154F0370070088F002100A60F74FF86248F3466
:2055F80040F154F0370070088F002100A60F74FF3C0154FF6F0FFF7F0D00C004913000FF7A
:20561800D9FF0C4654FF2E1B8F2120F0960154F0370070088F002100A60F74FF8F2120F0CA
:20563800960254F0370070088F002100A60F74FF3C0154FF1601DF1FFE7F91F000F8D9FF7C
:20565800000680FFCD4FE20F0D00C00491F000F8D9FF000480FFCD0FE20F0D00C0049120AC
:2056780000F6D9FF80CB80FFCD8FE20F0D00C004913000FFD9FF0C4654FF2E1B8F2120F016
:20569800960154F0370070088F002100A60F74FF86218F3140F154F0370070088F00210055
:2056B800A60F74FF3C0154FF6F0FFF7F91000000D900000091000010D91100009100008018
:2056D800D988000091000090D9990000912000F6D9FFC00B91200026D922C00DA004802091
:2056F80080FFA2F0DA404BF0114282003C1E80FFB70F1CF08F4F1F1080FFBBF0FF2F0662DF
:20571800262F06AFA6F1F606CD81E30F0D00C0043C0274419AD47E05CDC1E30F0D00C0048E
:2057380040F449FF001AC2103F40E3FFDA00744F911000F8D9FFFC20DC0F0090DA000950B0
:20575800DA08370F0EF009505C08370F03F809505D08370F81F909505E08370F01FA095036
:205778005F08370F83FA09506108370F01FE09506008370F03FC6C458201095064083701A9
:2057980003100950650837018111095066083701041409506B083701011A09506708370118
:2057B80003120950680837018113095069083701041609506C083701811A09506A08370168
:2057D800041809506D083701011B09506E083701011C09506F083701811C095F70086E0359
:2057F80082203C028200095F71086E03DA013C02DA00A6F03701021D095F720837F1041ED1
:20581800095F730837F1811B89411009095F06096C42095F0A096C43095F16096C41095FFB
:205838001209744F095F6A086E0A095F6A081E17095F6A081E24095F0E096C460090F445FB
:205858000090404F405CD4C2D42DF4FD09CF04082CF409CF0408530F22F010D2D9220002B2
:20587800E822C82440C56DFF6BFF820009CF63086E05DA0137F001083C04DA0137F0810831
:2058980009FF0408534F20F010D25920C08109CFF4086E22D4F209FF0408BC21534F20F0C1
:2058B80060FF9140003F30F3D93F40483C0109C0760809CFF40814F1370F68F037F108F083
:2058D80034FF081F370F82F12CF1083F96022CF3081F96042CF100902038912000F8D9FF3B
:2058F800E8E949FF000A49A2000AA0D644FF642FFC6E49AF000A4942000AA0D644FF642FDF
:20591800FC6EF44500906DFF1BFF0090D45FF44F0090404F6D009518022F02F46D0091173B
:2059380091A0003030F3D933C04F5430B700010091A0003030F3D933C04F743002F46D00CE
:20595800A01800906D009612913000FF39FF3506370F64F24B0F41F14BF251203C013C014F
:20597800009037046800DA084BF00102DA0203F10AF6370F68F0DF15068082220FF21020FF
:205998003C0482120FF210203C010090404F026F82066DFFE8FF6E04681268223C02681214
:2059B8000090404F026F82066DFFDDFF6E04684268523C0268420090404F3B0001606DFF8A
:2059D800D2FF74F20090404F024F0269820602F46DFFC9FF02283B0001600BF910486DFF5D
:2059F800C2FF8F0201F0A6F868680090DA01744F0090804F53042800420F60FF3C0148425B
:205A18003C010090BC41DA024BF50102534020F053042100600F9140003F30F3D93FC06987
:205A380010F23C010090804F53042800420F60FF3C0168550090804F53042800420F60FFF9
:205A58003C0168350090804F53042800420F60FF3C0168450090804F53042800420F60FF4E
:205A78003C0168250090804F53042800420F60FF3C01481F375F02F06CF10090804F530477
:205A98002800420F60FF3C014890DA006CF948BF375F02F06CFB68907663DA013C02DA0008
:205AB80037F001F0767382103C028200370F81F06CF90090804F53042800420F60FF3C0194
:205AD800DF15048082103C028200481F370F81F56CF10090404C405F8218D4F2F4C2084F3C
:205AF8002CC4084F3B008000E20FD4F21022911000303023D93D000D89CD880909FF050860
:205B18002CC549DE001A89CE8C0909FF52085E1709F40508821540E46DFF50FF09F40508EE
:205B38008215821640E46DFF50FF09F4050809F5500840D46DFFC0FF09F40508086540D415
:205B58006DFF93FF487F6E08C87409F4600809F561086D00240109FF54081E1509FF55085C
:205B7800DF1F278009F4050809F5560809F6540809F7550840D46DFF83FFD4F4084409F536
:205B980005086DFF41FF09F0570809FFD8081421370F68F037F108F0342F0C21370F82F1B8
:205BB8002C210C2396022C230C2196042C2109FF52085E1E09F40508482540D46DFF4DFF35
:205BD80009F40508483540D46DFF37FF3C0D09F40508482540D46DFF38FF09F40508483572
:205BF80040D46DFF22FF09F405088215820640E46DFFCEFE09F405088215820640E46DFFAE
:205C1800D2FE09FF53085E1509C48C096DFFF0FE02823C010090F445DA002C44DA002C45EB
:205C3800DA146C42DA0A6C43DA01894F1008DA022C46DA00894F1108DA00894F1208DA0192
:205C5800894F1308DA00894F1408DA00894F1508DA02894F1608DA00894F1708DA00AC4C27
:205C7800A00FEC47DA80894F2008DA00894F21080090404F024FC83409F40508821502F6F0
:205C98006DFF86FEC83409F40508821502F66DFF8AFEC8346DFFACFE0090404F024FC834F5
:205CB80009F40508820502F66DFF72FEC83409F40508820502F66DFF76FEC8346DFF98FE04
:205CD8000090594400C00090194F08C0370F78F04B0F41F1194004C0370078004B0041016C
:205CF8004B0F51F06D0006004BF241203C0100906DFF2AFE3C010090404F0B54108840F4F8
:205D18006DFFE4FF4B8251007B00F8136B0131004B0071814B0861116B0131007B00F013BE
:205D38004B1001F0370F61F16E02C2186D008916022A02A46D008515DA00BE90DA013E9E59
:205D5800DA023E9CDA033E9ADA043E98DA053E96DA06BE91DA07BE963C1C534920F010F2EF
:205D7800534920F010FF19FF0CC0378F18F0592F0CC03C1019FF24C0378F18F059FF24C0F8
:205D98003C0919FF28C0378F18F059FF28C03C023C0102A46D0075160090404F0258481F9F
:205DB8008FCF1F00481F160F532F2020082F0F2F001082330F23003091A0012FD922F04FC9
:205DD800534020F01022542F82F0C630260F2631A61F742FC82408CF09F55008A64502F4FD
:205DF8006D002300C82408C402856D0050000090A00282003C13538020F0912000F8D9FF98
:205E1800F06A10FF481F7E49538020F0912000F8D9FFF06A10FFD4F2C210FFD00480BD025C
:205E3800EC7F3C010090404F0B4510A849FC100A82404B0A01828F3A00F1538F20C0914035
:205E5800002FD922000E7D2F15806D00FA15022F02F46D00F61409F0201982110FA1101002
:205E780082F2C621261089F0201902F46D000916534820F010CFDAFF0FCF00F00FCB10B07A
:205E980002F302B249F240080090404F0B4510886D00D715022A02A46D00D31449FF001AD6
:205EB800DA084BF801028F7800F1534F2040534020F010FFDA0F0F4F00F00F49109002F3D2
:205ED800029249F2400802A46D00DB1500902020404CDA084BF401826D00F20E534920F077
:205EF80010A2534920F010CF488F742F09CF500816FFC21F4B0F41F14BF25100534920F0E7
:205F180010AF14FF163FC21F4B0F41F14BF05100534920F010AF14FF370F62F392115349F1
:205F380020F010AF081F160342F1534920F010AF081F370F62F142F14B0141F14BF051207F
:205F58003C01009020080248405F3705E8FB8B0F20F26E01820949A6000A028440F56D0065
:205F78003900DA0037F9019014AF37F983900CA137F903920CA237F983930CA337F9039552
:205F98000CA437F983960CA537F90398081FAE63DA003C02DA0137F98199DA0037F9019A5A
:205FB80014FFAE53DA003C02DA0137F9819ADA0037F9019B09FFC008370F66F3C2FF370F5B
:205FD80070F037F9859B3789049E02923C010090406C82088209DA084BF40122094F500881
:205FF80016FF9210534320F0104F09FF6008163FC21FE2F0534320F0104F09FF6008370F9A
:2060180062F39211534320F0104F09FF6108160342F1534320F0104F09FF6108370F62F19F
:2060380042F173100AA0B025405D820B3C4E534B20F010DF54FFE2AF4B0F61F17B000004B3
:206058004B0F51C0820D820E3C328210532E20F00FF010004B0041F14BFC51F07B00F0038B
:206078006B00214F6D007D43FF922180532E20F00FF210F04B0F41F14BCF01F016068B0FEF
:2060980020F26E09C2F28B0240F3370F689002E8821D3C0FFF820B809A12C2FF8B0F40F393
:2060B800370F689002E8821D3C04C21EBF8ECFFFF6D382798278532B20F010CF2819532BDC
:2060D80020F010CF34F8C21BBF3BB3FF0090404C405F7641820854CF6E016D00F10D3C01CE
:2060F80009CF500816FFC21F4B0F41F14BF251F03C017B00F8034BF0513048103B80004096
:20611800821502463700E81BBA016E037B00F8037B00F8134B0151703B0040929B499794FD
:20613800024A3C4D4B0A41014B0341004B0751107B00F0236B0221114B0131B1DA407FBFE6
:2061580005003B0004B03C0973AB0A10FF410400822B3C034EB2821B4B0B41114B104100A5
:206178006B07311082024B2101F0AE046B0731003C056B0731F067FFBF0F4B9001F06F2FAC
:206198001E804B9001F0AE264B9001F0AE036F060580020902A602B56F061180DA004BF0AD
:2061B80001F0AE27DA004BF001F0370F61F06E03DA003C02DA016E023C04C2FAFF2AB47F38
:2061D8003F5409006F0607006F050580025F026502F6DA024BF601229AD2370F4800C2F5E5
:2061F800370568F037F80680DA024BF601421A52C2FF370F68F037F802838E03020F3C027F
:20621800DA0037F802858E0382323C01370268F037F80284088FAE43DA013C02DA0037F864
:206238000186088FAE33DA003C02DA0137F88186089F370FE1F237F8018702823C01009056
:206258000248BC416D003C0DDA004BF801F0AE217B0008F44BF841F04BF251004B0031F166
:206278004B0F41F16B0F31F07B00F0134B1F01F0AE244B0031F13C044B0031F1C21F8B1F8F
:2062980040134B0161F14BF251F06B0F31F882004B0F01F0AE084B0161F14BF251F06B0FBB
:2062B80031583C094B0161F14BF251F06B0F31F867FFBF5F82463C2C4B0661F14BF841F06E
:2062D8004BF251F07B00F0036B0021FF4B0F710173600AF04B0F61F14BF251306B0331F895
:2062F80082044B4F01F0AE046B0331383C056B0331F867FFBF3F4B5301F0AE24760302359F
:2063180002013705E8FB6E02F6023C06C2163B801FF07F6FD3FFC2F18B0140233C010090C8
:20633800FF440B00538420F0912000F8D9FF5C0B10FFD4F23C02A0023C01009082F28200B0
:206358003C17538020F0912000F8D9FF5C0B10FFD4FF7D4F0D80538020F0912000F8D9FF68
:206378005C0B10FF481F370F48203C04C210BF40EAFF3C010090494F102A3C0554FFB45F3A
:20639800B025C2F4FF14FC7F0090494F102A3C0554FF745FB045C2F4FF14FC7F0090494FA2
:2063B800102A3C0554FF345FB015C2F4FF14FC7F0090DA010F4F10F0370F70F00941081981
:2063D800765737017008A6F0370110183C083701700882F2C6F22620370110187667370157
:2063F8007000A6F0370110103C083701700082F2C62F26F037011010894108190090DA0807
:206418004BF40102534120F0104F49FF241A3C06095FC00874FFB025C2F5FF15FB7F00900A
:20643800DA084BF40102534120F0104F49FF241A3C05545F74FFB045C2F5FF15FC7F009065
:20645800DA084BF40102534120F0104F49FF241A3C05145F74FFB015C2F5FF15FC7F0090B5
:20647800094F4518EE047B1000F03C02DA01CC4D094078080F0F10F06CF100900942880900
:206498003C010090094F4518EE03DA013C037B1000F0CC4D094078080F0F10F06CF10090EF
:2064B800404F405C406D0248D4FE40E46D008F050229DF093680ECE2084F96012CF4E84CD2
:2064D800A8A8821089F00718E86DA8E848FF6E05C8F240F42D02000009FF49181E1409FFCB
:2064F80049185E3540F46D0047093C1A09FF4918DE4209E2A80909E4A809094FD818C2F884
:2065180037087000370F10F0892F981840F46D0033093C06C8AF09E488092D0F0000029222
:206538003C01009082020C44AE04D44F481F6E0282123C0100902010404C405DD4D2D42F93
:20655800F802C8AFF801D4DFF4CF0CC4B70F01F02CC409DF640889CF081809DF650889CF53
:20657800091809DF260989CF0C1909DF2A0989CF10190CD8370F61F1D80109F0510837F0E4
:20659800010389F0110849DF1C0AF4AF5E1754FFEE05DA0089CF04183C07CCD7481F370FC0
:2065B80068F089CF041809C04418DA084BF00182534920F009A48409104F029440D56DFFD6
:2065D80088FD022F6CF809C4441849D5080A4CD109A4840902F56DFFB7FC022F6CCC8210C8
:2065F80009CF44180FF000008F0001100CD9AE43DA003C02DA0109C444180F4F10F0D80187
:2066180049FF081A8F000140A640A6F10203021249F2400809CF7308370F64F28F7F0041D1
:2066380009A484096DFF55FC4B0231F189CF0A09D4AF54FFEE07A00FECCFA00F89CF80199C
:206658003C46D4FF09F2C80989C2F4090CD9370F61F289CF05180CD86F1F2280910000F829
:20667800D9FF7816ECCF910000F8D9FF5C2689CF801940C46DFF08FFD4AFD4FF09D56008FA
:2066980009DA6108DA80C82408C4A6F56DFFCDFBC82408C402A56DFFFAFB3C19A00FECCF36
:2066B800A00F89CF8019D4A2D42F09D5600809DA6108D422092F5008C82408C4A6F56DFFD2
:2066D800B4FBC82408C402A56DFFE1FB09DFC808370F66F389CF0618910000F8D9FF2627D1
:2066F800ECCA910000F8D9FFF4F6ECCBD80209FF46186E119110002F09F00518534920F079
:20671800D80110FF49FF241A530022F0102280FF592F0C0282023C010090404C40C46D00F9
:206738003023A00FECC7DA8089CF2008DA0089CF2108A00FECC7DA0089CF2008DA0089CF69
:206758002408DA0289CF250882FF89CF2609DA0089CF2A0900902040404C405DCCD5F80F66
:206778006D006F11022802846D006B1014FFB70F01F034FF09DF58086E03DA003C02DA01D3
:2067980014F037F081F134FF02846D007A11820809D4100909A4BC096DFF54FD370268F053
:2067B80037F80880DA0F37F80485DA0037F8828C09DF59086E03DA013C02DA0037F8818D68
:2067D800DA0137F8048E68484CD489CF0819820009DFC6086E043BF01FF03C02DA0037F099
:2067F8000900820109DFC408EE0409DF66086E02821137108104820109DFC208EE0409DF1B
:2068180066086E0282113710010509DF5B0837F0020809DF5C0837F0020909DF680837F029
:20683800020D09DF690837F0020E685009DEA009BD0E3B00D4EFBCFF0CE409E85508C814BB
:20685800088408C5A6F56DFFF0FAC814088402856DFF1DFBCCE2BCFF0CEC09E85508C814D8
:20687800088408C5A6F56DFFE0FAC814088402856DFF0DFBCCE4BD0F180009EF140809E8CA
:206898005508C8140884370F68506DFFCEFAC814088402856DFFFBFAD4F2D4F40C4408C0F3
:2068B800370F03F02C24D80FECCAF4CCDA006CC1A00FECC2910000F8D9FF7826ECC5910035
:2068D80000F8D9FF7C46ECC609DF66086E0C910000F8D9FFDE26ECC7910000F8D9FFD2063B
:2068F800ECC83C0B910000F8D9FFC8F6ECC7910000F8D9FFEEE6ECC8910000F8D9FFD0A6F3
:20691800ECC909DF6608DF0F8C00DA0189CF061849A4000A9110005F6DFF93F749A4040AA1
:2069380049A5000A6DFFDAF709DF250889CF051809CF05182CA8DA0089AF2708DA0189AF63
:206958003408DA0089AF0A09DA0089AF2A08DA0089AF2F08DA00ACAFDA0089AF2308D80FD8
:2069780049FF241A80FF89AF0E09DA0089AF2D08DA0189AF3008DA0089AF2108DA0089AFCC
:206998002208DA0089AF20080CD889AF3A0809DFC40889AFB80849C4380A49A5040A6DFFBA
:2069B80052F709DF240889CF041809CF04182CA8DA0089AF2708DA0189AF3408D80F49FF67
:2069D800102A80FF89AF0A09DA0089AF2A08DA0189AF2F08DA0089AF0E09DA0089AF2D089D
:2069F800DA0089AF3008DA00ACAFDA0089AF2108DA0089AF2208DA0089AF2308DA0089AF3A
:206A180020080CD889AF3A0809DFC20889AFB80849C42C0A49A5040A6DFF15F73C04DA005D
:206A380089CF0618BBF0FFFFD80F89FF141909CF46186E4509A4BC096DFF82FC914000FF6E
:206A5800D9FF1068538221F010FF3C01823009DF2508370F70F014F1370F68F037F108F06C
:206A780034FF081F370F82F12CF1083F96022CF3081F96042CF109A4BC096DFF61FC9140E6
:206A980000FFD9FF1068538221F010FFB04F3C01823009DF2408370F70F014F1370F68F04F
:206AB80037F108F034FF081F370F82F12CF1083F96022CF3081F96042CF13C6D09DFC40835
:206AD8006E2109A4BC096DFF3BFC914000FFD9FF1068538221F010FF3C0109D0480809DF97
:206AF800C40814F1370F68F037F108F034FF081F370F82F12CF1083F96022CF3081F960400
:206B18002CF109DFC2086E2209A4BC096DFF18FC914000FFD9FF1068538221F010FFB04FF8
:206B38003C0109D0480809DFC20814F1370F68F037F108F034FF081F370F82F12CF1083FEB
:206B580096022CF3081F96042CF109DFC6086E2309A4BC096DFFF4FB914000FFD9FF106854
:206B7800538221F010FF49FF080A3C0109D0480809DFC60814F1370F68F037F108F034FF9C
:206B9800081F370F82F12CF1083F96022CF3081F96042CF1D80F09FF5308960189FF130880
:206BB8000090404F405C40F46D003721E85CDA0089FF1808DA0089FF1908DA0089FF1A083C
:206BD800DA0089FF1B08DA0089FF1C08DA0089FF2808DA0089FF2908A002E88282FF89FF58
:206BF800240882FF89FF2508DA0089FF2608BB00C2FB9BEFC3F46CF40090911000CF094821
:206C180004186DFF3DFC402F530822F010C2392F1E02370F61F18B0F2002DF100D8053083A
:206C380022F010C2530822F010C4394F1F029604E92F1F023C01DF00110009FF00196E06D9
:206C580009F2801940F42D020000084FB70F01F02CF4D4F46D001A02530822F010CF39FF22
:206C78001E02370FE1F18B0F20F25E1C530822F010CF530822F010C2392F1F029604E9FF08
:206C98001F023C010090404C40C46DFFF9FB402F9110005F09C1051809C6A80949F7100ACE
:206CB800530122F01052392F1E02370FE1F18B0F2002DF100D80530122F01052530122F0EE
:206CD8001054394F1F029604E92F1F023C01DF001A00530122F0105F39FF1E02370F61F1C1
:206CF8008B0F20F25E1C530122F0105F530122F01052392F1F029604E9FF1F023C011D0033
:206D1800BC0009FF49181E1509FF4918DF3F2580530122F0105F39FF1E02370F61F18B0F78
:206D380020F25E1C530122F0105F530122F01052392F1F029604E9FF1F023C01534120F005
:206D5800105F534120F01052392FC2819602E9FFC2811D00920009FF4918DF4F24805301FA
:206D780022F0105F39FF1E02370F61F18B0F20F25E1C530122F0105F530122F01052392F5F
:206D98001F029604E9FF1F023C01534120F0105F534120F01052392FC2819602E9FFC28153
:206DB8003C6B530122F01052392F1E02370F61F18B0F2002DF100D80530122F010525301D8
:206DD80022F01054394F1F029604E92F1F023C01DF00530088AFBF2F5000530122F01052FD
:206DF800530122F01054394F1F029604E92F1F02534120F01052534120F01054394FC2815C
:206E18009602E92FC281547FEE0C48CF8210370F01F0896F201909FF0C19896F24193C2CBF
:206E380048CF8210370F01F0896F201909FF4618FF9F0A80D47288AF102F09FF7FF8896F68
:206E580024193C1A09F04618DA103F0F0D8088AFC2FF532F20F0D47F10FF09FFC008896FB7
:206E780024193C0A88AFC2FF534F20F0D47F10FF54FF896F24190090404C09C2A809092F13
:206E9800C0188FFF1F813C01BBF0FF0F8920141940C46DFFF5FA402F911000DF6F0807003C
:206EB80009FF4A18960189FF0A186F18070009FF4A18960289FF0A186F28070009FF4A18CD
:206ED800960489FF0A186F78070009FF4A18968089FF0A186F38070009FF4A18960889FF00
:206EF8000A186F48070009FF4A18961089FF0A186F58070009FF4A18962089FF0A186F6871
:206F1800070009FF4A18964089FF0A18DF08110009FF00196E0609F2801940F42D020000E4
:206F3800084FB70F01F02CF4D4F46D00AF0009CF46186E3109C00418530022F010DF39FFE1
:206F58001E02370F61F18B0F20F25E1C530022F010DF530022F010D2392F1F029604E9FF95
:206F78001F023C0109C00518530022F010DF39FF1E02370F61F18B0F20F25E1C530022F0E6
:206F980010DF530022F010D2392F1F029604E9FF1F023C010090404F40F46DFF71FA0925E2
:206FB800AC0940242D050000484FC21F6CF40090404F40F46DFF64FA0925A80940242D0504
:206FD8000000483FC21F6CF30090DA01494F0408EE0382023C0282123C010090404FD4F25A
:206FF800D4220924A80949FC180A094F4218370FE3013C0188EF0B0F80F1370F508054CFEA
:20701800EE0A82003C05094110293C01C2103F80FC7F3C2609F04618FF900B80D4C50284DF
:207038006DFFBFF9D4C201280026F4C23C1909F04618DA103F0F0C80D4C502846DFF9DF9E8
:20705800532820F0D4C21022F4C23C0AD4C502846DFF9DF9534820F0D4C21022F4C288EF08
:20707800A28FACFE88EFEE1009FF00196E0609F2801940F42D020000084FB70F01F02CF4EE
:20709800D4F46D0003000090DA006C4100902008404F49FD100AD4F2D42C09CF4618DF0FF8
:2070B8007E02911000EF09C4A809F4A46DFF48F9538221F03C0109C8051809C904184DC0D9
:2070D800E2FF370FE1F78B0F20A23C010D00400300003C0188AFBF2FE50088AF92F0530855
:2070F80022F010E2530822F010E4B94F140237007000370F0EF0F92F140209FF4618FF9FC8
:2071180010808200530822F010E2530822F010E4394F1602370F83F2E92F16023C2109F0A4
:207138004618DA103F0F10808210530822F010E2530822F010E4394F1602370F83F2E92F4C
:2071580016023C0E8220530822F010E2530822F010E4394F1602370F83F2E92F160254DF95
:20717800EE4049F20C1A802FB70F1C007B0000FDFE014DC0E1FF16073C0149F20C1A802018
:20719800B7000C0AB770030E7B000011E21FA2F03C0449F20C1A8020530822F010E259209A
:2071B8000802820082118222530822F010E2192310023703033037138131372304345308F1
:2071D80022F010E259231002530822F010E2530822F010E4394F12029610E92F12023C3A61
:2071F80054DFB70F1C007B0000FD7E0F4DC0E1FF16073C0154D0B7000C0AB770030E7B0072
:207218000011E21FA2F03C0254D0530822F010E259200802820082118202530822F010E276
:2072380019231002370303303713813137230434530822F010E259231002530822F010E2A1
:20725800530822F010E4394F1202B70F01F2E92F1202D4A24922241A530822F010E4802F05
:20727800594F0C02820082118202530822F010E219231002370303323713813337230436F9
:20729800530822F010E259231002530822F010E2530822F010E4394F1F029604E92F1F02AD
:2072B80088A0530922F010E2530922F010E4B94F140237007000370F0EF0F92F140209FF7D
:2072D8004618FF9F10808200530922F010E2530922F010E4394F1602370F83F2E92F16023B
:2072F8003C2109F04618DA103F0F10808210530922F010E2530922F010E4394F1602370FC0
:2073180083F2E92F16023C0E8220530922F010E2530922F010E4394F1602370F83F2E92F8F
:207338001602486FEE4049F2101A802FB70F1C007B0000FDFE014DC0E1FF16073C0149F249
:20735800101A8020B7000C0AB770030E7B000011E21FA2F03C0449F2101A8020530922F074
:2073780010E259200C02820082118222530922F010E219231002370303323713813337234E
:207398000436530922F010E259231002530922F010E2530922F010E4394F12029620E92F81
:2073B80012023C3B486FB70F1C007B0000FDFE004DC0E1FF8F7F00013C01486FB70F0CFA5F
:2073D800B77F031E7B0000F1E2F0A2013C024861530922F010E259210C02820082118202F5
:2073F800530922F010E219231002370303323713813337230436530922F010E259231002D8
:20741800530922F010E2530922F010E4394F1202B70F81F2E92F1202530922F010E25309D5
:2074380022F010E4394F1F029604E92F1F02BBF0FFFFD4A4894F14196DFF82F79140002FA7
:20745800D9221068538221F010223C010C2396022C23D4A46DFF74F79140002FD922106874
:20747800538221F01022B0423C010C2396022C23D4A46DFF65F79140002FD922106853820F
:2074980021F010224922080A3C010C2396022C23530922F010E2530922F010E4394F1F0256
:2074B8009604E92F1F02534920F010E2534920F010E4394FC2819601E92FC28188AFBF2FC1
:2074D8002B00530822F010E2530822F010E4394F1F029604E92F1F02534820F010E25348F5
:2074F80020F010E4394FC2819601E92FC28109FF4818EE0948CF8200370F01F0D4AF89FF79
:2075180020193C0848CF8210370F01F0D4AF89FF20193C3F54DFEE0E48CF8210370F01F028
:20753800D4A2892F201909FF0C19D4AF89FF24193C3048CF8210370F01F0D4A2892F2019A4
:2075580009FF4618FF9F0B80D4D288AF102F09FF7FF8D4AF89FF24193C1C09F04618DA1008
:207578003F0F0E8088AFC2FF532F20F0D4DF10FF09FFC008D4AF89FF24193C0B88AFC2FF74
:20759800534F20F0D4DF10FF54FFD4AF89FF241976A30D0000031D00EE0088AFBF1FEB0090
:2075B800D4F2D422092CA80909FF7308370F644209CF421816073C018B4F000109FF4718D4
:2075D8005E12C2F088AF7E02C2F088AF0B0F80F1370F5080BF18CF0088AF5280A8A088AF02
:2075F800EE0382113C02820109FF4718DE11BF28100088AF6E0D4DC0E20F3700E1078B0087
:2076180020923C010D00400300003C013C084DC0E20F3700E1078B0020923C0109FF471894
:20763800DE14820089F0071809FF4818EE0848CF8200370F01F089CF20193C0748CF82107B
:20765800370F01F089CF201954DFEE1E09F00C19DF01130082013C0489C02419C2119AF84C
:207678003FF1FC7F48CF8211371F01F089CF201989C024193C08DA003C0489C02419C21F7A
:207698003F8FFD7F3C7409FF4618FF9F2480DF011800BF280800D4D59AF840C402F56DFFA7
:2076B800D1F648CF8210370F01F089CF2019D4DF01F800F609FF7FF889CF24193C06D4D5D9
:2076D80040C402856DFFBEF6D4DF01F800F6F4DF3C4E09F04618DA103F0F2780DF011A00B8
:2076F800BF280800D4D59AF840C402F56DFF89F648CF8210370F01F089CF2019C2F85328BC
:2077180020F0D4DF10FF09FFC00889CF24193C0BD4D540C402856DFF74F6532820F0D4DF8B
:2077380010FFF4DF3C24DF011900BF280800D4D59AF840C402F56DFF75F648CF8210370F0B
:2077580001F089CF2019C2F8534820F0D4DF10FF54FF89CF24193C0BD4D540C402856DFF99
:2077780061F6534820F0D4DF10FFF4DF76930D00000300902008404D49DF100AD4D2D42C14
:207798008CDA82404B0F0102F6188CDA82404B0F0102370068F03C088CDA82404B0F010261
:2077B800370068F0C21F370F688009DF49189E4B8CDA3B0001004B0F0102F6198CDA3B0032
:2077D80001004B0F0102370068F03C098CDA3B0001004B0F0102370068F0C21F42F8C2F8FC
:2077F8003708688009CF4618DF0F2102911000EF09C4A809F4A46DFFA3F5538221F03C0136
:2078180009C9051809CA04184DC0E2FF370FE1F78B0F20B23C010D00400300003C015309D4
:2078380022F010E2530922F010E4B940140237800E00F92014028220530922F010E2530969
:2078580022F010E4394F1602370F83F2E92F160254FFB70F1C007B0000FD7E0F4DC0E1FF58
:2078780016073C0154F0B7000C0AB770030E7B000011E21FA2F03C0254F0530922F010EF3F
:2078980059F00802820082118202530922F010EF19F310023703033037138131372304345E
:2078B800530922F010EF59F31002530922F010EF530922F010E2392F1202B70F01F2E9FFFB
:2078D800120209DF49189E4DD4AF49FF1C1A530922F010E280FF592F0C0282008211820239
:2078F800530922F010EF19F31002370303323713813337230436530922F010EF59F3100219
:20791800530922F010EF530922F010E2392F1F029604E9FF1F028CDA82404B0F0102F618C3
:207938008CDA82404B0F0102370068003C088CDA82404B0F010237006800C210530A22F062
:2079580010EF530A22F010E2B92F140237007000370F0EF0F9FF14028220530A22F010EFA8
:20797800530A22F010E2392F1602370F83F2E9FF16024CD6EE4049DF101A80FFB70F1C0050
:207998007B0000FDFE014DC0E1FF16073C0149DF101A80F0B7000C0AB770030E7B000011BE
:2079B800E21FA2F03C0449DF101A80F0530A22F010EF59F00C02820082118222530A22F02D
:2079D80010EF19F31002370303323713813337230436530A22F010EF59F31002530A22F036
:2079F80010EF530A22F010E2392F12029620E9FF12023C3C4CD6B70F1C007B0000FDFE00EF
:207A18004DC0E1FF8F7F00013C014CD6B70F0CFAB77F031E7B0000F1E2F0A2013C0309D1D6
:207A38001809530A22F010EF59F10C02820082118202530A22F010EF19F3100237030332B3
:207A58003713813337230436530A22F010EF59F31002530A22F010EF530A22F010E2392F79
:207A78001202B70F81F2E9FF1202530A22F010EF530A22F010E2392F1F029604E9FF1F02AA
:207A9800BBF0FFFFD4A4894F14196DFF59F4914000FFD9FF1068538221F010FF3C01083F56
:207AB80096022CF3D4A46DFF4BF4914000FFD9FF1068538221F010FFB04F3C01083F9602A4
:207AD8002CF3D4A46DFF3CF4914000FFD9FF1068538221F010FF49FF080A3C01083F9602D0
:207AF8002CF3530A22F010EF530A22F010E2392F1F029604E9FF1F02534A20F010EF534A0B
:207B180020F010E2392FC2819601E9FFC28109DF4918DF3F308009D09408DA103FF00A002F
:207B380009D0F208DA0F37F085F389DFB2083C0B09D0F2088CDAC2FF370F70F037F085F32A
:207B580089DFB20809D09408DA103FF0090009DF7008B70F01F089DF30083C0609DF7008FB
:207B7800960189DF300809DF7208964089DF32083C3709DF4918DF1F248009D09408DA101F
:207B98003FF00A0009D0F208DA0F37F085F389DFB2083C0B09D0F2088CDAC2FF370F70F030
:207BB80037F085F389DFB20809DF7008960189DF300809DF7208964089DF32083C1109DF46
:207BD8007008960189DF300809DF7208964089DF320809DFF208B70F85F389DFB208530966
:207BF80022F010EF530922F010E2392F1F029604E9FF1F02534920F010EF534920F010E287
:207C1800392FC2819601E9FFC28109DF49181E464CDCD4AF89FF1C193C054CDCD4AF89FF56
:207C3800201976B30D0000033C010090913000FFD9FF300654F8370864F0EE0382023C0986
:207C58006D003E00370864F04B0F41F14BF251203C010090913000FFD9FF300654F837086E
:207C780064F2EE0382023C096D002A00370864F24B0F41F14BF251203C01009002486D00F2
:207C980050018200DA003E84DA013E873C0B913000FF19F000263C08913000FF19F0042650
:207CB8003C0382023C0176094B0061F17B0028044B0F51F04BF241203C0100906D00DA009C
:207CD800913000FF39FF3106370F6402DA003E0CDA01BE0BDA02BE0EDA035F0F2100DA04F7
:207CF8005F0F23003C26913000FF39FF0C16160FEE023C0A913000FF39FF0C16160F4B0F6B
:207D180041F14BF251203C177B0017F44BF251203C127B001FF44BF251203C0D7B0027F47B
:207D38004BF251203C087B002FF44BF251203C0382023C013C010090910000F6D9FF04506D
:207D580054FF4B0F61213C010090913000FF39FF3706370F62F2EE06BB00C22B9BE2CB2438
:207D78003C11913000FF39FF3706370F62F25E19910000F6D9FF045054FF4B0F61213C0238
:207D980082023C010090913000FFD9FF00066DFFDEFF09FF640816015E1A09FF6E08167F7D
:207DB800C21F4B0F41F14BF251203C2409FF6408370FE1F15E1EBB00C20B9BE0CB0409FF4E
:207DD8006C08167FC21F4B0F41F14BF051203C1209FF6908370FE5F0C21F4B0F41F14BF2DD
:207DF800410009FF6C08167FC21F4B0F41F14BF051203C010090913000FFD9FF00066DFF29
:207E1800A6FF09FF540816015E1A09FF5E08167FC21F4B0F41F14BF251203C2909FF5408CB
:207E3800370FE1F15E1EBB00C20B9BE0CB0409FF5C08167FC21F4B0F41F14BF051203C1757
:207E580009FF5908370FE7F0C21F4B0F41F14BF2411009FF5C08167F921009FF5B08160F56
:207E7800C21FE2F04B0041F14BF151203C010090913000FF39FF3306370F62F282003E04B1
:207E980082103E083C0ABB00C22B9BE2CB243C013C066DFFB2FF3C0382023C013C0100902F
:207EB8006DFFE8FF913000FF39FF3106370F6402DA003E0CDA01BE0CDA02BE0FDA035F0FBF
:207ED8002200DA045F0F24003C27913000FF39FF3206160FEE0382023C0A913000FF39FF8D
:207EF8003206160F4B0F41F14BF251203C177B001FF44BF251203C127B0027F44BF25120B2
:207F18003C0D7B002FF44BF251203C087B0037F44BF251203C0382023C013C0100906DFFE3
:207F3800A9FF913000FF39FF3106370F6402DA003E0CDA01BE0CDA02BE0FDA035F0F2200C7
:207F5800DA045F0F24003C27913000FF39FF3106160FEE0382023C0A913000FF39FF3106F8
:207F7800160F4B0F41F14BF251203C177B001FF44BF251203C127B0027F44BF251203C0D20
:207F98007B002FF44BF251203C087B0037F44BF251203C0382023C013C010090404F8208FF
:207FB80091000026D922045009FF0819742F6D00480502296D005905022A02946D004104B3
:207FD8009130002F392F3046370FE1B19130002F392F304696089130002FE92F3046029463
:207FF8006D004F0502A46D0054043C019130002F392F3306370FE1F3EEFA9130002F392F15
:208018003306B70F02F29130002FE92F33069130002F392F330696409130002FE92F33066C
:208038009130002F392F180696109130002FE92F18063C019130002F392F3306370FE1F3FE
:20805800EEFA9130002F392F3706B71F02F29130002FE92F37069130002F392F3706964011
:208078009130002FE92F37066D00B001A62802A46D002E05DF087E8102A46D000A043C012D
:208098009130002F392F1406370FE1F26EFA9130002F39201C0608AF37F007F09130002FA5
:2080B800E92F1C069130002F39201B06088F37F004F09130002FE92F1B069130002F3920E0
:2080D8001906089F37F087F09130002FE92F19069130002F392F180696409130002FE92FA9
:2080F80018069130002F392F1A06B70F01F09130002FE92F1A069130002F392F18069620C7
:208118009130002FE92F18069130002F392F1A0696019130002FE92F1A069130002F392F92
:208138001A0696049130002FE92F1A06BB70714B9B1485436D00A7013C019130002F392F3D
:208158001406370F61F16EFA9130002F392F1806B70F01F09130002FE92F18063C0191309C
:20817800002F392F3306370FE1F3EEFA9130002F392F3306B71F02F29130002FE92F330679
:208198003C019130002F392F3306370FE1F3EEFA48346D0078019130002F19203006485F8F
:2081B80082F1C61F26F0485F4841261FA6F0DA0137F0020EDA0137F0010F9130002FD9221F
:2081D800300674203C019130002F392F3706370FE1F3EEFA9130002F19203406487F82F14C
:2081F800C61F26F0487F4861261FA6F0DA0137F0020EDA0137F0010F9130002FD9223406D8
:2082180074203C019130002F392F0316370FE1F3EEFA9130002F19200016489F82F1C61F84
:2082380026F0489F4881261FA6F0DA0137F0010F9130002FD922001674203C019130002FB1
:20825800392F0F16370FE1F3EEFA9130002F19200C1648BF82F1C61F26F048BF48A1261F82
:20827800A6F0DA0137F0010F9130002FD9220C1674209130002F1920002648DF82F1C61FCF
:2082980026F048DF48C1261FA6F09130002FD922002674209130002F1920042648FF82F1F3
:2082B800C61F26F048FF48E1261FA6F09130002FD9220426742002A46D000A049100802F56
:2082D800192F140209F0041982F1C610260F09F0041982F1C610260F09F0041909F10019D7
:2082F8002610A60F02946D00AC029100802FD9221402742F02946D00C403820C3C3702A465
:208318006D00C7023C019130002F392F1406370FE1F26EFA9130002F39201C0653CC20F045
:20833800C8121022142F37F007F09130002FE92F1C0602A46D00CC0353CC20F0C812102271
:208358004C226E0953CC20F0C8121022092288092D02000053CC20F0C81210220924020987
:208378006D009100C21C370C68C014FF3FFCC9FF02A46D008E02913000FF39FF1806B70F09
:2083980001F3913000FFE9FF180602A46D00A00302946D005602913000FF39FF2C469608F2
:2083B800913000FFE9FF2C46913000FF39FF304637BF81F1913000FFE9FF304602946D0094
:2083D800600302823C0100903B00288082096D003803022A913000FF39F01006B700820255
:2083F800913000FFE9F01006913000FF39F01206910000F6D9FF045054F13B005AF29B6F2C
:2084180002F04BF111229AF2370F68F037F005F0913000FFE9FF1206913000FF39FF1006CF
:208438009604913000FFE9FF10063C05C2F8F68382193C0D913000FF39FF10066F1FF87F61
:20845800913000FF39FF11066F0FF27F02A46D00F801913000FF39FF2C469608913000FF32
:20847800E9FF2C46913000FF39FF30469608913000FFE9FF304602A46D00030302923C0176
:20849800009002486DFFF6FC913000FF39FF3506160F4B0F41F14BF251F03C014B8F41F0E2
:2084B8004B0F71F185F110003C0185F01000A2103FF0FDFF0090DA018B0401000F0F10F0AA
:2084D800913000FF59FF248600908FF43F006F041500913000FFD9FF1086534020F010F215
:2084F800913000FFD9FF1086534020F010FF083F375F03F22C233C13913000FFD9FF1086E6
:20851800534020F010F2913000FFD9FF1086534020F010FF081F375F03F22C2100908FF4AC
:208538003F006F041500913000FFD9FF1086534020F010F2913000FFD9FF1086534020F0B8
:2085580010FF083FB70F01F02C233C13913000FFD9FF1086534020F010F2913000FFD9FFED
:208578001086534020F010FF081FB70F01F02C2100908FF43F006F041500913000FFD9FFFE
:208598001086534020F010F2913000FFD9FF1086534020F010FF083FB70F81F02C233C138C
:2085B800913000FFD9FF1086534020F010F2913000FFD9FF1086534020F010FF081FB70F03
:2085D80081F02C2100908FF43F006F041400913000FFD9FF1086534020F010F2913000FF59
:2085F800D9FF1086534020F010FF083F96012C233C12913000FFD9FF1086534020F010F2F5
:20861800913000FFD9FF1086534020F010FF081F96012C2100908FF43F006F0414009130BD
:2086380000FFD9FF2C86534020F010F2913000FFD9FF2C86534020F010FF083F96202C23AC
:208658003C12913000FFD9FF2C86534020F010F2913000FFD9FF2C86534020F010FF081FA2
:2086780096202C2100908FF43F006F041400913000FFD9FF1086534020F010F2913000FF73
:20869800D9FF1086534020F010FF083F96022C233C12913000FFD9FF1086534020F010F253
:2086B800913000FFD9FF1086534020F010FF081F96022C2100908FF43F006F04140091301C
:2086D80000FFD9FF1086534020F010F2913000FFD9FF1086534020F010FF083F96082C235C
:2086F8003C12913000FFD9FF1086534020F010F2913000FFD9FF1086534020F010FF081F3A
:2087180096082C210090DA010F4F00F0913000FF19F0208626F0760382123C0282023C010C
:2087380000908FF43F006F041500913000FFD9FF1086534020F010F2913000FFD9FF108646
:20875800534020F010FF082F375F03F22C223C13913000FFD9FF1086534020F010FF91304F
:20877800002FD9221086534020F01022142F375F03F234FF00906F041F008B0501108210F6
:208798000F10100086F4913000FFD9FF2C86534420F010FF9130002FD9222C86534420F0D4
:2087B8001022542F82F2C620260F0F160060A66F74FF3C1B82100F50100086F4913000FFBE
:2087D800D9FF2C86534420F010FF9130002FD9222C86534420F01022542F82F1C610260FCA
:2087F8000F560060A66F74FF00908FF43F006F041500913000FFD9FF2C86534020F010F24B
:20881800913000FFD9FF2C86534020F010FF083F375F02F32C233C13913000FFD9FF2C868A
:20883800534020F010F2913000FFD9FF2C86534020F010FF081F375F02F32C2100904DC0E3
:20885800E1FF16073C0153CF20F060FF9130003F30F3D93F004654FF2E1B8F2420F09601BE
:2088780054F0370070088F002100A60F74FF86248F2440F154F0370070088F002100A60F2F
:2088980074FF3C0154FF1601DF1FFE7F0090913000FF19FF30366F1F12008F2420F0960163
:2088B800913000FF19F03036370070088F002100A60F913000FF59FF303686248F2440F151
:2088D800913000FF19F03036370070088F002100A60F913000FF59FF30363C01913000FFC2
:2088F80019FF30361601DF1FFB7F00904DC0E1FF16073C01913000FFD9FF004653CF20F06C
:2089180010FF54FF2E1B8F2420F0960154F0370070088F002100A60F74FF8F2420F0960214
:2089380054F0370070088F002100A60F74FF3C0154FF1601DF1FFE7F084F96082CF454FFCA
:208958002E1B8F2420F0960154F0370070088F002100A60F74FF86248F3440F154F0370078
:2089780070088F002100A60F74FF3C0154FF6F0FFF7F0090913000FF19FF30366F1F120095
:208998008F2420F09601913000FF19F03036370070088F002100A60F913000FF59FF3036A4
:2089B8008F2420F09602913000FF19F03036370070088F002100A60F913000FF59FF303683
:2089D8003C01913000FF19FF30361601DF1FFB7F913000FF39FF34369608913000FFE9FFCD
:2089F8003436913000FF19FF30366F1F12008F2420F09601913000FF19F0303637007008DF
:208A18008F002100A60F913000FF59FF303686248F3440F1913000FF19F0303637007008DF
:208A38008F002100A60F913000FF59FF30363C01913000FF19FF30366F0FFC7F00904DC02A
:208A5800E1FF16073C0153CF20F060FF9130003F30F3D93F004654FF370F6EF18FFF832188
:208A78003C013C010090913000FFD9FF303654FF370F6EF18FFF83213C013C0100904DC095
:208A9800E1FF16073C0153CF20F060FF9130003F30F3D93F004654FF2E1B8F2420F096017C
:208AB80054F0370070088F002100A60F74FF86248F3440F154F0370070088F002100A60FDD
:208AD80074FF3C0154FF6F0FFF7F0090913000FF19FF30366F1F12008F2420F096019130F6
:208AF80000FF19F03036370070088F002100A60F913000FF59FF303686248F3440F19130FF
:208B180000FF19F03036370070088F002100A60F913000FF59FF30363C01913000FF19FF28
:208B380030366F0FFC7F0090F647094F40189601894F00183C08DF140780094F40189604B2
:208B5800894F00180090F647094F7C089601894F3C083C08DF140780094F7C089610894F99
:208B78003C080090FF240B00538420F0912000F8D9FF587B10FFD4F23C02A0023C0100901E
:208B980082F282003C17538020F0912000F8D9FF587B10FFD4FF7D4F0D80538020F091206E
:208BB80000F8D9FF587B10FF481F370F48203C04C210BF20EAFF3C010090404C405F09C03B
:208BD800380909C13C0914FFEE0C083F37F00500082F37F00504081F37F1011182183C0F00
:208BF80014FF5E1C083F37F00508082F37F0050C081F37F1011382183C02820889C13C0992
:208C180089C0380940C46DFFBDFF09FFC8086E26081FEE099140002FD9225028538220F0A4
:208C380010223C099140002FD9225028538220F01022B04208A009FFC8081421370F68F0D6
:208C580037F108F0342F0C21370F82F12C210C2396022C230C2196042C2108264CC482015B
:208C780002F009C32C0982020F20A0400F31A0503C016DFF01BA3C0114FF534F20F010C2EE
:208C98008922300914F440C46DFF50FF14F440C46DFF5BFF08264CC4820102F009C32C098B
:208CB80082020F20A0400F31A0503C016DFFE4B93C0114FF534F20F010C2481F42F2892279
:208CD800300902823C010090025FC234B7040200370050808BC801008B8000406D00E545A1
:208CF800BC2640240B8F10486D0004003C010090C234B70402F0370F5000DA00894F1808DB
:208D1800DA01894F1908804F8BCF01F0C27FB70F03F0744FDA00AC42DA00AC47DA00894F49
:208D38000A09894F0609DA00AC49AC48894094088945960840423C010090910000F6D9FFDF
:208D580040E091000026D9222450142F34FF910000F6D9FF44E091000026D9222850142F4F
:208D780034FF910000F6D9FF48E091000026D9222C50142F34FF910000F6D9FF4CE0910061
:208D98000026D9223050142F34FF910000F6D9FF24503B6028406D0080738B0220F234FF9C
:208DB800910000F6D9FF28503B7028406D0075738B0220F234FF910000F6D9FF2C503B2054
:208DD80016406D006A738B0220F234FF910000F6D9FF30503B3016406D005F738B0220F28B
:208DF80034FF910000F6D9FF245014FF6E0E910000F6D9FF40E014FFEE08910000F6D9FFDF
:208E18005060DA0134FF3C39910000F6D9FF285014FF6E0E910000F6D9FF44E014FFEE0815
:208E3800910000F6D9FF5460DA0134FF3C26910000F6D9FF2C5014FF6E0E910000F6D9FFCE
:208E580048E014FFEE08910000F6D9FF5860DA0134FF3C13910000F6D9FF305014FF6E0DE8
:208E7800910000F6D9FF4CE014FFEE07910000F6D9FF5C60DA0134FF00903B602840820504
:208E9800821682176D0019733B7028408205821682176D0012733B2016408205821682176A
:208EB8006D000B733B3016408205821682176D0004730090910000F6D9FF1C5014FF6E096D
:208ED800910000F6D9FF1C50DA0034FF6D00A15F910000F6D9FF246014FFEE046D00420896
:208EF8003C036D004904009002423C010090910000F6D9FF1C6014F0DA003E08DA015F0F78
:208F18002E00DA025F0F51003C6D82083C1F910000F6D9FF205014F0DA0A03F00AF8534F94
:208F380020F0910000F6D9FF606010FF534820F091000026D92270C01022D42254246DFF42
:208F5800D5FF74F2C21837085080910000F6D9FF186014FF3FF8DD7F3C4582003C1D91006C
:208F780000F6D9FF205014F1DA0A03F10AF0534F20F0910000F6D9FF606010FF534020F041
:208F980091000026D92258D01022D422542F74FFC21037005000910000F6D9FF186014FF7E
:208FB8003FF0DF7F3C1F910000F6D9FF106014FF534F20F0910000F6D9FF64E010FFD4FF98
:208FD80091000026D9221060142F534F20F091000026D92264E01022D422542FBA0F74FF85
:208FF8003C01820482056D00A9708204820591000046D94460603B4006606D001971009060
:20901800024891000046D94450E082043B4001506D000045DA003E8CDA01BE85DA02BE8EDC
:20903800DA035F8F2700DA045F8F2F003C3891000046D94450E091200058D955844B6DFF21
:20905800C1B83C2D91000046D94450E091200058D955BB5B6DFFB6B83C2291000046D94479
:2090780050E091200058D9559E7B6DFFABB83C1791000046D94450E091200058D955A29B9E
:209098006DFFA0B83C0C91000046D94450E091200058D9559AAB6DFF95B83C0100909100F5
:2090B80000F6D9FF1C60DA0034FF910000F6D9FF1860DA0934FF910000F6D9FF70C0910034
:2090D8000026D9224010F4F2910000F6D9FF70C091000026D9227C00E812910000F6D9FF0B
:2090F80070C091000026D92234E0E822910000F6D9FF70C091000026D92230E0E83291005C
:2091180000F6D9FF70C091000026D92208F0E842910000F6D9FF70C091000026D92204F030
:20913800E852910000F6D9FF70C091000026D9224020E862910000F6D9FF70C091000026AC
:20915800D9227C10E872910000F6D9FF70C091000026D92210F0E882910000F6D9FF20509C
:20917800DA0034FFDA005F4F2200DA015F4F3500DA025F4F4800DA035F4F5B00DA045F4F1E
:209198006E00DA055F4F8000DA065F4F9200DA075F4FA400DA085F4FB600DA095F4FC8004A
:2091B800DA0A5F4FDA001D00E10091000046D94450E082043B4001506D002C449100004603
:2091D800D94450E091200058D955BF4B6DFFFAB782021D00CD0091000046D94450E08204B4
:2091F8003B4001506D00164491000046D94450E091200058D9558C5B6DFFE4B782021D00DA
:20921800B70091000046D94450E082043B4001506D00004491000046D94450E0912000582B
:20923800D955995B6DFFCEB782021D00A10091000046D94450E082043B4001506D00EA43B1
:2092580091000046D94450E091200058D955A25B6DFFB8B782021D008B0091000046D944A3
:2092780050E082043B4001506D00D44391000046D94450E091200058D955AB5B6DFFA2B7AA
:2092980082023C7591000046D94450E082043B4001506D00BF4391000046D94450E09120C7
:2092B8000058D955B35B6DFF8DB782023C6091000046D94450E082043B4001506D00AA4362
:2092D80091000046D94450E091200058D955856B6DFF78B782023C4B91000046D94450E061
:2092F80082043B4001506D00954391000046D94450E091200058D9558A6B6DFF63B7820265
:209318003C3691000046D94450E082043B4001506D00804391000046D94450E091200058F0
:20933800D9558F6B6DFF4EB782023C2191000046D94450E082043B4001506D006B43910079
:209358000046D94450E091200058D955BA4B6DFF39B782023C0C910000F6D9FF1C60DA0049
:2093780034FF3B9000203C0382023C010090910000F6D9FF1C60DA0034FF910000F6D9FFE0
:209398001860DA0934FF910000F6D9FF70C091000026D9227800F4F2910000F6D9FF70C0F9
:2093B80091000026D9224000E812910000F6D9FF70C091000026D9224400E822910000F693
:2093D800D9FF70C091000026D92234F0E832910000F6D9FF70C091000026D92238F0E842EA
:2093F800910000F6D9FF70C091000026D9224800E852910000F6D9FF70C091000026D92251
:209418004C00E862910000F6D9FF70C091000026D9223CF0E872910000F6D9FF70C09100B7
:209438000026D9222080E882910000F6D9FF2050DA0134FFDA005F4F2200DA015F4F3500A4
:20945800DA025F4F4800DA035F4F5B00DA045F4F6E00DA055F4F8000DA065F4F9200DA0734
:209478005F4FA400DA085F4FB600DA095F4FC800DA0A5F4FDA001D00E10091000046D94485
:2094980050E082043B4001506D00C44291000046D94450E091200058D9559B6B6DFF92B6AA
:2094B80082021D00CD0091000046D94450E082043B4001506D00AE4291000046D94450E02F
:2094D80091200058D955A76B6DFF7CB682021D00B70091000046D94450E082043B400150BF
:2094F8006D00984291000046D94450E091200058D955AF6B6DFF66B682021D00A10091003D
:209518000046D94450E082043B4001506D00824291000046D94450E091200058D955B86B9F
:209538006DFF50B682021D008B0091000046D94450E082043B4001506D006C42910000460D
:20955800D94450E091200058D955807B6DFF3AB682023C7591000046D94450E082043B40BE
:2095780001506D00574291000046D94450E091200058D955897B6DFF25B682023C60910025
:209598000046D94450E082043B4001506D00424291000046D94450E091200058D955937B74
:2095B8006DFF10B682023C4B91000046D94450E082043B4001506D002D4291000046D94410
:2095D80050E091200058D955A87B6DFFFBB582023C3691000046D94450E082043B40015061
:2095F8006D00184291000046D94450E091200058D955B27B6DFFE6B582023C219100004645
:20961800D94450E082043B4001506D00034291000046D94450E091200058D955BA4B6DFF15
:20963800D1B582023C0C910000F6D9FF1C60DA0034FF3B9000203C0382023C0100909100CC
:2096580000F6D9FF1C60DA0034FF910000F6D9FF1860DA0334FF910000F6D9FF70C0910094
:209678000026D92224F0F4F2910000F6D9FF70C091000026D9220030E812910000F6D9FFED
:2096980070C091000026D9220830E822910000F6D9FF2050DA0334FFDA003E4EDA015F4FC0
:2096B8002100DA025F4F3300DA035F4F4500DA0A5F4F57003C5D91000046D94450E08204B8
:2096D8003B4001506D00A64191000046D94450E091200058D955B19B6DFF74B582023C4A0C
:2096F80091000046D94450E082043B4001506D00914191000046D94450E091200058D95542
:2097180081AB6DFF5FB582023C3591000046D94450E082043B4001506D007C419100004619
:20973800D94450E091200058D9558DAB6DFF4AB582023C2091000046D94450E082043B40E5
:2097580001506D00674191000046D94450E091200058D955BA4B6DFF35B582023C0B910079
:2097780000F6D9FF1C60DA0034FF82323C0382023C010090200882081D009D00910000F643
:20979800D9FF206014F0534020F0910000F6D9FF085010FFD4FF370848402D0F0000910085
:2097B80000F6D9FF146014FFEE24910000F6D9FF106014FF7E88BB00804F3BF001506D00CF
:2097D800F15E3C07BB00804FBB00FE5F6D00EA5E82045308215091000046D94450E06D00A5
:2097F8003B62BB00804FBB00FE5F6D00DB5E3C5F910000F6D9FF1C6014FFDE1A3BB00440BC
:20981800910000F6D9FF106014F5910000F6D9FF106014F0534020F0910000F6D9FF58D05B
:2098380010FFD4FF54F682476D00B5613C40910000F6D9FF1C6014FFEE1CDA0534AF3BB077
:209858000440910000F6D9FF106014F5910000F6D9FF106014FF534F20F0910000F6D9FFE1
:2098780070C010FFD4FF54F682576D0058603C1F910000F6D9FF1C6014FFDE293B60044047
:20989800910000F6D9FF106014F5910000F6D9FF106014FF534F20F0910000F6D9FF64E0A1
:2098B80010FFD4FF54F682476D007561C21837086880910000F6D9FF186014FF7F8F60FF00
:2098D800DA0334AF3B8007408205910000F6D9FF086014FF534F20F0910000F6D9FF3450B8
:2098F80010FF54F682376D001A60910000F6D9FF106014FF910000F6D9FF186014F07E0D0F
:20991800910000F6D9FF2460DA0034FF910000F6D9FF1C50DA0134FF0090910000F6D9FF77
:209938001C60DA0234FF910000F6D9FF1860DA0734FF910000F6D9FF64E091000026D92244
:209958001CF0F4F2910000F6D9FF64E091000026D9220010E812910000F6D9FF64E091006A
:209978000026D9221440E822910000F6D9FF64E091000026D9221040E832910000F6D9FF32
:2099980064E091000026D9221870E842910000F6D9FF64E091000026D9221840E85291008F
:2099B80000F6D9FF64E091000026D9225400E862DA00BE4BDA015F4F2F00DA025F4F4200C6
:2099D800DA035F4F5400DA045F4F6600DA055F4F7800DA065F4F8A00DA075F4F9C00DA0A72
:2099F8005F4FAE001D00B40091000046D94450E082043B4001506D000D4091000046D944FE
:209A180050E091200058D955A6AB6DFFDBB382021D00A00091000046D94450E082043B4016
:209A380001506D00F73F91000046D94450E091200058D955AFAB6DFFC5B382021D008A0056
:209A580091000046D94450E082043B4001506D00E13F91000046D94450E091200058D95590
:209A7800BBAB6DFFAFB382023C7491000046D94450E082043B4001506D00CC3F91000046A1
:209A9800D94450E091200058D9558CBB6DFF9AB382023C5F91000046D94450E082043B40E6
:209AB80001506D00B73F91000046D94450E091200058D955894B6DFF85B382023C4A91006C
:209AD8000046D94450E082043B4001506D00A23F91000046D94450E091200058D9559A4BFB
:209AF8006DFF70B382023C3591000046D94450E082043B4001506D008D3F91000046D94427
:209B180050E091200058D955AA4B6DFF5BB382023C2091000046D94450E082043B40015001
:209B38006D00783F91000046D94450E091200058D955BA4B6DFF46B382023C0B910000F6D2
:209B5800D9FF1C60DA0234FF82723C0382023C010090910000F6D9FF1C60DA0034FF91008D
:209B780000F6D9FF1860DA0934FF910000F6D9FF70C091000026D92228E0F4F2910000F6BB
:209B9800D9FF70C091000026D92224E0E812910000F6D9FF70C091000026D92220E0E822AA
:209BB800910000F6D9FF70C091000026D92230F0E832910000F6D9FF70C091000026D922D1
:209BD8000C70E842910000F6D9FF70C091000026D9220070E852910000F6D9FF70C09100BC
:209BF8000026D9221070E862910000F6D9FF70C091000026D9222CF0E872910000F6D9FF4C
:209C180070C091000026D9220000E882910000F6D9FF2050DA0234FFDA005F4F2200DA017D
:209C38005F4F3500DA025F4F4800DA035F4F5B00DA045F4F6E00DA055F4F8000DA065F4FDC
:209C58009200DA075F4FA400DA085F4FB600DA095F4FC800DA0A5F4FDA001D00E10091008D
:209C78000046D94450E082043B4001506D00D23E91000046D94450E091200058D955BF7BD5
:209C98006DFFA0B282021D00CD0091000046D94450E082043B4001506D00BC3E91000046CC
:209CB800D94450E091200058D9558C8B6DFF8AB282021D00B70091000046D94450E0820447
:209CD8003B4001506D00A63E91000046D94450E091200058D955998B6DFF74B282021D009D
:209CF800A10091000046D94450E082043B4001506D00903E91000046D94450E091200058CD
:209D1800D955A68B6DFF5EB282021D008B0091000046D94450E082043B4001506D007A3E89
:209D380091000046D94450E091200058D955C41B6DFF48B282023C7591000046D94450E012
:209D580082043B4001506D00653E91000046D94450E091200058D955819B6DFF33B282023D
:209D78003C6091000046D94450E082043B4001506D00503E91000046D94450E09120005891
:209D9800D955899B6DFF1EB282023C4B91000046D94450E082043B4001506D003B3E910025
:209DB8000046D94450E091200058D955979B6DFF09B282023C3691000046D94450E08204C8
:209DD8003B4001506D00263E91000046D94450E091200058D955A89B6DFFF4B182023C213E
:209DF80091000046D94450E082043B4001506D00113E91000046D94450E091200058D955BE
:209E1800BA4B6DFFDFB182023C0C910000F6D9FF1C60DA0034FF3B9000203C0382023C018A
:209E38000090910000F6D9FF086091000026D9220C6054246D00952434F2910000F6D9FF72
:209E58001460DA0034FF910000F6D9FF1060DA0034FF910000F6D9FF1860DA0034FF910018
:209E780000F6D9FF1C50DA0134FF0090910000F6D9FF146014FFEE3BDA013E47DA02BE47A2
:209E9800DA035F4F2D003C32910000F6D9FF106014FF6E0C910000F6D9FF106091000026A2
:209EB800D9221060142FC2FF34FF3C20910000F6D9FF106014FF910000F6D9FF186014F0CF
:209ED8007F0F0D80910000F6D9FF106091000026D9221060142FC21F34FF3C08910000F63C
:209EF800D9FF1460DA0134FF3C013C3ADA013E48DA023E4ADA033E4CDA04BE493C31821429
:209F18006D0025013C2D82046D0021013C29910000F6D9FF1C50DA0134FF910000F6D9FF7B
:209F38001460DA0034FF6DFFE4F73C1A910000F6D9FF086091000026D9220860142FC21FE6
:209F580034FF910000F6D9FF086014FFBF5F0880910000F6D9FF0860DA0034FF3C01009095
:209F7800910000F6D9FF246014FFEE30DA003C2C910000F6D9FF206014F07E08BB00804F80
:209F98003BF001506D000E5B3C07BB00804FBB00FE5F6D00075B370F68406DFF33F8820498
:209FB800530F21003700705091000046D94450E06D00525EBB00804FBB00FE5F6D00F25A73
:209FD800C21F370F48F0BF5FD57F0090910000F6D9FF506014FF6E18910000F6D9FF506051
:209FF800DA0034FF910000F6D9FF246014FF534F20F0910000F6D9FF286010FFD4FF821435
:20A018002D0F00003C57910000F6D9FF546014FF6E18910000F6D9FF5460DA0034FF9100FC
:20A0380000F6D9FF246014FF534F20F0910000F6D9FF286010FFD4FF82242D0F00003C3AD0
:20A05800910000F6D9FF586014FF6E18910000F6D9FF5860DA0034FF910000F6D9FF246031
:20A0780014FF534F20F0910000F6D9FF286010FFD4FF82342D0F00003C1D910000F6D9FF90
:20A098005C6014FF6E17910000F6D9FF5C60DA0034FF910000F6D9FF246014FF534F20F084
:20A0B800910000F6D9FF286010FFD4FF82442D0F00000090910000F6D9FF246014FFEE4504
:20A0D800DA013E47DA02BE4EDA035F4F36003C3D910000F6D9FF206014FF6E0D910000F6F2
:20A0F800D9FF206091000026D9222060142FC2FF34FF3C07910000F6D9FF2060DA0434FF54
:20A118003C24910000F6D9FF206014FFFF4F0E00910000F6D9FF206091000026D922206068
:20A13800142FC21F34FF3C07910000F6D9FF2060DA0034FF3C0A6DFF76FE910000F6D9FFFC
:20A158002460DA0134FF3C010090910000F6D9FF1C6014F0DA003E06DA015F0F5E001D00C7
:20A17800BE00DF042E00910000F6D9FF106014FF534F20F0910000F6D9FF70C010FFD4FFF3
:20A1980091000026D9221060142F534F20F091000026D92270C01022D4225420910000265B
:20A1B800D9220860142F534F20F091000026D92234501022542F6B0F21F074FF3C2C91004D
:20A1D80000F6D9FF106014FF534F20F0910000F6D9FF70C010FFD4FF91000026D9221060D1
:20A1F800142F534F20F091000026D92270C01022D422542091000026D9220860142F534FD5
:20A2180020F091000026D92234501022542F6B0F31F074FF3C63DF043200910000F6D9FF0A
:20A23800106014FF534F20F0910000F6D9FF58D010FFD4FF91000026D9221060142F534F61
:20A2580020F091000026D92258D01022D422542F4B0F410191000026D9220860142F534FB6
:20A2780020F091000026D92234501022542F6B0F21F04B0F31F174FF3C30910000F6D9FF86
:20A29800106014FF534F20F0910000F6D9FF58D010FFD4FF91000026D9221060142F534F01
:20A2B80020F091000026D92258D01022D422542F4B0F410191000026D9220860142F534F56
:20A2D80020F091000026D92234501022542F6B0F31F04B0F31F174FF3C010090024882093F
:20A2F8001D008100534920F0910000F6D9FF085010FFD4FF3BA000402D0F0000910000F685
:20A31800D9FF1C6014FF6E08910000F6D9FF1C6014F0DF106780534920F0910000F6D9FF88
:20A33800085010FFD4FF3BA000402D0F0000910000F6D9FF1C6014F0DA003E05DA015F0F2F
:20A358002B003C4F820A3C1F910000F6D9FF205014F0DA0A03F00AFA534F20F0910000F661
:20A37800D9FF606010FF534A20F091000026D92270C01022D42254246DFFB8F574F2C21A94
:20A39800370A50A0910000F6D9FF186014FF3FFADD7F3C2782003C1D910000F6D9FF2050E8
:20A3B80014F1DA0A03F10AF0534F20F0910000F6D9FF606010FF534020F091000026D92279
:20A3D80058D01022D422542F74FFC21037005000910000F6D9FF186014FF3FF0DF7F3C0112
:20A3F800C219BF59817F768B8204820591000046D94460603B4006606D001A6700908204AB
:20A4180082056D007366F62682146DFF69FF1D0082008204820591000046D94460603B40F6
:20A4380006606D00D96682093C73534920F0910000F6D9FF085010FFD4FF82042D0F0000B1
:20A45800910000F6D9FF1C6014FF6E08910000F6D9FF1C6014FFDF1F5B80910000F6D9FF5A
:20A478001C6014F0DA003E05DA015F0F2B003C4F82083C1F534820F0910000F6D9FF70C009
:20A4980010FFD4FF91000026D92220501420DA0A03F00AF8534F20F091000026D92260606F
:20A4B800102254246DFF22F574F2C21837085080910000F6D9FF186014FF3FF8DD7F3C2728
:20A4D80082003C1D534020F0910000F6D9FF58D010FFD4FF91000026D92220501421DA0A42
:20A4F80003F10AF0534F20F091000026D92260601022542F74FFC21037005000910000F62A
:20A51800D9FF186014FF3FF0DF7F3C01C219BF598E7F0090910000F6D9FF3860DA00B4FFE2
:20A53800910000F6D9FF3C60DA00B4FF3BA000003C413B9001103C38530025F0910000F6E4
:20A55800D9FF8CD210FF01F100F614FFEE0D910000F6D9FF386091000026D9223860092F2F
:20A57800C008C21FB4FF530025F0910000F6D9FF8CD210FF01F100F614FFEE15910000F6AE
:20A59800D9FF40F109FF7008C2EF7E0D910000F6D9FF3C6091000026D9223C60092FC00895
:20A5B800C21FB4FFC211DA373FF1C87FC21037006800DA323FF0BF7F910000F6D9FF4CF00F
:20A5D8006DFF0FCC34F2910000F6D9FF386009FFC0083B0019007FF06680910000F6D9FF27
:20A5F8003C6009F0C008DA147F0F5D80910000F6D9FF40F109FF6E08FF5F5580910000F6C5
:20A61800D9FF40F109FF6F08FF5F4D80910000F6D9FF189014FFFF2F4680910000F6D9FF02
:20A638001C9014FFFF2F3F80910000F6D9FF4CF014FF4B0F61F1910000F6D9FF007054F0E9
:20A658004B0F01F016038B0F20F26E2C910000F6D9FF40F109FF70084B0F61F1910000F6F5
:20A67800D9FF0C7054F04B0F01F016068B0F20F26E19910000F6D9FF346014FFEE139100F8
:20A6980000F6D9FF3060DA0134FF910000F6D9FF3460DA0134FF910000F6D9FF1430DA06B2
:20A6B800B4FF0090910000F6D9FF187054FFDF0F2D038200910000F6D9FF0870DA0074FF41
:20A6D800910000F6D9FF24A0DA3774FF3C1C910000F6D9FF24A054FF534F24F0910000F6B0
:20A6F800D9FF50F010FF488F8B9F1DF042F0910000F6D9FF24A091000026D92224A0542FBF
:20A71800C2FF74FF910000F6D9FF24A054F1910000F6D9FF40F109FF7008C21F7FF1D97FCC
:20A73800910000F6D9FF08704B0041F191000026D92240F1092070088B6003014B004101AD
:20A758004B0F51F074FF910000F6D9FF087054FF7B0000044B0F01F0370F61F1DF0F4B010D
:20A77800910000F6D9FF24A0DA3B74FF1D009600910000F6D9FF24A054FF534F24F09100A6
:20A7980000F6D9FF50F010FF483F910000F6D9FF24A054F0910000F6D9FF041001F000F63C
:20A7B80014F0A20F4B0F41F1910000F6D9FF208054F06B0021FF82004B0F01F0370F61F00E
:20A7D8006E0382003C50910000F6D9FF24A054FF534F24F0910000F6D9FF50F010FF483F81
:20A7F800910000F6D9FF24A054F0910000F6D9FF041001F000F614F0A20F4B0F41F19100AE
:20A8180000F6D9FF208054F06B0021FF7BE029044B0F01F06F2F2680910000F6D9FF24A0A9
:20A8380054FF534F24F0910000F6D9FF50F010FF483F910000F6D9FF24A054F0910000F6D4
:20A85800D9FF041001F000F614F0A20F4B0F41F1910000F6D9FF208054F06B00210F3C03AF
:20A878007BE02904910000F6D9FF24A054FF534F24F0910000F6D9FF50F010FF4B0031F1F1
:20A898006CF8910000F6D9FF24A091000026D92224A0542FC2FF74FF910000F6D9FF24A0C9
:20A8B80054F0910000F6D9FF40F109FF7008C21F7FF0607F910000F6D9FF24A09100002623
:20A8D800D92240F1092F7008C21F74FF1D008A00910000F6D9FF24A054FFC21FCEF3DA0097
:20A8F8003C12910000F6D9FF24A054F0C210DA3B7F0F0400DA3B3C07910000F6D9FF24A097
:20A9180054FFC21F534F24F0910000F6D9FF50F010FF488FCEF3DA003C4B910000F6D9FF2F
:20A9380024A054FFC21FCEF3DA003C12910000F6D9FF24A054F0C210DA3B7F0F0400DA3B29
:20A958003C07910000F6D9FF24A054FFC21F534F24F0910000F6D9FF50F010FF488F3BF0DF
:20A9780004007FF00400DA4F3C23910000F6D9FF24A054FFC21FCEF3DA003C12910000F6F9
:20A99800D9FF24A054F0C210DA3B7F0F0400DA3B3C07910000F6D9FF24A054FFC21F534FF5
:20A9B80024F0910000F6D9FF50F010FF488F910000F6D9FF24A054F053402400910000F641
:20A9D800D9FF50F001F000F66CF8910000F6D9FF24A091000026D92224A0542FC2FF74FFAC
:20A9F800910000F6D9FF24A054FFFF1F737F1D008D01910000F6D9FF087054FF7B00000C5D
:20AA18004B0F01F0370F61F0DF0F8001910000F6D9FF24A0DA3B74FF1D00CD00910000F6B1
:20AA3800D9FF24A054FFCEF3DA003C10910000F6D9FF24A054F0DA3B7F0F0400DA3B3C06C3
:20AA5800910000F6D9FF24A054FF534F24F0910000F6D9FF50F010FF482F910000F6D9FF2E
:20AA780024A054F0910000F6D9FF041001F000F614F0420F4B0F41F1910000F6D9FF20807C
:20AA980054F06B0031FF82004B0F01F0370F61F06E0382003C75910000F6D9FF24A054FF41
:20AAB800CEF3DA003C10910000F6D9FF24A054F0DA3B7F0F0400DA3B3C06910000F6D9FFD3
:20AAD80024A054FF534F24F0910000F6D9FF50F010FF482F910000F6D9FF24A054F0910074
:20AAF80000F6D9FF041001F000F614F0420F4B0F41F1910000F6D9FF208054F06B0031FFB6
:20AB18007BE029044B0F01F0370F61F16E047BE029043C36910000F6D9FF24A054FFCEF30F
:20AB3800DA003C10910000F6D9FF24A054F0DA3B7F0F0400DA3B3C06910000F6D9FF24A04F
:20AB580054FF534F24F0910000F6D9FF50F010FF482F910000F6D9FF24A054F0910000F6C1
:20AB7800D9FF041001F000F614F0420F4B0F41F1910000F6D9FF208054F06B00310F91008A
:20AB980000F6D9FF24A054FF534F24F0910000F6D9FF50F010FF4B0031F16CF8910000F6FC
:20ABB800D9FF24A091000026D92224A0542FC2FF74FF910000F6D9FF24A054F0910000F6C6
:20ABD800D9FF40F109FF7008C21F7FF0297F910000F6D9FF24A091000026D92240F1092F9E
:20ABF8007008C21F74FF1D008A00910000F6D9FF24A054FFC21FCEF3DA003C12910000F603
:20AC1800D9FF24A054F0C210DA3B7F0F0400DA3B3C07910000F6D9FF24A054FFC21F534F72
:20AC380024F0910000F6D9FF50F010FF488FCEF3DA003C4B910000F6D9FF24A054FFC21FEA
:20AC5800CEF3DA003C12910000F6D9FF24A054F0C210DA3B7F0F0400DA3B3C07910000F634
:20AC7800D9FF24A054FFC21F534F24F0910000F6D9FF50F010FF488F3BF004007FF004000F
:20AC9800DA4F3C23910000F6D9FF24A054FFC21FCEF3DA003C12910000F6D9FF24A054F06D
:20ACB800C210DA3B7F0F0400DA3B3C07910000F6D9FF24A054FFC21F534F24F0910000F617
:20ACD800D9FF50F010FF488F910000F6D9FF24A054F053402400910000F6D9FF50F001F0B0
:20ACF80000F66CF8910000F6D9FF24A091000026D92224A0542FC2FF74FF910000F6D9FF33
:20AD180024A054FFFF1F737F910000F6D9FF14F054FF910000F6D9FF107054F04B0F01F0D0
:20AD380016068B0F20F26E2B910000F6D9FF3070DA0034FF910000F6D9FF2870DA0034FF8A
:20AD5800910000F6D9FF2470DA0034FF910000F6D9FF14F0DA0074FF910000F6D9FF147048
:20AD7800DA0134FF910000F6D9FF3490DA1E34FF910000F6D9FF28F0DA0034FF0090F44512
:20AD9800DA006C410C4896012C480C4896022C480C48B70F01F12C480C48B70F81F12C48D5
:20ADB8000C48B70F01F22C480C4896202C480940C808DA0837F006F3AC440C49B70F01F263
:20ADD8002C49DA00894F0E09DA00894F1209DA00894F0A090C49B70F81F22C490C49B70F6D
:20ADF80001F32C49094F5808B70F01F0894F1808094F5808B70F81F0894F1808094F5808CC
:20AE1800B70F01F1894F1808094F5808B70F81F1894F18080090DA00344FDA00AC41DA00F4
:20AE3800AC42DA00AC43DA002C48DA00AC45A00FEC43DA006C440090910000F6D9FF40F1A2
:20AE580009F04618DA095F0F6903910000F6D9FF40F109FF4618DF3F6103910000F6D9FFEF
:20AE780040F109FF4618DF4F5903910000F6D9FF40F109FF4618DF5F5103910000F6D9FFB2
:20AE980040F109FF7108910000F6D9FF40F109F006098B101F003F0F0800910000F6D9FFE1
:20AEB8003090DA3774FF910000F6D9FF388014F0DA465F0F8301910000F6D9FF24A0DA36D6
:20AED80074FF1D006D01910000F6D9FFAC1191000026D92224A0542F530F25F09100002619
:20AEF800D9228CD21022F4F2910000F6D9FF24A054FF534F24F0910000F6D9FF50F010FFEF
:20AF1800081F3B7005005F0F3581910000F6D9FF24A054FFC21F534F24F0910000F6D9FFB2
:20AF380050F010FF482F3B6004003F0F1000910000F6D9FF40F191000026D92224A0542FAD
:20AF5800C21F89FF30081D0039013C71910000F6D9FF24A091000026D92224A0542FC2FF57
:20AF780074FF910000F6D9FF24A054FF534F24F0910000F6D9FF50F010FF081F3B400500C5
:20AF98005F0F5680910000F6D9FF24A054FFC2FF534F24F0910000F6D9FF50F010FF081F93
:20AFB8003B4005005F0F4480910000F6D9FF24A054FFC2EF534F24F0910000F6D9FF50F04B
:20AFD80010FF081F3B4005005F0F3280910000F6D9FF24A054FFC2EF534F24F0910000F61F
:20AFF800D9FF50F010FF482F3BA000007FF02000910000F6D9FF24A054FFC2EF534F24F054
:20B01800910000F6D9FF50F010FF482F3B6004007F0F0E00910000F6D9FF00909100002612
:20B03800D92224A0542FC2EF74FF3C0F910000F6D9FF24A054F0910000F6D9FF40F109FF48
:20B058007008C24F7FF0847F91000026D9223080910000F6D9FF009054FF534F24F09100F2
:20B0780000F6D9FF50F010FF482F910000F6D9FF309054F053402400910000F6D9FF50F06B
:20B0980001F000F64820A20F4B0F4101910000F6D9FF009054FF910000F6D9FF309054F156
:20B0B800A21F4B0F41F14BF051F0742F910000F6D9FF009054FF910000F6D9FF40F109F041
:20B0D80070087FF05600910000F6D9FF28A091000026D9223090542F74FF3C3E910000F68B
:20B0F800D9FF28A054FF534F24F0910000F6D9FF50F010F2910000F6D9FF308054F091000A
:20B1180000F6D9FF28A054FF910000F6D9FF309054F1A21F4B0F41F14BF041F04B0F310185
:20B13800910000F6D9FF309054FF534F24F0910000F6D9FF50F010FF482F42F089200809BE
:20B15800910000F6D9FF28A091000026D92228A0542FC2FF74FF910000F6D9FF28A054FF05
:20B17800910000F6D9FF009054F07F0FB97F3C0C910000F6D9FF309091000026D92224A0E1
:20B19800542FC22F74FF910000F6D9FF24A091000026D92224A0542FC2FF74FF910000F6D9
:20B1B800D9FF24A054F0910000F6D9FF40F109FF7008C24F7FF0897E910000F6D9FF40F170
:20B1D80009FF7108910000F6D9FF40F109F006098B101F003F0F0800910000F6D9FF30900F
:20B1F800DA3774FF910000F6D9FF40F109F04A18DA547E0E910000F6D9FF40F109FF461818
:20B218005E57910000F6D9FF3090DA3774FF910000F6D9FF3C8014F0DA465F0F7F01910000
:20B2380000F6D9FF24A0DA3674FF1D006901910000F6D9FFAC1191000026D92224A0542F45
:20B25800530F25F091000026D9228CD21022F4F2910000F6D9FF24A054FF534F24F091007A
:20B2780000F6D9FF50F010FF14F0DA575F0F3281910000F6D9FF24A054FFC21F534F24F036
:20B29800910000F6D9FF50F010FF483F3BA000003FF01000910000F6D9FF40F19100002600
:20B2B800D92224A0542FC21F89FF30081D0036013C6E910000F6D9FF24A091000026D922C0
:20B2D80024A0542FC2FF74FF910000F6D9FF24A054FF534F24F0910000F6D9FF50F010FF01
:20B2F80014F0DA545F0F5480910000F6D9FF24A054FFC2FF534F24F0910000F6D9FF50F036
:20B3180010FF14F0DA545F0F4380910000F6D9FF24A054FFC2EF534F24F0910000F6D9FF67
:20B3380050F010FF14F0DA545F0F3280910000F6D9FF24A054FFC2EF534F24F0910000F6F0
:20B35800D9FF50F010FF483F3B6004007F0F2000910000F6D9FF24A054FFC2EF534F24F0FD
:20B37800910000F6D9FF50F010FF483F3BA000007FF00E00910000F6D9FF00909100002682
:20B39800D92224A0542FC2EF74FF3C0F910000F6D9FF24A054F0910000F6D9FF40F109FFE5
:20B3B8007008C24F7FF0877F91000026D9223480910000F6D9FF009054FF534F24F0910088
:20B3D80000F6D9FF50F010FF483F910000F6D9FF309054F053402400910000F6D9FF50F0F8
:20B3F80001F000F64830A20F4B0F4101910000F6D9FF009054FF910000F6D9FF309054F1E3
:20B41800A21F4B0F41F14BF051F0742F910000F6D9FF009054FF910000F6D9FF40F109F0DD
:20B4380070087FF05600910000F6D9FF28A091000026D9223090542F74FF3C3E910000F627
:20B45800D9FF28A054FF534F24F0910000F6D9FF50F010F2910000F6D9FF348054F09100A2
:20B4780000F6D9FF28A054FF910000F6D9FF309054F1A21F4B0F41F14BF041F04B0F310122
:20B49800910000F6D9FF309054FF534F24F0910000F6D9FF50F010FF483F42F089200C0947
:20B4B800910000F6D9FF28A091000026D92228A0542FC2FF74FF910000F6D9FF28A054FFA2
:20B4D800910000F6D9FF009054F07F0FB97F3C0C910000F6D9FF309091000026D92224A07E
:20B4F800542FC22F74FF910000F6D9FF24A091000026D92224A0542FC2FF74FF910000F676
:20B51800D9FF24A054F0910000F6D9FF40F109FF7008C24F7FF08D7E910000F6D9FF24A075
:20B53800DA3B74FF3C62910000F6D9FF24A054FF534F24F0910000F6D9FF50F010F291006F
:20B5580000F6D9FF24A054FF534F24F0910000F6D9FF50F010FF4820910000F6D9FF24A0FF
:20B5780054FF534F24F0910000F6D9FF50F010FF483F42F0DA024BF00102892020099100C6
:20B5980000F6D9FF24A054FF534F24F0910000F6D9FF50F010F2910000F6D9FF24A054FFE1
:20B5B800534F24F0910000F6D9FF50F010FF48203250910000F6D9FF24A054FF534F24F0F9
:20B5D800910000F6D9FF50F010FF483F42F089200409910000F6D9FF24A091000026D92261
:20B5F80024A0542FC2FF74FF910000F6D9FF24A054FF910000F6D9FF40F109F070087F0FB3
:20B61800947F0090910000F6D9FFAC1191000026D9228CD2D9223091F4F2910000F6D9FF42
:20B638008CD239FF17A1DF0F1181910000F6D9FF20A0DA0074FF3C29910000F6D9FF8CD296
:20B6580091000026D92220A0542F325F10FF39FF17A16E023C22910000F6D9FF8CD2910031
:20B678000026D92220A0542F10FF39FF17A16E023C14910000F6D9FF20A091000026D922BE
:20B6980020A0542FC21F74FF910000F6D9FF20A054F0DA273FF0D27F910000F6D9FF8CD25A
:20B6B80091000026D92220A0542F325F10FF39FF17A16E5E910000F6D9FF28809100002663
:20B6D800D92220A0542F8B7F02F1C21F74FF910000F6D9FF20A091000026D9222880542FC7
:20B6F80074FF3C3E910000F6D9FF8CD291000026D92220A0542F10FF39FF3091EE199100F3
:20B7180000F6D9FF8CD291000026D92220A0542F10FF39FF2F91EE0C910000F6D9FF2480EC
:20B7380091000026D92220A0542F74FF3C20910000F6D9FF20A054FF5E18910000F6D9FFE6
:20B758002480DA0074FF3C13910000F6D9FF20A091000026D92220A0542FC2FF74FF9100B8
:20B7780000F6D9FF20A054FFFF1FBE7F3C6C910000F6D9FF8CD291000026D92220A0542F1B
:20B7980010FF39FF17A16E5F910000F6D9FF248091000026D92220A0542F8B7F02F0C2FF10
:20B7B80074FF910000F6D9FF20A091000026D9222480542F74FF3C3F910000F6D9FF8CD25B
:20B7D80091000026D92220A0542F10FF39FF3091EE19910000F6D9FF8CD291000026D922DE
:20B7F80020A0542F10FF39FF3191EE0C910000F6D9FF288091000026D92220A0542F74FF7C
:20B818003C22910000F6D9FF20A054F0DA4E7E08910000F6D9FF2880DA4F74FF3C1491001D
:20B8380000F6D9FF20A091000026D92220A0542FC21F74FF910000F6D9FF20A054F0DA4F8D
:20B858003FF0BC7F1D00A000910000F6D9FF20A0DA4F74FF3C41910000F6D9FF8CD2910023
:20B878000026D92220A0542F10FF39F03091DAFFFE0A910000F6D9FF8CD291000026D92203
:20B8980020A0542F10FF39F02F91DAFF7E0C910000F6D9FF288091000026D92220A0542FF6
:20B8B80074FF3C22910000F6D9FF20A054F0DA287E08910000F6D9FF2880DA2774FF3C14E9
:20B8D800910000F6D9FF20A091000026D92220A0542FC2FF74FF910000F6D9FF20A054F0A5
:20B8F800DA273F0FBA7F910000F6D9FF20A0DA0074FF3C41910000F6D9FF8CD2910000264B
:20B91800D92220A0542F10FF39F03091DAFFFE0A910000F6D9FF8CD291000026D92220A0C8
:20B93800542F10FF39F03191DAFF7E0C910000F6D9FF248091000026D92220A0542F74FFA4
:20B958003C22910000F6D9FF20A054F0DA267E08910000F6D9FF2480DA2774FF3C14910030
:20B9780000F6D9FF20A091000026D92220A0542FC21F74FF910000F6D9FF20A054F0DA2774
:20B998003FF0BA7F910000F6D9FF2C8091000026D9222480542F91000026D9222880542075
:20B9B800420F82204B0F010274F0910000F6D9FF50F091000026D9222480542F59FFF4E017
:20B9D800910000F6D9FF50F091000026D9222880542F59FFF8E0910000F6D9FF50F0910073
:20B9F8000026D9222C80542F59FFCCF0910000F6D9FF50F091000026D9222880542F9100BE
:20BA18000026D92224805420A20F59FFF0E0910000F6D9FF50F0DA54E9FFEDE0910000F6F3
:20BA3800D9FF50F0DA54E9FFECE0910000F6D9FF24A0DA3A74FF1D00A101910000F6D9FF2C
:20BA5800AC1191000026D92224A0542F530F25F091000026D9228CD21022F4F2910000F6F2
:20BA7800D9FF20A0DA4F74FF3C6E910000F6D9FFAC11D4FF91000026D92220A0542F10FFDD
:20BA980014F0DAFF5F0F2480910000F6D9FFAC11D4FF91000026D92220A0542F10FF09F0B3
:20BAB8007FF8DAFFFE04910000F6D9FF24A054FF534F24F0910000F6D9FF50F010FF9100B1
:20BAD8000026D92220A0542F6CF33C52910000F6D9FF20A054F0910000F6D9FF24A054FF24
:20BAF800C21F534F24F0910000F6D9FF50F010FF488FC21FFE0D910000F6D9FF24A054FFB0
:20BB1800534F24F0910000F6D9FF50F010F2910000F6D9FF24A054FFC21F534F24F0910018
:20BB380000F6D9FF50F010FF488F6C233C21910000F6D9FF20A091000026D92220A0542FF9
:20BB5800C2FF74FF910000F6D9FF20A054F0910000F6D9FF24A054FFC21F534F24F0910098
:20BB780000F6D9FF50F010FF488F3F0F807F910000F6D9FF20A0DA0074FF3C6E910000F6CF
:20BB9800D9FFAC11D4FF91000026D92220A0542F10FF14F0DAFF5F0F2480910000F6D9FFD3
:20BBB800AC11D4FF91000026D92220A0542F10FF081F3BF00F00FE04910000F6D9FF24A053
:20BBD80054FF534F24F0910000F6D9FF50F010FF91000026D92220A0542F6CF23C52910024
:20BBF80000F6D9FF20A054F0910000F6D9FF24A054FFC21F534F24F0910000F6D9FF50F0AF
:20BC180010FF488FC2FFFE0D910000F6D9FF24A054FF534F24F0910000F6D9FF50F010F28D
:20BC3800910000F6D9FF24A054FFC21F534F24F0910000F6D9FF50F010FF488F6C223C216F
:20BC5800910000F6D9FF20A091000026D92220A0542FC21F74FF910000F6D9FF20A054F001
:20BC7800910000F6D9FF24A054FFC21F534F24F0910000F6D9FF50F010FF488F3FF0807FEC
:20BC9800910000F6D9FF24A054FF534F24F0910000F6D9FF50F010FFDA542CF1910000F6E0
:20BCB800D9FF24A054FF534F24F0910000F6D9FF50F010FFDA5434FF910000F6D9FF24A095
:20BCD80054FF534F24F0910000F6D9FF50F010F2910000F6D9FF24A054FF534F24F09100E5
:20BCF80000F6D9FF50F010FF4830910000F6D9FF24A054FF534F24F0910000F6D9FF50F0CC
:20BD180010FF482F42F0DA024BF0010289202009910000F6D9FF24A054FF534F24F09100AA
:20BD380000F6D9FF50F010F2910000F6D9FF24A054FF534F24F0910000F6D9FF50F010FF01
:20BD5800483F910000F6D9FF24A054F053402400910000F6D9FF50F001F000F64820A20F87
:20BD78006C21910000F6D9FF24A091000026D92224A0542FC2FF74FF910000F6D9FF24A0AB
:20BD980054F0DA363F0F5B7E3B4005203C01009020103B600480DA4678033B6004903B60EF
:20BDB80004A0820B820C910000F6D9FF3C80820034F0910000F6D9FF3880820034F091009D
:20BDD80000F6D9FF40F1DA0089FF2E08910000F6D9FF40F1DA0089FF3108910000F6D9FF2A
:20BDF80040F1DA0089FF2F08910000F6D9FF24A0DA3674FF1D004807910000F6D9FFAC1133
:20BE180091000026D92224A05420530025F091000026D9228CD21022F4F2910000F6D9FF31
:20BE380040F109F04618DA0A5F0F350091000026D9221490910000F6D9FF24A054FFC21F2E
:20BE5800534F24F0910000F6D9FF50F010FF483F910000F6D9FF049054F0A20F742F9100C3
:20BE78000026D9221090910000F6D9FF24A054FFC21F534F24F0910000F6D9FF50F010FF2E
:20BE9800483F910000F6D9FF049054F0420F742F3C3391000026D9221490910000F6D9FFB4
:20BEB80024A054FFC21F534F24F0910000F6D9FF50F010FF483F910000F6D9FF089054F04C
:20BED800A20F742F91000026D9221090910000F6D9FF24A054FFC21F534F24F0910000F610
:20BEF800D9FF50F010FF483F910000F6D9FF089054F0420F742F910000F6D9FF149054FFF7
:20BF18004EF382153C06910000F6D9FF149054F5910000F6D9FF149074F5910000F6D9FFD8
:20BF3800109054F0DA4E7F0F05003BE004603C06910000F6D9FF109054F6910000F6D9FFE1
:20BF5800109074F6910000F6D9FFAC11D4F43B20054049A5060A6D00BE09910000F6D9FFAA
:20BF780040F109F04618DA0A5F0F340091000026D9221490910000F6D9FF24A054FFC21FEE
:20BF9800534F24F0910000F6D9FF50F010FF482F910000F6D9FF049054F0A20F742F910092
:20BFB8000026D9221090910000F6D9FF24A054FFC21F534F24F0910000F6D9FF50F010FFED
:20BFD800482F910000F6D9FF049054F0420F742F910000F6D9FF149054FF4EF382153C0637
:20BFF800910000F6D9FF149054F5910000F6D9FF149074F5910000F6D9FF109054F0DA4E06
:20C018007F0F05003BE004603C06910000F6D9FF109054F6910000F6D9FF109074F6910071
:20C0380000F6D9FFAC11D4F43BC0044049A5000A6D00510909A04408DA57FE0D910000F6DF
:20C05800D9FF24A054FF534F24F0910000F6D9FF50F010F2910000F6D9FF24A054FFC21F2B
:20C07800534F24F0910000F6D9FF50F010FF482F6C223C0F910000F6D9FF24A054FF534FDC
:20C0980024F0910000F6D9FF50F010FF54AF6CF209A04A08DA57FE0D910000F6D9FF24A00B
:20C0B80054FF534F24F0910000F6D9FF50F010F2910000F6D9FF24A054FFC21F534F24F0B1
:20C0D800910000F6D9FF50F010FF483F6C233C10910000F6D9FF24A054FF534F24F091007B
:20C0F80000F6D9FF50F010FF09AF06096CF3910000F6D9FF24A054FF534F24F0910000F632
:20C11800D9FF50F010FF0CA42CF1910000F6D9FF24A054FF534F24F0910000F6D9FF50F048
:20C1380010FF0CAA34FF910000F6D9FF24A054FF534F24F0910000F6D9FF50F010FF0810FD
:20C15800DA48BE01910000F6D9FF24A054FF534F24F0910000F6D9FF50F010FF14F0DA48E6
:20C178005F0FA381910000F6D9FF24A054FF534F24F0910000F6D9FF50F010FF0810DA4801
:20C198005F0FA28091000026D92220A0910000F6D9FF24A054FF534F24F0910000F6D9FFFA
:20C1B80050F010FF482FC21F742F3C78910000F6D9FFAC11D4FF91000026D92220A0542F85
:20C1D80010FF14FFEE2F910000F6D9FFAC11D4FF91000026D92220A0542F10FF081F6E225E
:20C1F800910000F6D9FF24A054FF534F24F0910000F6D9FF50F010FF91000026D92220A0DB
:20C21800542F6CF2910000F6D9FF24A054FF534F24F0910000F6D9FF50F010FFDA542CF100
:20C238003C52910000F6D9FFAC11D4FF91000026D92220A0542F10FF14FF6E023C449100D1
:20C2580000F6D9FF20A054F0910000F6D9FF24A054FF534F24F0910000F6D9FF50F010FF1A
:20C27800483FC2FFFE00910000F6D9FF24A054FF534F24F0910000F6D9FF50F010FFDA5458
:20C298002CF13C21910000F6D9FF20A091000026D92220A0542FC21F74FF910000F6D9FF45
:20C2B80020A054F0910000F6D9FF24A054FF534F24F0910000F6D9FF50F010FF483FC2FF40
:20C2D8007F0F767F910000F6D9FF24A054FF534F24F0910000F6D9FF50F010FF48309100E0
:20C2F80000F6D9FF24A054FF534F24F0910000F6D9FF50F010FF482FA2F0DA073F0F100095
:20C31800910000F6D9FF40F191000026D92224A0542FC21F89FF30081D00C304910000F670
:20C33800D9FF24A054FF534F24F0910000F6D9FF50F010FF14F0DA485F0FB7809100002610
:20C35800D92220A0910000F6D9FF24A054FF534F24F0910000F6D9FF50F010FF483FC2FFE8
:20C37800742F1D008D00910000F6D9FFAC11D4FF91000026D92220A0542F10FF14FFEE3034
:20C39800910000F6D9FFAC11D4FF91000026D92220A0542F10FF09FF7FF86E22910000F6FC
:20C3B800D9FF24A054FF534F24F0910000F6D9FF50F010FF91000026D92220A0542F6CF3BE
:20C3D800910000F6D9FF24A054FF534F24F0910000F6D9FF50F010FFDA5434FF3C659100D8
:20C3F80000F6D9FFAC11D4FF91000026D92220A0542F10FF14FF6E023C57910000F6D9FF4E
:20C4180020A054F0910000F6D9FF24A054FF534F24F0910000F6D9FF50F010FF482FC21FCE
:20C438005F0F2380910000F6D9FF24A054FF534F24F0910000F6D9FF50F010FF9100002642
:20C45800D92220A0542F6CF3910000F6D9FF24A054FF534F24F0910000F6D9FF50F010FF4D
:20C47800DA5434FF3C21910000F6D9FF20A091000026D92220A0542FC2FF74FF910000F617
:20C49800D9FF20A054F0910000F6D9FF24A054FF534F24F0910000F6D9FF50F010FF482F57
:20C4B800C21F7FF0627F82018202910000F6D9FF40F109F04618DF304A02910000F6D9FF8B
:20C4D80024A054F0534024F0910000F6D9FF50F010FF14F0DA575F0F1A81910000F6D9FF4A
:20C4F80024A054F0DA0A7F0F1201910000F6D9FF24A054F0DA327FF00A01910000F6D9FF4B
:20C5180040F109F04618DA095F0F0101DA465FAF98803B4005A0910000F6D9FF24A054FD4E
:20C53800C22D910000F6D9FF24A054F0C2103C18CE03DA003C07DA3B7F0F0400DA3B3C027F
:20C55800020F534F24F0910000F6D9FF50F010FF14F3DA547E34C21237026820C21091006F
:20C5780000F6D9FF24A054FF8BFF00F03FF0E27FBF926780910000F6D9FF24A054FF422F95
:20C59800CEF382003C13910000F6D9FF24A054F04220DA3B7F0F05003BB003003C079100BE
:20C5B80000F6D9FF24A054F04220910000F6D9FF24A054FFC23FCEF3DA003C12910000F644
:20C5D800D9FF24A054F3C233DA3B7F3F0400DA3B3C07910000F6D9FF24A054FFC23F534032
:20C5F8002400910000F6D9FF50F001F000F64830534F24F0910000F6D9FF50F010FF483F16
:20C61800A2F04B0041F1C2D24B0241014B0F51C0DA004BFC01F0370F61F16E043B40059039
:20C638003C0F3B600490DA004BFC01F0370F61F06E07910000F6D9FF3C80DA4634FFDA54AE
:20C658005F9F2680910000F6D9FF24A054FF534F24F0910000F6D9FF50F010F2534D24F09D
:20C67800910000F6D9FF50F010FF483F4B0F41F1910000F6D9FF24A054F00B0D80004B0097
:20C6980041016B0C71FF4B0F31F16C23910000F6D9FF24A054FF534F24F0910000F6D9FFC3
:20C6B80050F010FF483F4EF3DA013C0E910000F6D9FF24A054FF534F24F0910000F6D9FF9B
:20C6D80050F010FF483F910000F6D9FF24A054F053402400910000F6D9FF50F001F000F6C8
:20C6F8006CF33BE004007FF00400DA4E3C01910000F6D9FF24A054F053402400910000F627
:20C71800D9FF50F001F000F66CF3910000F6D9FF24A054FF534F24F0910000F6D9FF50F0D8
:20C7380010FF0810DA575F0F1281910000F6D9FF24A054F0DA0A7F0F0A01910000F6D9FF45
:20C7580024A054F0DA327FF00201910000F6D9FF40F109F04618DA095F0FF9003B6004006B
:20C7780058035F0F8F80DA547803910000F6D9FF24A054FEC22E910000F6D9FF24A054F054
:20C79800C2103C0F534024F0910000F6D9FF50F010FF0812DA547E24C21137016810C210D0
:20C7B800910000F6D9FF24A054FF8BFF00F03FF0EB7FBF916780910000F6D9FF24A054FF2B
:20C7D800C23FCEF382003C13910000F6D9FF24A054F0C230DA3B7F0F05003BB003003C077C
:20C7F800910000F6D9FF24A054F0C230910000F6D9FF24A054FF421FCEF3DA003C12910077
:20C8180000F6D9FF24A054F24212DA3B7F2F0400DA3B3C07910000F6D9FF24A054FF421FDE
:20C8380053402400910000F6D9FF50F001F000F64820534F24F0910000F6D9FF50F010FFD7
:20C85800482FA2F04B0041F1C2D14B0141014B0F51B0DA004BFB01F0370F61F16E043B4028
:20C8780005803C0F3B600480DA004BFB01F0370F61F06E07910000F6D9FF3880DA4634FF2A
:20C89800DA545F8F2580910000F6D9FF24A054FF534F24F0910000F6D9FF50F010F2910061
:20C8B80000F6D9FF24A054FF5AFE4B0F4101534E24F0910000F6D9FF50F010FF482F4B0F53
:20C8D80041F16B0B61FF4B0F31F16C22910000F6D9FF24A054FF534F24F0910000F6D9FFA3
:20C8F80050F010FF482F4EF3DA013C0E910000F6D9FF24A054FF534F24F0910000F6D9FF69
:20C9180050F010FF482F910000F6D9FF24A054F053402400910000F6D9FF50F001F000F695
:20C938006CF23BE004007FF00400DA4E3C01910000F6D9FF24A054F053402400910000F6E5
:20C95800D9FF50F001F000F66CF2910000F6D9FF24A054FF534F24F0910000F6D9FF50F097
:20C9780010FF0810DA57FE0D910000F6D9FF24A054FF534F24F0910000F6D9FF50F010FF62
:20C9980014F0DA577E0E910000F6D9FF40F191000026D92240F1092F7108C21F89FF3108F8
:20C9B800910000F6D9FF24A054FF534F24F0910000F6D9FF50F010FF0810DA57FE0D9100A0
:20C9D80000F6D9FF24A054F0DA377FF01600910000F6D9FF24A054FFBF6F0F00910000F699
:20C9F800D9FF40F191000026D92240F1092F6E08C21F89FF2E08910000F6D9FF24A054FF70
:20CA1800534F24F0910000F6D9FF50F010FF14F0DA57FE0D910000F6D9FF24A054F0DA37E2
:20CA38007FF01600910000F6D9FF24A054FFBF6F0F00910000F6D9FF40F191000026D92264
:20CA580040F1092F6F08C21F89FF2F08910000F6D9FF24A054FF534F24F0910000F6D9FFB3
:20CA780050F010FF482F4EF3DA013C0E910000F6D9FF24A054FF534F24F0910000F6D9FFE7
:20CA980050F010FF482F910000F6D9FF24A054F053402400910000F6D9FF50F001F000F614
:20CAB8006CF23BE004007FF00400DA4E3C01910000F6D9FF24A054F053402400910000F664
:20CAD800D9FF50F001F000F66CF2910000F6D9FF24A054FF534F24F0910000F6D9FF50F016
:20CAF80010FF483F4EF3DA013C0E910000F6D9FF24A054FF534F24F0910000F6D9FF50F057
:20CB180010FF483F910000F6D9FF24A054F053402400910000F6D9FF50F001F000F66CF364
:20CB38003BE004007FF00400DA4E3C01910000F6D9FF24A054F053402400910000F6D9FF69
:20CB580050F001F000F66CF3910000F6D9FF24A054F053402400910000F6D9FF50F001F089
:20CB78000026910000F6D9FF24A054F053402400910000F6D9FF50F001F000F64820A20FBA
:20CB98006C21910000F6D9FF24A054FF534F24F0910000F6D9FF50F010F2910000F6D9FFC4
:20CBB80024A054FF534F24F0910000F6D9FF50F010FF4830910000F6D9FF24A054FF534F52
:20CBD80024F0910000F6D9FF50F010FF482F42F0DA024BF0010289202009910000F6D9FF87
:20CBF80024A054FF534F24F0910000F6D9FF50F010FF481F82703FF00F00910000F6D9FFAC
:20CC180040F191000026D92224A0542FC21F89FF30083C46910000F6D9FF24A054FF534F97
:20CC380024F0910000F6D9FF50F010FF4830DA0A7F0F1200910000F6D9FF24A054FF534F06
:20CC580024F0910000F6D9FF50F010FF4820DA463FF00F00910000F6D9FF40F191000026ED
:20CC7800D92224A0542FC21F89FF30083C19910000F6D9FF24A091000026D92224A0542F48
:20CC9800C2FF74FF910000F6D9FF24A054FF910000F6D9FF40F109F070083FF0AF783C013E
:20CCB800009082018202910000F6D9FF40F191000026D9223490142F34FF910000F6D9FFEA
:20CCD80040F109FF46181E48910000F6D9FF40F109FF46185E543B2001303C06910000F642
:20CCF800D9FF349014F3910000F6D9FF40F109F070087F030900910000F6D9FF40F109FF55
:20CD180070089233910000F6D9FF40F109F070089AB37F0F0A00910000F6D9FF40F109FF40
:20CD380070088BAF0030DA313FF304003B1003309AB3910000F6D9FF40F109F070083F0F9E
:20CD5800DC008BB31F503C400B538000C2F0CE03DA003C0C0B538000C2F0DA097F0F04002E
:20CD7800DA093C040B5380009AF0534F20F0910000F6D9FF389010FF54F0534524F09100A7
:20CD980000F6D9FF50F010FF488F4B0F41416B4061115A53C2FFCEF3DA003C0B0B53800060
:20CDB800C2F0DA097F0F0400DA093C035A53C2FF534F20F0910000F6D9FF389010FF54FF69
:20CDD8006B0F2122C2153F35C17F910000F6D9FF24A09A5374FF3C75023F325F910000F666
:20CDF800D9FF24A054F0420FC2FFCEF3DA003C18023F325F910000F6D9FF24A054F0420FB0
:20CE180092F0DA097F0F0400DA093C0A023F325F910000F6D9FF24A054F0420FC2FF534FED
:20CE380020F0910000F6D9FF389010FF54F0910000F6D9FF24A054FF534F24F0910000F69D
:20CE5800D9FF50F010FF488F4B0F41F16BF06111023F325F910000F6D9FF24A054F0420FD9
:20CE7800C2FFCEF3DA003C18023F325F910000F6D9FF24A054F0420F92F0DA097F0F040069
:20CE9800DA093C0A023F325F910000F6D9FF24A054F0420FC2FF534F20F0910000F6D9FFF5
:20CEB800389010FF54FF6B0F2122910000F6D9FF24A091000026D92224A0542FC2FF74FF23
:20CED800910000F6D9FF24A054FF3FF3877F534324F0910000F6D9FF50F010FF488F4B0F03
:20CEF80041F16B0121FF7B00F8036B0021024B0F51F01D00E101910000F6D9FF40F109FF26
:20CF180070087F3F2101910000F6D9FF24A091000026D92240F1092F700874FF3C6B910040
:20CF380000F6D9FF24A054FF5AF3C2FFCEF3DA003C15910000F6D9FF24A054FF0BF3800006
:20CF5800C2F0DA097F0F0400DA093C08910000F6D9FF24A054FF5AF3C2FF534F20F09100A4
:20CF780000F6D9FF389010FF54F0910000F6D9FF24A054FF534F24F0910000F6D9FF50F0E5
:20CF980010FF488F4B0F41F16BF06111910000F6D9FF24A054FF5AF3C2FFCEF3DA003C15CA
:20CFB800910000F6D9FF24A054FF0BF38000C2F0DA097F0F0400DA093C08910000F6D9FFB8
:20CFD80024A054FF5AF3C2FF534F20F0910000F6D9FF389010FF54FF6B0F2122910000F695
:20CFF800D9FF24A091000026D92224A0542FC21F74FF910000F6D9FF24A054FF3F3F917F2C
:20D01800910000F6D9FF24A01A3391000026D92240F109207008A20F74FF3C75023F325F5D
:20D03800910000F6D9FF24A054F0420FC2FFCEF3DA003C18023F325F910000F6D9FF24A07B
:20D0580054F0420F92F0DA097F0F0400DA093C0A023F325F910000F6D9FF24A054F0420F79
:20D07800C2FF534F20F0910000F6D9FF389010FF54F0910000F6D9FF24A054FF534F24F07F
:20D09800910000F6D9FF50F010FF488F4B0F41F16BF06111023F325F910000F6D9FF24A0A5
:20D0B80054F0420FC2FFCEF3DA003C18023F325F910000F6D9FF24A054F0420F92F0DA0924
:20D0D8007F0F0400DA093C0A023F325F910000F6D9FF24A054F0420FC2FF534F20F09100EF
:20D0F80000F6D9FF389010FF54FF6B0F2122910000F6D9FF24A091000026D92224A0542F47
:20D11800C2FF74FF910000F6D9FF24A054FF3FF3877F910000F6D9FF24A054FF534F24F0E9
:20D13800910000F6D9FF50F010FF488F4B0F41F16B0121FF7B00F8036B0021024B0F51F09B
:20D158001D00BA00910000F6D9FF40F109F07008DA317FF0A980910000F6D9FF24A0910088
:20D178000026D92240F1092F7008C23F74FF3C75023F325F910000F6D9FF24A054F0420FE6
:20D19800C2FFCEF3DA003C18023F325F910000F6D9FF24A054F0420F92F0DA097F0F040046
:20D1B800DA093C0A023F325F910000F6D9FF24A054F0420FC2FF534F20F0910000F6D9FFD2
:20D1D800389010FF54F0910000F6D9FF24A054FF534F24F0910000F6D9FF50F010FF488F6B
:20D1F8004B0F41F16BF06111023F325F910000F6D9FF24A054F0420FC2FFCEF3DA003C1884
:20D21800023F325F910000F6D9FF24A054F0420F92F0DA097F0F0400DA093C0A023F325F7A
:20D23800910000F6D9FF24A054F0420FC2FF534F20F0910000F6D9FF389010FF54FF6B0FA8
:20D258002122910000F6D9FF24A091000026D92224A0542FC2FF74FF910000F6D9FF24A000
:20D2780054FF910000F6D9FF40F109F070083FF0817F910000F6D9FF40F109FF7008534F61
:20D2980024F0910000F6D9FF50F010FF488F4B0F41F16B0121FF7B00F8036B0021024B0F67
:20D2B80051F03C09910000F6D9FF40F109FF16094B0F41F1910000F6D9FF40F14B0F31F181
:20D2D80089FF1609910000F6D9FF40F189F306090090DA4C5F4F2D8002603C27014000F667
:20D2F80014F1DAFF7E1B014000F609F17FF8DAFF3E157450DA542C543C1A9A15FE051A65D2
:20D3180082204B0F0102014000F614FF6E094265DA024BF501027450DA572C543C087456EC
:20D33800DA482C543C04C2F07F50DA7F3C2DDA525F4F2B8002503C26014000F614F1DAFF62
:20D358007E1A014000F60811DAFF3E157450DA542C543C1A9AF6FE051A6582204B0F0102C8
:20D37800014000F614FF6E094265DA024BF501027450DA572C543C087455DA482C543C04AA
:20D39800C2107F06DB7F0090910000F6D9FF24A0DA3A74FF1D005001910000F6D9FF24A0F9
:20D3B80054FF534F24F0910000F6D9FF50F010FF081F3B7005005F0F0581910000F6D9FF74
:20D3D80024A054FF534F24F0910000F6D9FF50F010FF14F0DA575F0FF580910000F6D9FF43
:20D3F80024A054F0DA2D3F0FED00910000F6D9FF24A054FFC2FF534F24F0910000F6D9FF7F
:20D4180050F010FF081F3B7005005F0FDB80910000F6D9FF24A054FFC2FF534F24F0910087
:20D4380000F6D9FF50F010FF14F0DA575F0FCA80910000F6D9FF28A091000026D92224A02D
:20D45800542F74FF1D00B100910000F6D9FF28A091000026D92228A0542FC2FF74FF910007
:20D4780000F6D9FF28A054FF534F24F0910000F6D9FF50F010FF081F3B4005005F0F95801D
:20D49800910000F6D9FF28A054FF534F24F0910000F6D9FF50F010FF14F0DA545F0F8580F1
:20D4B80091000026D9223480910000F6D9FF28A054FFC2FF534F24F0910000F6D9FF50F05E
:20D4D80010FF488F910000F6D9FF24A054F0C22053402400910000F6D9FF50F001F000F6C8
:20D4F8004880A20F4B0F4101910000F6D9FF28A054FFC2FF910000F6D9FF24A054F1A21F9B
:20D51800C2EF4B0F41F14BF051F0742F910000F6D9FF24A054FFC22F534F24F0910000F6F3
:20D53800D9FF50F010FF4880910000F6D9FF24A054F1C2213C2C910000F6D9FF24A054FFBB
:20D55800534F24F0910000F6D9FF50F010FF91000026D9223480542291000026D92224A0FD
:20D57800542FA21F4B0F41F14B0041316BF261F34B0F31F16CF8910000F6D9FF24A09100C1
:20D598000026D92224A0542FC2FF74FF910000F6D9FF24A054FF910000F6D9FF28A054F2F4
:20D5B8007F2FCB7F3C0E910000F6D9FF28A054FF910000F6D9FF40F109F070087F0F467F43
:20D5D800910000F6D9FF24A054FF534F24F0910000F6D9FF50F010F2910000F6D9FF24A043
:20D5F80054FF534F24F0910000F6D9FF50F010FF48808221910000F6D9FF24A054FFC2FFBA
:20D61800534F24F0910000F6D9FF50F010FF488F03100AFF82304B0F010289202009910029
:20D6380000F6D9FF24A091000026D92224A0542FC2FF74FF910000F6D9FF24A054F091001B
:20D6580000F6D9FF40F109FF7008C25F7FF0A67E0090404C0B451088026A910000F6D9FFB0
:20D6780040F1820089F08C18910000F6D9FF40F1820089F08E1882003C0E01C000F682018B
:20D6980034F19A1A530F25F010CF01F000F6DA0034FFC210DA503FF0F27F82003C1F534043
:20D6B80024F0910000F6D9FF50F010FFDA006CFD534024F0910000F6D9FF50F010FFDA4FCF
:20D6D8006CFE530025F010CFDA0034FF530025F010CFDA0089FF0F18C210DA3C3FF0E17F2D
:20D6F80040C40B89104802A66D00440040C40B89104802A66D0085003C32534A24F091008F
:20D7180000F6D9FF50F010FF48FFFF3F0F00910000F6D9FF40F191000026D92240F1092F95
:20D738008C18C21F89FF8C18534A24F0910000F6D9FF50F010FF09F00019DA4D3FF00F004A
:20D75800910000F6D9FF40F191000026D92240F1092F8E18C21F89FF8E18C2FA910000F60E
:20D77800D9FF40F109FF9018C21F3FAFC87F0090DA024BF501029AE03C1E53062500014080
:20D7980000F610FF14F03BF00F105F10148053062500014000F610FF09F07FF8F60B53464D
:20D7B8002400910000F6D9FF50F001F000F66CFF3C04C2FFFF2FE37FDA024BF50102C220AA
:20D7D8003C1B530625F0104F01F000F614F1DAFFFE12530625F0104F01F000F6081FEE0B64
:20D7F800534624F0910000F6D9FF50F010FF89F000193C05C210DA4F3FF0E57F0090205055
:20D81800912000F8D9FF97BB49FF000A49A2000AA0F504F02420FC5E912000F8D9FFA42B5F
:20D8380049FF000A49A2100AA0F544F06420FC5E8208534624F0910000F6D9FF50F010FFED
:20D8580048FF370F6840820502678209026A534624F0910000F6D9FF50F010FF09F0001927
:20D87800370068208203026B820C0261910000F6D9FF40F1825089F090181D006801C2180B
:20D898003BC012007F800A00910000F6D9FF40F189F190181D005D013F7117803FB1158061
:20D8B800910000F6D9FF40F109F090187F010A00910000F6D9FF40F189F190181D0049017C
:20D8D800C2F1370168103F710A80910000F6D9FF40F109F090185F018780532520F010AFB4
:20D8F800081F426F370F6870532520F010AF14FF424F370F6890530725F0104F01F900F633
:20D9180014FFEE09DF35048082053C04C215370568503C69532520F010AF089F426F370F31
:20D938006870532520F010AF088F424F370F6890530725F0104F01F900F614FFEE295325EA
:20D9580020F010AF081F42F637066860532520F010AF14FF42F437046840534624F09100CB
:20D9780000F6D9FF50F010FF48DFEE11534624F0910000F6D9FF50F010FF68D4534624F008
:20D99800910000F6D9FF50F010FF68F43C2C532520F010AF089F42F637066860532520F04A
:20D9B80010AF088F42F437046840534624F0910000F6D9FF50F010FF48DFEE09534624F0BA
:20D9D800910000F6D9FF50F010FF68D4534624F0910000F6D9FF50F010FF68F4F65382358E
:20D9F8003C02C2F53FB10A80910000F6D9FF40F109FF90185F1F9F80532320F0C21F534FBA
:20DA180020F010AF484F42AF370F68B0532320F0534F20F010AF484F422F370F68C0530B6E
:20DA380025F0104F01FC00F614FFEE06F63382333C02C2F33C7F532320F0C21F534F20F0BB
:20DA580010AF48CF42AF370F68B0532320F0534F20F010AF48CF422F370F68C0530B25F029
:20DA7800104F01FC00F614FFEE30532320F0C21F534F20F010AF484F42FA370A68A05323A1
:20DA980020F0534F20F010AF484F42F237026820534A24F0910000F6D9FF50F010FF48E0DA
:20DAB800DA4F7E09534A24F0910000F6D9FF50F010FF68E2534A24F0910000F6D9FF50F0A5
:20DAD80010FF89F200193C36532320F0C21F534F20F010AF48CF42FA370A68A0532320F01F
:20DAF800534F20F010AF48CF42F237026820534A24F0910000F6D9FF50F010FF48E0DA4FE1
:20DB18007E09534A24F0910000F6D9FF50F010FF68E2534A24F0910000F6D9FF50F010FF5E
:20DB380089F20019DF33048082033C04C213370368305A9C0BF0C0F1FF3F0900910000F6C7
:20DB5800D9FF40F189F190183C031DFF9AFE0090910000F6D9FFAC1191000026D9228CD2D3
:20DB7800D9223091F4F2910000F6D9FF8CD239FF18A1DF0F1181910000F6D9FF20A0DA00C4
:20DB980074FF3C29910000F6D9FF8CD291000026D92220A0542F325F10FF39FF18A16E02E2
:20DBB8003C22910000F6D9FF8CD291000026D92220A0542F10FF39FF18A16E023C149100EC
:20DBD80000F6D9FF20A091000026D92220A0542FC21F74FF910000F6D9FF20A054F0DA28F1
:20DBF8003FF0D27F910000F6D9FF8CD291000026D92220A0542F325F10FF39FF18A16E5E7E
:20DC1800910000F6D9FF288091000026D92220A0542F8B8F02F1C21F74FF910000F6D9FF30
:20DC380020A091000026D9222880542F74FF3C3E910000F6D9FF8CD291000026D92220A013
:20DC5800542F10FF39FF3091EE19910000F6D9FF8CD291000026D92220A0542F10FF39FF21
:20DC78002F91EE0C910000F6D9FF248091000026D92220A0542F74FF3C20910000F6D9FFAC
:20DC980020A054FF5E18910000F6D9FF2480DA0074FF3C13910000F6D9FF20A0910000266E
:20DCB800D92220A0542FC2FF74FF910000F6D9FF20A054FFFF1FBE7F3C6C910000F6D9FF06
:20DCD8008CD291000026D92220A0542F10FF39FF18A16E5F910000F6D9FF24809100002652
:20DCF800D92220A0542F8B8F02F0C2FF74FF910000F6D9FF20A091000026D9222480542F96
:20DD180074FF3C3F910000F6D9FF8CD291000026D92220A0542F10FF39FF3091EE199100AB
:20DD380000F6D9FF8CD291000026D92220A0542F10FF39FF3191EE0C910000F6D9FF2880A0
:20DD580091000026D92220A0542F74FF3C22910000F6D9FF20A054F0DA4E7E08910000F64D
:20DD7800D9FF2880DA4F74FF3C14910000F6D9FF20A091000026D92220A0542FC21F74FFB7
:20DD9800910000F6D9FF20A054F0DA4F3FF0BC7F1D00BC00910000F6D9FF20A091000026C6
:20DDB800D9220C90142F74FF3C49910000F6D9FF8CD291000026D92220A0542F10FF39F08F
:20DDD8003091DAFF5F0F2880910000F6D9FF8CD291000026D92220A0542F10FF39F02F91D1
:20DDF800DAFFFE09910000F6D9FF8CD291000026D92220A0542F10FF39FF3191EE0C9100E5
:20DE180000F6D9FF288091000026D92220A0542F74FF3C1C3C08910000F6D9FF2880DA4F40
:20DE380074FF3C14910000F6D9FF20A091000026D92220A0542FC21F74FF910000F6D9FF40
:20DE580020A054F0DA4E3FF0B27F910000F6D9FF20A091000026D9220C90142F74FF3C4E71
:20DE7800910000F6D9FF8CD291000026D92220A0542F10FF39F03091DAFF5F0F288091005F
:20DE980000F6D9FF8CD291000026D92220A0542F10FF39F03191DAFFFE09910000F6D9FF10
:20DEB8008CD291000026D92220A0542F10FF39FF2F91EE0C910000F6D9FF2480910000263C
:20DED800D92220A0542F74FF3C20910000F6D9FF20A054FF5E18910000F6D9FF2480DA0058
:20DEF80074FF3C13910000F6D9FF20A091000026D92220A0542FC2FF74FF910000F6D9FFA1
:20DF180020A054FFFF2FAE7F910000F6D9FF2C8091000026D9222480542F91000026D922E5
:20DF380028805420420F82204B0F010274F0910000F6D9FF50F091000026D9222480542F81
:20DF580059FFF4E0910000F6D9FF50F091000026D9222880542F59FFF8E0910000F6D9FF72
:20DF780050F091000026D9222C80542F59FFCCF0910000F6D9FF50F091000026D92228805B
:20DF9800542F91000026D92224805420A20F59FFF0E0910000F6D9FF50F0DA54E9FFEDE0C1
:20DFB800910000F6D9FF50F0DA54E9FFECE0910000F6D9FF0C9091000026D9222C80542FEC
:20DFD80034FF910000F6D9FF24A0DA3A74FF1D008601910000F6D9FFAC1191000026D922DA
:20DFF80024A0542F530F25F091000026D9228CD21022F4F291000026D92220A0910000F62A
:20E01800D9FF24A054FFC21F534F24F0910000F6D9FF50F010FF488F742F3C61910000F616
:20E03800D9FFAC11D4FF91000026D92220A0542F10FF14F0DAFF5F0F3280910000F6D9FF00
:20E05800AC11D4FF91000026D92220A0542F10FF09F07FF8DAFF5F0F2280910000F6D9FF5C
:20E07800AC11D4FF91000026D92220A0542F10FF081FEE14910000F6D9FF24A054FF534FB3
:20E0980024F0910000F6D9FF50F010FF91000026D92220A0542F6CF33C2A910000F6D9FF8D
:20E0B80020A054F0DA4EFE00910000F6D9FF24A054FF534F24F0910000F6D9FF50F010FF44
:20E0D800DA4F6CF33C14910000F6D9FF20A091000026D92220A0542FC21F74FF910000F661
:20E0F800D9FF20A054F0DA4F3FF09A7F91000026D92220A0910000F6D9FF24A054FFC21FF2
:20E11800534F24F0910000F6D9FF50F010FF488F742F3C61910000F6D9FFAC11D4FF9100EC
:20E138000026D92220A0542F10FF14F0DAFF5F0F3380910000F6D9FFAC11D4FF91000026B0
:20E15800D92220A0542F10FF081F3BF00F005F0F2380910000F6D9FFAC11D4FF9100002642
:20E17800D92220A0542F10FF09FF7FF8EE14910000F6D9FF24A054FF534F24F0910000F606
:20E19800D9FF50F010FF91000026D92220A0542F6CF23C28910000F6D9FF20A054FFDE1029
:20E1B800910000F6D9FF24A054FF534F24F0910000F6D9FF50F010FFDA006CF23C13910055
:20E1D80000F6D9FF20A091000026D92220A0542FC2FF74FF910000F6D9FF20A054FFFF1FE0
:20E1F8009B7F910000F6D9FF24A054FF534F24F0910000F6D9FF50F010FFDA542CF1910037
:20E2180000F6D9FF24A054FF534F24F0910000F6D9FF50F010FFDA5434FF910000F6D9FFDD
:20E2380024A054FF534F24F0910000F6D9FF50F010F2910000F6D9FF24A054FF534F24F02C
:20E25800910000F6D9FF50F010FF4830910000F6D9FF24A054FF534F24F0910000F6D9FFF5
:20E2780050F010FF482F42F0DA024BF0010289202009910000F6D9FF24A054FF534F24F076
:20E29800910000F6D9FF50F010F2910000F6D9FF24A054FF534F24F0910000F6D9FF50F0FA
:20E2B80010FF483F910000F6D9FF24A054F053402400910000F6D9FF50F001F000F64820A4
:20E2D800A20F6C21910000F6D9FF24A091000026D92224A0542FC2FF74FF910000F6D9FF39
:20E2F80024A054F0DA363F0F767E3B4005203C010090910000F6D9FF40F1DA0289FF300813
:20E31800910000F6D9FF40F1DA0089FF3108910000F6D9FF24A0DA3B74FF1D0089009100D8
:20E3380000F6D9FF24A054FF534F24F0910000F6D9FF50F010FFDA462CF1910000F6D9FFE0
:20E3580024A054FF534F24F0910000F6D9FF50F010FFDA4634FF910000F6D9FF24A054FF61
:20E37800534F24F0910000F6D9FF50F010FFDA006CF2910000F6D9FF24A054FF534F24F0BD
:20E39800910000F6D9FF50F010FFDA4F6CF3910000F6D9FF24A054FF534F24F0910000F67C
:20E3B800D9FF50F010FFDA006CFA910000F6D9FF24A054FF534F24F0910000F6D9FF50F013
:20E3D80010FFDA4F6CF9910000F6D9FF24A054FF534F24F0910000F6D9FF50F010FFDA00D4
:20E3F8006CF4910000F6D9FF24A054FF534F24F0910000F6D9FF50F010FFDA4F6CF59100B0
:20E4180000F6D9FF1890DA0034FF910000F6D9FF1C90DA0034FF910000F6D9FF24A0910095
:20E438000026D92224A0542FC2FF74FF910000F6D9FF24A054FF910000F6D9FF40F109F029
:20E4580070087F0F6E7F910000F6D9FF2CA014FFEE0F910000F6D9FF344009FFC008BF6FA5
:20E478000880910000F6D9FF30A014FF5E146DFFCBE83C036DFF6EFB6DFF8CEC910000465A
:20E49800D9448CD23BC003403B0005503BA003606DFFE1F8910000F6D9FF24A0DA3274FFF6
:20E4B8003C42910000F6D9FF24A054FF534F24F0910000F6D9FF50F010FF48FFFF6F0D002A
:20E4D800910000F6D9FF189091000026D9221890142FC21F34FF910000F6D9FF24A054FFF6
:20E4F800534F24F0910000F6D9FF50F010FF09F00019DA4A3FF00D00910000F6D9FF1C9023
:20E5180091000026D9221C90142FC21F34FF910000F6D9FF24A091000026D92224A0542F12
:20E53800C2FF74FF910000F6D9FF24A054FF910000F6D9FF40F109F070087F0FB47F6DFFEB
:20E5580000A66DFFC08E910000F6D9FF306014FFEE21910000F6D9FF307014FFEE1B910086
:20E5780000F6D9FF2CA014FFEE15910000F6D9FF38A014FFEE0F910000F6D9FF685094FFE2
:20E59800EE09910000F6D9FF184054FF5E136DFFC3DF6DFF53E46DFFF9F66DFF5AA59100E9
:20E5B80000F6D9FF307014FF6E036DFF7DE06DFF7AF300908202910000F6D9FF2CA0DA0096
:20E5D80034FF82531D0089003B2003403C5153C32BF0910000F6D9FF1C1410FF01F400F690
:20E5F80014F0910000F6D9FF18E014F18BA100107F013E0053C32BF0910000F6D9FF1C14E9
:20E6180010FF01F400F6081F910000F6D9FF18E014F08BA000007FF02B0053C32BF09100DF
:20E6380000F6D9FF1C1410FF01F400F6082F910000F6D9FF18E014F08B601F007F0F180088
:20E6580053C32BF0910000F6D9FF1C1410FF01F400F6083F910000F6D9FF18E014F08B605B
:20E678001F007F0F0500C21237026820C214DA8C3FF4AF7FBF522980910000F6D9FF2CA0B9
:20E69800DA0134FF910000F6D9FF30A0DA0134FF910000F6D9FF1430DA06B4FF910000F65A
:20E6B800D9FF384014FF5E1F910000F6D9FF38A0DA0134FF910000F6D9FF50007B0012F4ED
:20E6D80074FF3C0D3C088202910000F6D9FF2CA0DA0034FFC213DA467F3F787F00908F8419
:20E6F8001EF08F0F0801B70408FC3704E81BB71F812BDA7F7FF1048082020090DA967F1F5F
:20E71800048082023C068B6109F1325F0FF2002037024820760432523702482000908F841C
:20E738001EF08F0F0801B70408FC3704E81BB71F812BDA7F7FF1048082020090DA967F1F1E
:20E75800048082023C068B6109F1325F0FF200203702502076043252370250200090B70424
:20E7780008FC3704E80BB71F811BDA7F3FF00580DA967F0F0480820200908B6009F1325FC4
:20E798000FF10010370168200090B70408FC3704E80BB71F814BDA7F7FF00480D2020090C2
:20E7B800DA967FF0078082058B6009611DFF648C82058BA016601DFF608CB70408FC3704C9
:20E7D800E80BB71F811BDA7F3FF00580DA967F0F0480820200908B6009F1325F0FF1001093
:20E7F8003701702000908B0420F28B0500F5EE0A7B0008008203B700892B8F7301F0A6F28D
:20E81800009082029B02F02FBBF0FF3F9BF3FF3F0F2480000F358010BA008B0100F4EE4C60
:20E838003B7001800B451068BB00FF1F9BF1FF1F8F0400012651BA008B0100F4EE21820172
:20E858009BF1FF1F8F0400012651BA008B0100F4EE098F751E107745804302153B00038034
:20E878003C0F8F351F107745804902153B4002803C078FF51F107745804F0215C2180F2404
:20E8980080000F3580108B0020F28B0100F5EEF202490B6710A8D2148B881E606DFFED8B3E
:20E8B8000F2A80000F3B8010BA008B0100F4EE2B3B0008703C293B600930BB00000F9BF019
:20E8D8000F0026408F0500118B0020F28B0100F5EE073BA00830774500568FC400408200B9
:20E8F8009B00080082013C05C2F37745805006140B0430F10B1500F20B15A0F2EEF6024024
:20E918001DFF7BFF82078BF29F008BF3BF1026A026B1BA008B0100F4EE038F0744718BF8C1
:20E938000760820402951D001A243BD03CF19B4FEDF34BF401F02E031D006C247B00F8035A
:20E95800BBA027F89BAF01F44BF401F02E2C3BB0FDF09B9FFCF34B4051406D005B246B02E6
:20E97800312F00906B0031F46B0021044B0F51406D0050243BB0FDF09B9FF4F36B0F2122ED
:20E99800009091200048D94490FE1D0002008208404F8209820A820BC81CC82D483C09FFEA
:20E9B8001001DF1F238080CF160180D08F100001FE046E04C2FC04DF24CF76CF8F3C00011E
:20E9D8008FEC1FF06E0902F140D2C2F16014442164C1FC4E90DD020CDF0CE07FC2FC60C279
:20E9F80004DF24CFFC2E3CD9DE2580CF2E03C2FC24C9DF0CD37F8F3C00F106EC76C5C2FCD8
:20EA180060C264CAFC2F6EC9C2FF60F224CBFC2F3CC48F0F1F00DF002E008F3F0001DF1077
:20EA38002B8080CF8F3F00D180DF1603FEDB76DB02D440C440D56D00100701CD00C601DD9E
:20EA580000D6A2DC76CF8F3C00018FEC1FF06E0902F140D2C2F16014442164C1FC4E90DDCB
:20EA7800020CDF0C9B7F02C440C440D56D00F5063C9400901603DF2F91FF80CF16036E0730
:20EA980002F440C46D00D20610CCA2FCDF0C867F8F3C004106EC76C5C2FC60C264C8FC2F45
:20EAB800DF047C7F40C46D00C1061DFF77FF0090205089A4380989A62C0989A73409DA017C
:20EAD800A00F820909AA1019780C89A9081989A9280902A089A90019B70089FBF80678111F
:20EAF8003700E8FB78080258404C029D405D8BFF0FC27B00F8B376C658116E04029C09AD56
:20EB180030095808BA0F7813F68A3B700600580B3E043B7004007E0382183C23580D6F5FBE
:20EB380021803B100600580B3E043B100400FE095811EE0382083C1582788F3F0000820150
:20EB58003C06C2F88FC31F107723000E0B011028FBF0000026202631BA008B0100F4EEF292
:20EB7800DA00780F02A46D0035087625DA2D780F67AABFAFEE0E580D8F8F0101DA087E0340
:20EB9800DA2B3C068B000102580FAB0FA2F0780F09A00019AA1089A00019DF0D1600580B2B
:20EBB800912000F8D9FFA7BB10FF081F2E37912000F8D9FFB43BF8063C1B912000F8D9FF79
:20EBD800B83BF8063C15DF0C1D00580B912000F8D9FFA7BB10FF081F2E36912000F8D9FF72
:20EBF800BC3B3C05912000F8D9FF804BF8065810BB90FF0F9239580D260F780D1D008C0126
:20EC18003B100600580B3E053B1004005F0F27805808AB1F18FF780858109230F683580DB8
:20EC38002E22C210428058083BC0F91FC2207FF106003B4006103F1F0400DA033C0A3B605C
:20EC5800FF1F7FF106003BA000103F1F0400DA02780C580C12091D005F01580849AF0A0AF3
:20EC78006E7549A4140A02A46D00FF1609AC1409022A370CE8FB82006E55BBF028EC49AE47
:20EC9800130A7B0012D49B5ECFE33C3F49A20A0A7D2E0C8049AF120A49AE130AA07209F04F
:20ECB8003FF489E03FF4FC2CBBD0CC0C58059BC0DC0349A4140A4B0F41406D00D61689A2E1
:20ECD8000609DF0914806B0E21F24BDB41B04BDF41406DFF06FD762A4BBC514049A4140A91
:20ECF80082196D00C21689A2060909AF06096B0E21FF4BDF41406DFFF4FC8B0203F089EF83
:20ED18003FF4580AC21F780A5805370FE8FBEEBF3C0304EF24FF49A2130A012E20F4EEFA28
:20ED38003C154B0A01F06F2F12007B0012043C064B0A41A0580AC2FF780A4B0A41F089AF08
:20ED580006094BBF01F06F0FF5FF3B600610580B028082093E143B6004107E13580A128078
:20ED78003B500610580B3E143B5004107E12C210CE03DA003C038B7000F310A2492E0A0A0F
:20ED98003C117B0012F449A4060A4BFA41406D006C16022A09A406096DFFA3FC8B0203F068
:20EDB80024FF01FE20F4EE0649A2130A012F20F4EEE909EF000840EFC25F3C0A49AF0A0A4C
:20EDD80001EF30F4EE0740EF09EF3FF4C21F34EF3C08DA3134EF49EF010A580AC21F780A3A
:20EDF80009E00008DA393F0FEB7F89F93FF049A20A0A012F20F4EE0609F00008DA305F0FDE
:20EE1800F67F3B500600580BBE013B5004003E0E3B6006005F0F3C003B6004005F0F380047
:20EE3800580A3FF80400FFDF330058103B50062049AF0A0A9210580B09A10A083E243B5039
:20EE580004207E2C761349AF0B0A14FFEE04580DAE227682C21042803C17028276158BF88B
:20EE78001F2049AF0B0A14FFEE03580D2E22C21082013C0814FFEE03580D2E23C210B01F81
:20EE9800C2113F21F97F8B4000903C453B600600580B3E043B6004007E0F09A02809FA107D
:20EEB800AB10A09F581042F9F684580D6F2F34001A8992193C300280580A49AF0A0A4EF400
:20EED800581092193C0D09A1280958101219021F14F17612B01FABF01F00C2FFEEFA14FF5D
:20EEF8006E02F604580D6F2F1700580AC219325F3C04C2FFC219C2F07607FF1FFC7F3C04C4
:20EF1800C219B01FC2F0760314FFEEFB580D16042B09009F580F6E0D580D16036E0A61FF7E
:20EF3800878909A43C0940C46D005304DA00780FD806BD0F1A803B100600580B3E043B1009
:20EF58000400FE02580D16036E0F54DFC22F61FF5C896D003E04580B40C48B7F01406D0063
:20EF78003804DA017812580D6F0F1680580EA29F3C0F61FF5D89580D40C416028B0F20F2FA
:20EF9800864F8B0F02406D002404580EC2FF780EFF1FF17F580F6E0861FF4A8909A43C09D6
:20EFB80040C46D001604D806BCFA40F440C56D001F0454DFC23F74DF1D008A013B100600D1
:20EFD800580B3E053B1004005F0F9F808F28200058138B7001018B1F03A1BF102200820196
:20EFF800DA177FF00800821258110F021020262F6E02821182F2C2F00F0200F0C6F2F61412
:20F018005811262F6E045811A62F78115811C21F7811EF7F0600DA0078113B2003A05812CF
:20F03800EE0D54DFC22F61FFF0886D00D203580B40C48B7F01406D00CC0361FFF98802A40A
:20F0580040C46D00C603F683580D2E2561FFEA886D00BF0358113B8001B054D08F1F00A0E5
:20F07800428074D03C183B000340DF0B1100C2CB02B032500F0A00F0160F8B0F0340DA39C6
:20F098007F4F0600580B8B6F1CF042F440C46D00A003C2F8FF18E97F580B40C48BFF004067
:20F0B8006D0097035808CEF63BD00240325F78083C033BB0024040C46D008B03580C54D0BC
:20F0D800C22F42F0580C820110AF34F13BA00010580CC2FF370F68F0780C10AF58084B1F6F
:20F0F80001228B0303F034FF09A220094B12012289A26009DF02EEFF74D040A440C56D00D1
:20F1180077031D00E5003B50060049AF0A0ABE013B5004003E0E3B6006005F0F78003B6002
:20F1380004005F0F7400580A3FF80400FFDF6F0009A00A08580AAB1F20A076093B70061000
:20F15800580B3E143B7004107E12C2F861FF708876063700684049AF0B0A3C033B0003405C
:20F1780040C46D00360314FFEE0B580DAE29768C3B500600580B3E043B5004007E0561FFDB
:20F1980051886D002603820B3C1A09F00008F60A580DAE283B500610580B3E143B500410D4
:20F1B8007E1D61FF4588760537006840B01F3C033B00034040C46D000C03C21B3F8BE77FFC
:20F1D80061FF3688580B40C48FDF0F416D000103C2FA54DFC21F0EA43BB002403C04325AE8
:20F1F8003BD0024074DF40C46D00F30261FF12888B00034040C46D00EC0261FF0B888B014B
:20F21800034040C46D00E5023C6209AA28094EA854DFC21F61FFF9876D00DB023C1954D00C
:20F23800C21074D014F47643B01F3C033B00034040C46D00CE023B600600580B3E063B602F
:20F2580004003E03ABF81F88C2FAFF1AEA7F3B600600580B3E063B6004003E0314FF6E021E
:20F27800F684580D6F2F340061FFE287580A3BE00240325F3C0854D03B000340C21074D0B0
:20F29800C2FFC2F840C46D00A402768BFF1FF57F3C0861FFCD8704F440C46D009A02C2F87A
:20F2B800768314FFEEF73B600600580B3E0E3B6004003E0B580D2E2B3C0854DFC21F61FF97
:20F2D800A4876D008602C2F8DF08F9FF580EA29F3C0A54D03B00024040C4C21074D06D0048
:20F2F8007802C2FFFF1FF77F00902010404C405D89A68C09DA00780209D40008DF0450020C
:20F31800DA257E4409D001047E08B01D49A5080A40C46D0054023CF1820A0BAA108809DF2E
:20F3380001003BD002007E048F1A40A13CF93BB002007E07BBF0FE0F26A08F8040A13CF05A
:20F358003B0002007E066F3AECFF8F0A41A13CE83B0003007E048F2A40A13CE23B300200BC
:20F378007E048F4A40A13CDC3BA00200FE03D803B04FF80309F83CF9CE848F1A40A13258D2
:20F3980009DF01003C0D13A820FF8B0F1D8009DF01008B0F1D0037006800BFA0F6FF3BE064
:20F3B80002005F0F23808F0A42A109DF01003BA00200FE05D803B04FF80309F93CF9CE966D
:20F3D8008F1A40F1BBF0FDAF26FA09DF01003C0D13A920FF8B0F1D9009DF01008B0F1D00D0
:20F3F80037006800BFA0F6FF3BC006007E048F0A48A13C1E3B8006007E048F0A44A13C188E
:20F418003BC004007E048F0A50A13C123BA006007E04B71A81A43C0C3BA007007E04B71AA5
:20F4380001A53C063B400700FE01B71A81A53BC006003E043B8006007E0709D000087E0468
:20F45800B71A01A6B01D09DF01003B3006005F0F2F808F1A00F1EE0E3C093B00024049A592
:20F47800080A40C46D00AB01C2F87F890400FF28F67FD80340C449A5080AB04FF80309F011
:20F498003CF9370048406D009A01DF0F377F3C093B00024049A5080A40C46D009001C2F836
:20F4B8007F892C7FFF28F67F1DFF28FF3B400600BE013B9006003E0E3BF006003E0B3B8010
:20F4D80007003E083B8005003E053B5007005F0F598082023B4006003E043B9006007E0253
:20F4F80082123B0008010F0A80105F0104006F9A05003B8000003C0282403B8000105F100C
:20F518000980D80349FF080AF80309F078F93C15D803B04FF80309F03CF90B0000080B013D
:20F5380010483B0004010F0A80105F010D807628370448000B0000080B0110483C13370463
:20F5580068403C0F3B0004005F010B807626370450000B0000483C06370470403C02F62279
:20F5780082056F5A0600BBD0FF0F260A3C0282190BFA106889A440090B8910481D00CB00B4
:20F598003B300700FE066F5A0680BBF0FF9F9BF9FF97D8030BA8104840C5029649A6080A97
:20F5B800B04FF80309F4BCF96D00CC021DFFA6FE3B600600BE063B600400BE033B50060036
:20F5D800BE003B5004003E0D3B7006003E0A3B7004003E073B1006003E043B1004007E0D21
:20F5F800D8038F0A0211AB698091B04FF80302F609F03CF974A03C2C3B200700FE086F6A6A
:20F618000800D803B04FF80309F03CFA3C06D803B04FF80309F03CF98F0A02F1EA69DA00C8
:20F638004BF051F174AF3B6006603C123B200500FE09D8038F0A02F1EA6949FF080AF8034D
:20F6580009F478F96DFFFA843B60066074A20B89104849A5080A02A740C46DFF2BFA1DFFDD
:20F678004DFE3B0007005F0F5D806F8A45006F0A0E80DA113C093B00024049A5080A40C4A4
:20F698006D009D00C2F83F8FF8FFD803A03E49FF080A09FF3FF449A5080A370F684040C489
:20F6B8006D002101FCE73BA0034049A5080A40C46D008500D803A03E49FF040A09FF3FF462
:20F6D80049A5080A370F684040C46D000C01FCE7DA113C093B00024049A5080A40C46D00A5
:20F6F8006E00C2F83F8FF8FFD80349FF080AF8031DFF04FED8033B8000400245B04FF803A0
:20F718008F2A407109F03CF9820189A040093B80076049A5080A40C46D0000011DFFEEFDA9
:20F738003BE006005F0F37803B0008010F0A80F03E036F9A0E00D803B04FF80309FFBCF9B4
:20F7580009A00809820189F040091DFFD7FD3B000401260ADA407EAAD803B04FF80309FF13
:20F77800BCF95802B4FF1DFFC9FD5F0A0B80D803B04FF80309FFBCF9580234FF1DFFBEFDE3
:20F79800D803B04FF80309FFBCF9580274FF1DFFB5FD910000F6DA1959FFB01109A20809D5
:20F7B8000090910000F6DA1759FFB0113B0004406D000C007B00FC27009037046840545F54
:20F7D800C21F745F1D000500BA0492F20090D44FBCF440F41D003A20CC414C4280F07FF071
:20F7F800068034F4CC41B01FEC410090404F405C3C06370F684040C46DFFEBFF09FF0100EC
:20F81800EEF900903704E82BB704894B8BF20F228B04002400903704E82BB704894B8BF231
:20F838000F228B04202400903BF00F00804F1603063F0FF0100082FFC6F0C2F4604F804F3B
:20F85800B70F02F060F2B014542F260F742F77000004FCF60090804F16033BF00F008F3F7A
:20F8780000100F10100082F1C610C2F4604F8041B7010220095101008F3F0030B0140F318B
:20F8980010106022C21F542216032602A612742277000004FDF0ED7F0090404F0B4510A8CD
:20F8B80049FD160A026840FCDA0034DF820702860BAB10486DFF068423820A0A0B2310A883
:20F8D8008BA060F2CA708B0003F089DF3FF48B0220F28B0300F5EEEB04DF24FFEEFE40C251
:20F8F80000900248404F8FC83F40405CDA090B4F2001DA37AB0F83F042F46DFF60FF8FF8F1
:20F91800000140F4DA0940C50B0F2011DA37AB0F834142041DFF53FF026E2020DA58404FB3
:20F938000B4510A8405C027909AC600982085FEF7300DA643EEDDA693EEBDA6F5FEF6C004F
:20F95800DA75BEE4DA785FEF67001D00ED00D2000B0C50F10B1D00F20BD190F2EE073BD0EB
:20F9780002800BC0C0C00BD1D0D00BCD104840A43BA000606DFF93FFF6B6BA0C8B0D00F4DB
:20F99800DF0FDF8040A46D003D1C370268C0DF081180DA753EE88F890101DA087E043BB0A1
:20F9B80002803C078F8901F18B0F01F2AB08A28F768CABFA1FAA8F3900F16E0740F4028497
:20F9D80040C56DFFFCFE82086F0914808F2900F18B0F20F2864F8B0F02F03C0740F402F4EB
:20F9F80040C56DFFECFEC2FA7FAB04003FACF87F768E40F4028440C56DFFE1FE3C08C2FB39
:20FA180061FFF2836DFFDBFEABFA1FAA3FBCF97F1D008A008BFE268240A48F3820F08B8F26
:20FA380000600BCD10486DFF3AFFDA78FEE314AF40A26E10092000088BF01BF0370F6810AE
:20FA5800DA193F1F05808B0002F0342F092F0104EEF240A46D00D61B370268F078068B0CD3
:20FA780020F28B0D00F5EE0AF6B6DF086A806F296800821BBBB0FFFF26F96F291B006F19FA
:20FA98001300768E61FFB0836DFF99FEABFA1FAA40F402E440C56DFF92FEABFA1FAABBB03F
:20FAB800FFFF26F9DA6F7EE558063FBF0300921B6F29090076875806C22BC22F370F68F0E1
:20FAD80078066F0915808F2900F18B0F20F2864F8B0F02C03C0740F402C440C56DFF6FFEE2
:20FAF800C2FA7FAB050058063FAFF77F6F291900DF08170061FF78836DFF61FEABFA1FAAFE
:20FB180040F402E440C56DFF5AFEABFA1FAA3C08C2FB61FF69836DFF52FEABFA1FAA5806A7
:20FB38003FBFF87FBBF0F74F40A4BBF0FF6F40F5269440C602A59BF6FF671D000300009007
:20FB58000248404F025F405C0269406D6D005A1B022A6F0819803C083B00024040C440D5A7
:20FB78006DFF2DFEC2FF3FFAF97F3FF9F77F3C0BC2F909F40100DF04110040C440D56DFF3D
:20FB98001EFE8AFFDF09F6FF3C083B00024040C4C2FF40D56DFF13FEEEF90090910000F6B5
:20FBB800D9FF3CA0D4F291200056D955408A01240046015420F4EE0891200056D955C08A6B
:20FBD800014530F4EE0482FF60F20090F4F400908F141E20009002483708E8FB8209EE037D
:20FBF800028200904B9801F02E046788BF8F82197B00F8F36B88714F6D00D61A3B3033F3F4
:20FC18009B3FF3F34BF801F0AE264B2851406D0096003C0B3BB0FDF09B9FFCF34B82514057
:20FC38006D008D006B02312F76936722BF2F00900B4510886DFFF1FDF62502946DFFEDFD8C
:20FC580076246B092128009002846DFFDDFDDF021B007B00F8F74BF901F02E163BB0FD40D2
:20FC78009B94F4433C4D7B00F8FF4BF901F01602BB40BE4C9B6401443BB0FD009B90FC0363
:20FC98006A043C3E3709E8FB8200BA0F6E193708E8FBEE098F191EF03BB0FD209B92042443
:20FCB8006A8200904B0801F016043BB0FD209B92FC233BB0FD009B90FC0B6A0200904B0994
:20FCD80001F06F0F2C003708E8FB6E164B0801F02E2E3BB0FDF09B9F04F46788BF0F4B9089
:20FCF80051406DFF24F66B02312F00907B00F8FF4BF901F02E183BB0FD409B940444028565
:20FD18001D002A004B9851406DFF11F63BB0FDF09B9F04FC6B0F212200904B0801F02E25A7
:20FD38004B9851401DFF03F66788BFFF4B9F51406DFFFDF56722BF2F0090DA004BF401F08B
:20FD58002E231DFFF4F56744BF4F6DFFF0F56722BF2F0090B704812F8F151EF08FFF01F088
:20FD7800A6F2009020106D006E1A6D00241B6D00761A1D009607910000F6D9FF782094FF31
:20FD980074AF91200048D944A8FB6D008E136DFF1FD16DFF91C882043B800C50910000F61C
:20FDB800D9FF103054F682376D00F52E3B401040820591200048D944E40B6D004D2F3B40C5
:20FDD80010403BA00050910000F6D9FFCCB3888682576D00E02E3B4010403B400150910028
:20FDF80000F6D9FFCCB3889682576D00D42E3B4010403BE0015091200048D944CF0B6D00A4
:20FE18002B2F3B4010403B800250910000F6D9FF6C0054F682376D00BE2EDA0134AF3B4038
:20FE380010403B200350910000F6D9FF0CF054F682576D00742DDA0134AF3B4010403BC09C
:20FE58000350910000F6D9FF0CF054F682576D00662D3B4010403B00055091200048D94448
:20FE7800C30B6D00F92EDA0134AF3B4010403BA00550910000F6D9FFCC8354F682376D0031
:20FE98004E2D3B4006403BE0065091200048D944DD0B6D00E12E3B4006403B8007509100BF
:20FEB80000F6D9FF685094F682276D00742E3B4006403B200850910000F6D9FF6850882629
:20FED80082276D00682E3B4006403BC00850910000F6D9FF0C3014F682176D00132F3B40E2
:20FEF80006403B60095091200048D944B7FB6D00B32EDA0134AF3B4006403B000A509100F5
:20FF180000F6D9FF40F109FF6E084B0F616182276D00052DDA0134AF3B4006403BA00A5034
:20FF3800910000F6D9FF40F109FF6F084B0F616182276D00F42C3B4006403B400B50910020
:20FF580000F6D9FF40F109F6710882276D00DA2E3B4006403BE00B5091200048D944BDFBEF
:20FF78006D007A2E3B4006403B800C50910000F6D9FF189014F682376D00C42E3B40064092
:20FF98003B200D50910000F6D9FF1C9014F682376D00B82E3B4006403BC00D50912000485E
:20FFB800D944C41B6D00582E3B4006403B600E50910000F6D9FF40F109F6700882276D0063
:20FFD800A12E3BC008403BE0065091200048D944D51B6D00412E3BC008403B8007509100BE
:08FFF80000F6D9FF4C6054FF34
:02000004800179
:200000004B0F716182376D00892E3BC008403B20085091200048D944F40B6D00292E3BC00D
:2000200008403BC00850910000F6D9FF705054F682276D00732E3BC008403B60095091003D
:2000400000F6D9FF446054F682276D00672E3BC008403B000A5091200048D944EC0B6D00E7
:20006000072E3BC008403BA00A50910000F6D9FF002014F682176D00512EDA0134AF3BC00C
:2000800008403B400B50910000F6D9FFC4A3482682376D00502CDA0134AF3BC008403BE050
:2000A0000B50910000F6D9FFCC83482682376D00422C3BC008403B800C5091200048D944C5
:2000C000B1FB6D00D52D3B6009403B200D50910000F6D9FF08E014F682376D001F2E3B600A
:2000E00009403BC00D50910000F6D9FF10E014F682376D00132E3BE00B403BE00650912017
:200100000048D944C90B6D00B32D3BE00B403B800750910000F6D9FF2CA014F682176D00A6
:20012000FD2D3BE00B403B200850910000F6D9FF38A014F682176D00F12D3BE00B403BC0B6
:200140000850910000F6D9FF344009F6C00882376D00E42DDA0134AF3BE00B403B6009505E
:20016000910000F6D9FF500054F682576D00E32B3BF00A403BA00A5091200048D944DE1B79
:200180006D00762D3BE00B403B400B50910000F6D9FF306014F682176D00C02D3BE00B40C1
:2001A0003BE00B50910000F6D9FF346014F682176D00B42D3BE00B403B800C50910000F6E1
:2001C000D9FF386009F6C00882376D00A72D3BE00B403B200D5091200048D944ACFB6D00A6
:2001E000472D3BE00B403BC00D50910000F6D9FF047014F682176D00912D3B600E403BE028
:20020000065091200048D944D60B6D00312D3B600E403B800750910000F6D9FF307014F6C2
:2002200082276D007B2D3B600E403B200850910000F6D9FF247014F682276D006F2D3B601A
:200240000E403BC00850910000F6D9FF287014F682276D00632D3B600E403B6009509120C8
:200260000048D944FC0B6D00032D3BD011403BE00B50910000F6D9FF387014F682376D006C
:200280004D2D3B600E403B000A50910000F6D9FF088014F682276D00412D3BD011403B80DA
:2002A0000C50910000F6D9FF008014F682276D00352D3B600E403BA00A50910000F6D9FF04
:2002C000108014F682276D00292D3BD011403B200D50910000F6D9FF188014F682276D00ED
:2002E0001D2D3B600E403B400B50910000F6D9FF0C8014F682276D00112D3BD011403BC055
:200300000D50910000F6D9FF048014F682276D00052D3B600E403BE00B50910000F6D9FF8D
:20032000148014F682276D00F92C3BD011403B600E50910000F6D9FF1C8014F682276D0074
:20034000ED2C3B600E403B800C50910000F6D9FF005014F682276D00E12C3B600E403B2064
:200360000D5091200048D944E71B6D00812CDA0134AF3B600E403BC00D50910000F6D9FF90
:2003800014F054F682576D00D62A3BE010403BE0065091200048D944CC1B6D00692C3B3083
:2003A00011403B800750910000F6D9FF209009F6C00882376D00B22C3B3011403B20085091
:2003C000910000F6D9FF289009F6C00882376D00A52C3B3011403BC00850910000F6D9FFDA
:2003E000249009F6C00882376D00982C3B3011403B600950910000F6D9FF2C9009F6C00806
:2004000082376D008B2C3B3011403B000A50910000F6D9FF1C4014F682176D007F2C3B30CD
:2004200011403BA00A50910000F6D9FF304014F682176D00732C3B2008403BA00050910059
:2004400000F6D9FF18E014F682376D00672CDA0134AF3B2008403B400150910000F6D9FF87
:2004600028E054F682376D00662A3B2008403BE00150910000F6D9FF24E054FF4B0F716183
:2004800082376D004B2C3B2008403B800250910000F6D9FF20E054FF4B0F716182376D000B
:2004A0003D2C3BA00A403BA00050910000F6D9FF147014F682176D00312CDA0134AF3B80BA
:2004C0000C403B800250910000F6D9FF740054F682376D00302ADA0234AF3B800C408205D9
:2004E000910000F6D9FF400054F682376D00232ADA0234AF3B800C403BA00050910000F628
:20050000D9FF440054F682376D00152ADA0234AF3B800C403B400150910000F6D9FF34F0FB
:2005200054F682376D00072ADA0234AF3B800C403BE00150910000F6D9FF38F054F682375E
:200540006D00F929910000F6D9FF144054FFDF0FFD0282043B000550910000F6D9FF50F064
:20056000481682276D00232B82043BA00550910000F6D9FF50F009F6081982276D00172BEC
:2005800082043B400650910000F6D9FF50F009F60C2982276D000B2B82043BE0065091005D
:2005A00000F6D9FF50F009F6103982276D00FF2A82043B800750910000F6D9FF50F009F670
:2005C000144982276D00F32A82043B200850910000F6D9FF50F009F6185982276D00E72A1C
:2005E00082043BC00850910000F6D9FF50F009F61C6982276D00DB2A82043B6009509100D9
:2006000000F6D9FF50F009F6207982276D00CF2A82043B000A50910000F6D9FF50F019F65C
:20062000248082276D00C32A82043BA00A50910000F6D9FF50F019F6289082276D00B72AFB
:2006400082043B400B50910000F6D9FF50F019F62CA082276D00AB2A82043BE00B5091004C
:2006600000F6D9FF50F019F630B082276D009F2A82043B800C50910000F6D9FF50F019F653
:2006800034C082276D00932A82043B200D50910000F6D9FF50F019F638D082276D00872AD8
:2006A00082043BC00D50910000F6D9FF50F019F63CE082276D007B2A82043B600E509100C7
:2006C00000F6D9FF50F019F6400082276D006F2A3B4001403B000550910000F6D9FF50F023
:2006E00019F6441082276D00622A3B4001403BA00550910000F6D9FF50F019F6482082274A
:200700006D00552A3B4001403B400650910000F6D9FF50F019F64C3082276D00482A3B4033
:2007200001403BE00650910000F6D9FF50F019F6504082276D003B2A3B4001403B80075080
:20074000910000F6D9FF50F019F6545082276D002E2A3B4001403B200850910000F6D9FF0B
:2007600050F019F6586082276D00212A3B4001403BC00850910000F6D9FF50F019F65C7088
:2007800082276D00142A3B4001403B600950910000F6D9FF50F019F6608082276D00072A80
:2007A0003B4001403B000A50910000F6D9FF50F019F6649082276D00FA293B4001403BA076
:2007C0000A50910000F6D9FF50F019F668A082276D00ED293B4001403B400B50910000F6C4
:2007E000D9FF50F019F66CB082276D00E0293B4001403BE00B50910000F6D9FF50F019F6B7
:2008000070C082276D00D3293B4001403B800C50910000F6D9FF50F019F674D082276D00BB
:20082000C6293B4001403B200D50910000F6D9FF50F019F678E082276D00B9293B4001409B
:200840003BC00D50910000F6D9FF50F019F67CF082276D00AC293B4001403B600E509100F5
:2008600000F6D9FF50F019F6801082276D009F293B8002403B000550910000F6D9FF50F0C1
:2008800019F6842082276D0092293B8002403BA00550910000F6D9FF50F019F68830822798
:2008A0006D0085293B8002403B400650910000F6D9FF50F019F68C4082276D0078293B8063
:2008C00002403BE00650910000F6D9FF50F019F6905082276D006B293B8002403B8007501E
:2008E000910000F6D9FF50F019F6946082276D005E293B8002403B200850910000F6D9FFAA
:2009000050F019F6987082276D0051293B8002403BC00850910000F6D9FF50F019F69C80D6
:2009200082276D0044293B8002403B600950910000F6D9FF50F019F6A09082276D003729EF
:200940003B8002403B000A50910000F6D9FF50F019F6A4A082276D002A293B8002403BA0D2
:200960000A50910000F6D9FF50F019F6A8B082276D001D293B8002403B400B50910000F661
:20098000D9FF50F019F6ACC082276D0010293B8002403BE00B50910000F6D9FF50F019F654
:2009A000B0D082276D0003293B8002403B800C50910000F6D9FF50F019F6B4E082276D0009
:2009C000F6283B8002403B200D50910000F6D9FF50F019F6B8F082276D00E9283B800240CA
:2009E0003BC00D50910000F6D9FF50F019F6FC0082276D00DC283B8002403B600E50910054
:200A000000F6D9FF50F019F6C02082276D00CF283BC003403B000550910000F6D9FF50F05F
:200A200019F6C43082276D00C2283BC003403BA00550910000F6D9FF50F019F6C8408227E6
:200A40006D00B5283BC003403B400650910000F6D9FF50F019F6CC5082276D00A8283BC092
:200A600003403BE00650910000F6D9FF50F019F6D06082276D009B283BC003403B800750BB
:200A8000910000F6D9FF50F019F6D47082276D008E283BC003403B200850910000F6D9FF48
:200AA00050F019F6D88082276D0081283BC003403BC00850910000F6D9FF50F019F6DC9025
:200AC00082276D0074283BC003403B600950910000F6D9FF50F019F6E0A082276D0067285F
:200AE0003BC003403B000A50910000F6D9FF50F019F6E4B082276D005A283BC003403BA030
:200B00000A50910000F6D9FF50F019F6E8C082276D004D283BC003403B400B50910000F6FF
:200B2000D9FF50F019F6ECD082276D0040283BC003403BE00B50910000F6D9FF50F019F6F2
:200B4000F0E082276D003328910000F6D9FF104054FFDF0FB20082083C368B48064091000C
:200B600000F6D9FF1C7014FF8B2F0350BBF0816F6D0018228B480640910000F6D9FF1C70B5
:200B800014FF8B2F0350BBF0816F6D000B228B480640910000F6D9FF207014FF8B2F0350D8
:200BA0003B007E606D00FE218B480640910000F6D9FF207014FF8B2F03503B007E606D00E2
:200BC000F121C218DAA03FF8CA7FDA50B4AFDA3CACA2DA002CA83B4006403B200350910090
:200BE0000046D9448C213B0005603BC003706D002427DA50B4AFDA3CACA2DA002CA83B4005
:200C00000B403B20035091000046D9448CD23B0005603BC003706D00102782083C4A53482C
:200C200024F0910000F6D9FF50F010FF482F8B4F0BF0370F70408B2803503BF001606D00B1
:200C4000B121534824F0910000F6D9FF50F010FF483F8B4F0BF0370F70408B2803503B00D2
:200C60007E606D009F21534824F0910000F6D9FF50F010FF488F8B4F06F0370F70408B28BC
:200C80000350BB00806F6D008D21534824F0910000F6D9FF50F010FF488F8B4F0BF0370FED
:200CA00070408B280350BB00806F6D007B21C218DA3C3FF8B6FF1DFF6CF800906D00071358
:200CC00082046D0059196DFFC37A6D00D4123C1B6DFF0196910000F6D9FF703014FF6E13C6
:200CE0006DFF76EC6DFF1A986D00D9006DFF3396910000F6D9FF685094FFEE036D00800104
:200D00006DFF05EB3CE600903704E80BDAFF7E09B70489FBEE048F141EF0AA0402420090D3
:200D20003704E8FBEE047B00F82300907B202BFC4BF401F02E073B8000406DFF53F5820223
:200D400000907B202BF44BF401F02E2D910000F6DA1859FFB0113B0002406DFF43F57B0090
:200D6000F8270090BBB0A3FA9B8FFBF34BF441F002F46D002E004B0231513BD0C6144B059F
:200D80004101BB603A2E6B0031FF7B00F0036B0031FF9BC1D6134BFF41009B620E246B1070
:200DA00061123B304F209B52FB234BF141F0BB80D2189B611A146B0121006B0F21106B0F6D
:200DC00031F04B2141104BF151401D00F404DA0020084BF401F074A46F0F15006744BF4FBD
:200DE00040A46D004E063702E8FB6E0754AF7B00F8036B0021FF74AF54AF67FFBFFF74AF4C
:200E00003C0440A46D003D0654A20090BD043100B0C4404C54CF910000D6B70F0180D9DDFF
:200E20008821D4DF74C801C800E654EF6E04AE0342F83CF954F001F000267DC2058042082D
:200E400074F840FCEE1082046DFFB6F6B04E7DE20A80325802846DFFAFF6802F1EF3DA00AC
:200E600074CFD4DF80CF80F00B0F90F174DF009002453705E80BF605820474441DFF78F705
:200E80008B2018F0744FDAFF7E0302520090B705882B7B00F0F3A6F20090910000F6D9FF4A
:200EA0001CE091000046D9441C143BC00B403B80075082066D006A0134F2910000F6D9FFD5
:200EC00018E091000026D92228E0542F91000046D9441C143BC00B403B80075082066D006C
:200EE0000C024B0261016B00214F6DFF46EC34F2910000F6D9FF18E014FF4B0F61F19100EF
:200F000000F6D9FF24E054F04B0F01F0370F61F06E0D910000F6D9FF18E091000026D92255
:200F200024E054246DFF29EC34F2910000F6D9FF18E014FF4B0F61F1910000F6D9FF20E019
:200F400054F04B0F01F0370F61F16E0D910000F6D9FF18E091000026D92220E054246DFF02
:200F60000CEC34F282033C478204DA283F3F09808B8302F182204B0F010253102040820077
:200F80003C368202BFA00580DA467F0F04803B10FF2F910000F6D9FF18E014F14241421299
:200FA00037026810530325F0910000F6D9FF8C2110FF01F000F614F27F210E80530325F074
:200FC000910000F6D9FF8CD210FF01F000F6DAFF34FF3C0C530325F0910000F6D9FF8CD2E2
:200FE00010FF01F000F6820134F1C210DA503FF0CAFFC213DA3C3FF3B9FF0090910000F673
:20100000D9FF14E0DA0034FF910000F6D9FF0CE0DA0034FF910000F6D9FF08E0DA0034FF4B
:20102000910000F6D9FF10E0DA0034FF3BB003101D00A900530125F0910000F6D9FF8CD26A
:2010400010FF0820DAFF3E0B530125F0910000F6D9FF8CD210FF0840DAFF7E0C910000F6D0
:20106000D9FF08E091000026D92208E01420C21034F0530125F0910000F6D9FF8CD210FFB7
:2010800009F04E18DAFF3E0C530125F0910000F6D9FF8CD210FF09F04C18DAFF7E0C910048
:2010A00000F6D9FF10E091000026D92210E01420C21034F0910000F6D9FF08E014FFBFFF8E
:2010C0006180910000F6D9FF10E014FFBFFF5A80DA023C27910000F6D9FF8CD210FF39F001
:2010E000D0803BF00F205F201B80910000F6D9FF8CD210FF8200E9F0B010910000F6D9FFE6
:201100008CD210FF8200E9F08030910000F6D9FF8CD210FF8200E9F090403C023C06C21FFF
:201120003BF000007FF0D8FFDA4F3C27910000F6D9FF8CD210FF39F0D0803BF00F205F2094
:201140001B80910000F6D9FF8CD210FF8200E9F0B010910000F6D9FF8CD210FF8200E9F0E6
:201160008030910000F6D9FF8CD210FF8200E9F090403C023C06C2FF3B0004007F0FD8FFE3
:20118000C2F1FF1159FF0090D9AA70FFA2653705702073240A0082414B100182820059A022
:2011A000880082003C0D534020F010AF820174F1534020F010AF820159F14000C2103B0016
:2011C00010103F10F27F820A02613C1D82033C1803410AF3104F14F0534020F010AF0341C4
:2011E0000AF31042142F534F20F010A2542FC21F74FF03410AF3104F14FF42FAC2233F43CC
:20120000E97FC2211A623FF1E37F82003C11534020F010AF534020F010A2542F4B0F41F1E0
:201220004B0841114B1F51F059FF4000C2103B0010F03FF0EE7FDA0059AF8400820B59AB26
:201240008000820C3C51534C20F010AF19FF400019A080006B0F210059A080004B0C410147
:20126000534C20F010AF19FF40006BF061BB7B00F8F319A080006B0031FF4B8A11024B00C4
:2012800061016B0B311019A080004B0B51D04BF151006B0121EB6B0E31407B0000546D005A
:2012A00062084B2F41F06B0E314D7B0000546D005A0819A080006B20610F19AF84004BF0C9
:2012C00001F0370F61F16E0759A08400370C68F059AF880019AF84004BF001F0370F61F059
:2012E0006E023C06C21C3B0010F03FFCAE7F19A288003C010090D9AA70FFA26537057020E6
:2013000073240A0082414B100182820059A0880082003C0D534020F010AF820174F15340E0
:2013200020F010AF820159F14000C2103B0010103F10F27F820A82113C4302633C3D034124
:201340000AF3104F14FF910000F6D9FF1CE014F07FF0198003410AF3104F14FF534F20F052
:2013600010AF03410AF31042142F534F20F010A2542FC21F74FF03410AF3104F14FF42FAAE
:201380003C1A910000F6D9FF1CE014FF534F20F010AF91000026D9221CE0142F534F20F075
:2013A00010A2542FC21F74FF910000F6D9FF1CE014FF42FAC2231A643FF3C37FC2213F21E0
:2013C000BE7F82003C11534020F010AF534020F010A2542F4B0F41F14B0841114B1F51F0EB
:2013E00059FF4000C2103B0010F03FF0EE7FDA0059AF8400820B59AB8000820C3C51534C7B
:2014000020F010AF19FF400019A080006B0F210059A080004B0C4101534C20F010AF19FF39
:2014200040006BF061BB7B00F8F319A080006B0031FF4B8A11024B0061016B0B311019A0B6
:2014400080004B0B51D04BF151006B0121EB6B0E31407B0000546D0086074B2F41F06B0EB9
:20146000314D7B0000546D007E0719A080006B20610F19AF84004BF001F0370F61F16E0774
:2014800059A08400370C68F059AF880019AF84004BF001F0370F61F06E023C06C21C3B00CA
:2014A00010F03FFCAE7F19A288003C0100900D00000282046D00601582046DFF4D99827073
:2014C000DA010F0F00F0892F28296D00C2040D00400200800D00000282046D004D1582042E
:2014E0006DFF3A99DA0982180FF80080892828290D00400200800D00000282046D003C1585
:2015000082146DFF29998278DA010F8F00F0892F2829910000F6D9FF1CF054FF6E47910097
:2015200000F6D9FF3440910000C6D9CC344009CFC008C21FB4FF910000F6D9FF2C70910039
:2015400000C6D9CC2C7014CFC21F34FF910000F6D9FF344009FFC008BF3F0880910000F6DD
:20156000D9FF3840DA0134FF910000F6D9FF344009FFC0083B80BB807FF80880910000F6EE
:20158000D9FF3440DA00B4FF910000F6D9FF30A014FF5E1C910000F6D9FF34A0910000C62C
:2015A000D9CC34A014CFC21F34FF0D00400200800D00000282046D00DF1482146DFFCC9891
:2015C000DA0982100FF0000089202829910000F6D9FF2CE091000026D9222CE0092F000834
:2015E000C21F34FF910000F6D9FF2CE009F00008DA143FF00A006DFFAEBB910000F6D9FF10
:201600002CE0DA0034FF6DFF818D0D00400200800D00000282046D00AF14910000F6D9FF44
:201620004850D4FF2D0F00000D00400200800D00000282046D00A01482046DFF72B87624C8
:2016400082046DFF46B782446DFF6BB8762482446DFF3FB70D00400200800D000002820420
:201660006D008A1482146DFF5CB8762B82146DFF30B7910000F6D9FF5850D4FF2D0F0000A9
:2016800082546DFF4EB8762482546DFF22B70D00400200800D00000282046D006D14823445
:2016A0006DFF3FB8762B82346DFF13B7910000F6D9FF5450D4FF2D0F000082746DFF31B8DD
:2016C000762482746DFF05B70D00400200800D00000282046D00501491100046D9449C2954
:2016E0006DFFC8970D00400200800D00000282046D0042146D00940E0D00400200800D000D
:20170000000282046D0038140D00400200800D00000282046D00301491100046D94488499E
:201720006DFFA8970D00400200800D00000282046D002214910000F6D9FF5050D4FF2D0FE9
:2017400000000D00400200800D00000282046D00131491100046D944B4596DFF8B970D00E5
:20176000400200800D00000282046D000514910000F6D9FF5C50D4FF2D0F00000D00400223
:2017800000800D00000282046D00F61391100046D944A0796DFF6E970D00400200800D0054
:2017A000000282046D00E8136D001E0C0D004002008002483708E8FB6E043BF00F007E033A
:2017C0000282009012503BE01FF03F5F0500DAFE7F0F0E00910000F6DA1859FFB0113B0085
:2017E00002406DFFFFEF7B00F8473C0B3B20E0FF3FF503004E093B8000406DFFF3EF8204B5
:2018000002851DFFB5F2B708882B8F7001F0A6F20090DA0020084BF401F016036E123704EE
:20182000E8FBEE0D910000F6DA1859FFB0113B0001406DFFD7EF7B00F82F00901DFFBFEF8E
:201840003704E80BDAFF7E030242009040A46DFF11FB3B304FF09B5FF3F34BF201F02E08E2
:201860007B0000F44BF2412054AFC2FF74AF7B00F8F36B0F31026B0F21F23B6022144BF0C8
:2018800051F03BE014219B51F6134BFF41009B42052C6B1061023BD014119B41FD1B6BFFBD
:2018A00061113B8021279B12F3234B10510054A14B0141114B2141106BF061210090C23491
:2018C000B70402F06E659249DF096300910000F6D9FF882154FFEE1582046DFF6DF1802F05
:2018E000325F160392446DFF67F18020DFF051001022F4F291000046B54284218200742043
:20190000D4FC820A3C0310CCB0FC54CF6E036F0FFCFFF4FC3C1DB70801F010CF6F081880B0
:2019200054FFEE1182046DFF47F149F4040A7D420F80325802846DFF3FF1802F1EF874CAE3
:2019400082083C0CAE0442F874C840CF40FC54C876856F08E2FF3F98E0FFDF082680BF19B8
:20196000180002946DFF28F1802F9EF249CF040A01F220F4EE0D012F30F4EE12802F325F39
:201980001603102F92446DFF17F1802F5EF3A002009001CF2020802F960174CF40FC01C9D4
:2019A00000F674FA3C0A9A493FF8078001C900F6A29874F83C0202898F1940F174CF49C286
:2019C000040A0090DF043000404FBF842780804F8F3F000180518F3100115F101F802E065B
:2019E000C2F4045F344F494F010A80FF2E16045F24FFC2E4045F24FF8F7400018FD41FF0BD
:201A00006E0B02F14052C2F160160922480189F24801FC6CD05502047646C2F46042045F5D
:201A200024FFFC2E40420090404FBF852380804F2E05C2F53444494F010A80FF2E1424F424
:201A4000C2E524F48F7500F106D5DF051200D200764A370468008F802010A6108F00211017
:201A6000A6100201C2F5605289F04801FC2E02F57655C2F5605224F4FC2F40420090024F87
:201A8000370FE81B8F1F1E00DAFF7E17024F7444B70F89FB6E123C0B8FF00150DA7F7FF110
:201AA0000900DA00B70F81FFA65F744F02420090DA963FF10A007444DA00B70F81FF8FF060
:201AC0000120A6F20090B704890B8F71012082F38B6109110F1300302630B700890BA652E7
:201AE000A60274426B0231F4B70F812FA65200906B0531F46C416B0531044C426B0F31F0E8
:201B00006C444C416C42910000F6D9FF34E054F009410409910000F6D9FF30E054F24C4487
:201B20004BF241F06B1061FF744F54423C010090910000F6D9FF38A014FF6E15910000F6E2
:201B4000D9FF500054FF7B803C044B0F01F0370F61F16E09910000F6D9FF540054FF6E03FE
:201B60006D003E01910000F6D9FF307014FF6E58910000F6D9FF28F014FFEE52910000F690
:201B8000D9FF740054FF910000F6D9FF30F054F04B0F01F0370F61F16E2D910000F6D9FF06
:201BA000740091000026D9227400542F91000026D9222CF054206B0031FF74FF910000F631
:201BC000D9FF740054FF910000F6D9FF30F054F04B0F01F016038B0F20F26E0B910000F693
:201BE000D9FF740091000026D92230F0542F74FF3C17910000F6D9FF740091000026D922F9
:201C000030F0542F74FF910000F6D9FF28F0DA0134FF910000F6D9FF1470DA0034FF0090A9
:201C20006B0531F46C416B0531044C426B0F31F06C444C416C42910000F6D9FF08F054F00E
:201C400009410409910000F6D9FF04F054F24C444BF241F06B1061FF744F54423C01009095
:201C60006B0531F46C416B0531F482004B0F01F0AE046B0531F43C056B0531F467FFBFFF7F
:201C8000910000F6D9FF3CF054F0910000F6D9FF403094F132514B014111910000F6D9FFA1
:201CA000480054F26B053134910000F6D9FF4C0054F66B0531444B4641404BF441F06B32C8
:201CC00061FF6B1061FF744F54423C0100906B0531F46C416B0531F482004B0F01F0AE044D
:201CE0006B0531043C056B0531F467FFBF0F910000F6D9FF38F054F1910000F6D9FF40309A
:201D000094FF325F4B0F4121910000F6D9FF34F054F36B0531644C426B0F31F6910000F65E
:201D2000D9FF400054F66B053144910000F6D9FF440054F54B0541006B4661006BF361F01E
:201D40006B2161FF744F4C416C4254423C010090910000F6D9FF740054FF910000F6D9FFB1
:201D6000780054F04B0F01F0370F61F06E2D910000F6D9FF740091000026D9227400542FAE
:201D800091000026D92224F054206B0021FF74FF910000F6D9FF740054FF910000F6D9FF86
:201DA000780054F04B0F01F016068B0F20F26E0B910000F6D9FF740091000026D9227800DE
:201DC000542F74FF3C0B910000F6D9FF740091000026D9227800542F74FF0090910000F6BC
:201DE000D9FF740054FF7B6029044B0F01F0370F61F16E27910000F6D9FF7400910000263A
:201E0000D9227400542F91000026D92220F014204B0061016B0031FF74FF910000F6D9FFC0
:201E2000740054FF7B6029044B0F01F0370F61F06E07910000F6D9FF7400DA0074FF3C0719
:201E4000910000F6D9FF7400DA0074FF0090910000F6D9FF600091000026D9226000542F7E
:201E6000C21F74FF910000F6D9FF5C0091000026D9225C00542FC21F74FF910000F6D9FF0F
:201E8000640091000026D9226400542FC21F74FF910000F6D9FF680091000026D922680010
:201EA000542FC21F74FF910000F6D9FF600054F0DA144BF00102DF01A380910000F6D9FFBA
:201EC000307014FF6E046DFF35FE3C09910000F6D9FF1CF054FF5E136DFF3CFF910000F69C
:201EE000D9FF28F014FFDF1F2980910000F6D9FF307014FFDF1F228091000026D92214F0D0
:201F0000910000F6D9FF14F054F0910000F6D9FFCCB3888F910000F6D9FFCCB388913251AB
:201F2000421F82214B1F0122DA0A4BF201224B0241F16B0F21F0742F91000026D9223CE051
:201F4000910000F6D9FFCCB3888F910000F6D9FFCCB388903250420F82204B0F01024B0079
:201F600041F1742F910000F6D9FF00F091000026D92200F0542F3B3033039B30F3034B0F5C
:201F800041F074FF910000F6D9FF00F091000026D9223CE0542FBBA099099B90E903910058
:201FA0000026D92200F054216B0F61F174FF910000F6D9FFC0A391000046D944EC93910096
:201FC0000026D9227400542491000026D92200F054256D008D0174F2910000F6D9FF0470A5
:201FE00014FF6E07910000F6D9FFC0A3DA0074FF910000F6D9FF6000DA0074FF910000F6B7
:20200000D9FF5C0054FF82504B0F0102DF013A806D006A0291000026D922CC83910000F60F
:20202000D9FFC4A3481F742F910000F6D9FFCC8391000026D922C4A3542F6CF1910000F629
:20204000D9FFC09391000046D944C49391000026D92210F0542F91000026D922C0A354204C
:202060006B00214F91000026D922CC8354256DFF41FD74F2910000F6D9FF5C00DA0074FFF3
:202080006D003E15910000F6D9FF700091000046D944D89391000026D922C0935424910044
:2020A0000026D9227C20942F4B0F41516DFFBAFD74F2910000F6D9FF3C7014FF6E3D9100D1
:2020C00000F6D9FF6C0091000046D944D8837BC0214491000026D92240F1092F16094B0F43
:2020E00041516DFFF6FD02246DFF27E374F2910000F6D9FF307014FFDE1F910000F6D9FF7F
:20210000147014FFEE19910000F6D9FF6C0091000046D944EC837BC0214491000026D922A1
:2021200040F1092F16094B0F41516DFF9BFD02246DFF03E374F2910000F6D9FF0CF054FF9B
:20214000BB00000C9BA05D044B0F01F016068B0F20F2EE10910000F6D9FF18F054FFBB0096
:20216000000C9BA05D044B0F01F016068B0F20F26E21910000F6D9FF580091000026D922AC
:202180005800542FC21F74FF910000F6D9FF580054FF3B007D007FF00E00910000F6D9FF72
:2021A0001CF0DA0074FF910000F6D9FF5800DA0074FF910000F6D9FF0CF054FFBB00000C4D
:2021C0009BA05D0C4B0F01F016038B0F20F2EE10910000F6D9FF18F054FFBB00000C9BA091
:2021E0005D0C4B0F01F016038B0F20F26E21910000F6D9FF580091000026D9225800542F93
:20220000C21F74FF910000F6D9FF580054FF3B007D007FF00E00910000F6D9FF1CF0DA00E6
:2022200074FF910000F6D9FF5800DA0074FF910000F6D9FF0CF091000026D9227000542F27
:2022400067FFBFFF91000026D9226C0054204B0041016B0021FF74FF910000F6D9FF18F0D6
:2022600091000026D9227000542F91000026D9226C0054204B0041016B0021FF74FF91000B
:2022800000F6D9FF1CF054FFDF1F2D80910000F6D9FF147014FF6E12910000F6D9FF680029
:2022A00054FF82304B0F0102F6196D00CB04910000F6D9FF6800DA0074FF910000F6D9FFFE
:2022C0000CF054F46DFF39E2022F910000F6D9FF18F054F46DFF31E20BF210486D001A06F2
:2022E0003C05820482056D00150600906B0531F46C414C436B0531046B0021FF6C434C4339
:20230000BB0000089BB05B044B0F01F0370F61F16E06BB0000F89BBF5BF43C0F4C43BB0008
:2023200000089BB05B0C4B0F01F0AE034C433C05BB0000F89BBF5BFC6C43910000F6D9FFA5
:20234000401054F009410409910000F6D9FF7C0054F24BF241F06B1061FF744F54423C0192
:2023600000900249025A7B00F8834B8901F0AE1502AF370FE8FBEE08029F370FE8FBEE7DA3
:2023800061FF436F3C7A6DFF54EAF62502A46DFF50EA76247B00FC27009002A46DFF40EA60
:2023A000DF022000029F370FE8FBEE097B00F8FF4BFA01F02E1467AABF2F0090B709812F72
:2023C0004B8201F0AE1B8200370F61114B0A01F0370F61F17E147B00F8270090820200908E
:2023E000820802946DFF1CEADF0220004B8A01F0AE047B00F8073C02820082014B8901F050
:202400002E0E4B0A312102134B0241F14BAF01F02E148F1200F1AA13023FAA11B700812F66
:202420008FF101F0A6F200903709E8FBEE284B0A31B14B8A01006F00170061FFE66E3B0048
:2024400001406DFFCFE94B0B411182004BA101F061FFE16E7B00F8476E0402951DFF88EC0E
:20246000024200904B0B41F182004BAF01F061FFD26E6E0302920090028200904B8901F085
:202480006F0F18004B0A31814B0841F14BAF01F02E1E6799BF4F6DFFBEF94B2A41406DFF50
:2024A00035F46F0804006722BF2F009061FFAD6E02946DFFB0F94B2A41401DFF27F42010EE
:2024C0004045910000F6D9FF00B049F2140AF4A249A6100A40A46DFF16E709FFE4081640D9
:2024E000AAF200906D00E512910000F6D9FFD0A391000026D9226C20942F74FF910000F67F
:20250000D9FFD0A391000026D9227020942F6CF1910000F6D9FFD0A391000026D9227420F6
:20252000942F6CF2910000F6D9FFD0A391000026D9227820942F6CF3910000F6D9FFD0A36A
:2025400091000026D9227C20942F6CF4910000F6D9FFD0A391000026D9224030942F6CF5F2
:2025600091000046D944D0A391000056D955C4A3BBA0704D9B34C2436D00080100909100F5
:202580000026D9226810910000F6D9FF441054FF7B0000044B0F4100910000F6D9FF4410CF
:2025A000482F4BF04100910000F6D9FF4410481F7B0000144B1F4110910000F6D9FF441011
:2025C000483F6BF171F0742F91000026D9226C10910000F6D9FF4410482F7B0000044B0FE3
:2025E0004100910000F6D9FF44104831910000F6D9FF441054FF7B0000244B2F412091005D
:2026000000F6D9FF4410481F4BF241F06B1061FF742F91000026D9227010910000F6D9FFB4
:202620004410481F7B00000C4B0F4100910000F6D9FF4410481F4BF04100910000F6D9FFC8
:202640004410482F7B0000144B1F4110910000F6D9FF4410482F6BF171F07B00F8036B009D
:2026600021FF742F91000026D9227410910000F6D9FF4410481F7B0000044B0F410091009C
:2026800000F6D9FF44104821910000F6D9FF441054FF7B0000244B2F4120910000F6D9FFD0
:2026A0004410483F4BF241F06B1061FF742F91000026D9227810910000F6D9FF4410483FDF
:2026C0007B00000C4B0F4100910000F6D9FF4410483F4BF04100910000F6D9FF4410482FF8
:2026E0007B0000144B1F4110910000F6D9FF4410482F6BF171F07B00F8036B0021FF742F05
:20270000910000F6D9FFC4A391000026D922681054246DFF6EEA91200028D922A83B542F53
:202720004BF241F06CF1910000F6D9FFC4A391000026D9226C10542491000026D922701030
:2027400054256DFF83EA91200028D922A83B542F4BF241F074FF910000F6D9FFC4A39100B5
:202760000026D9227410542491000026D922781054256DFF6BEA91200028D922A83B542F8E
:202780004BF241F06CF200902030404C405D7B00F0F34BF44180910000F6D9FF4410481FEC
:2027A000910000F6D9FF441048304B0F4100910000F6D9FF441054F1910000F6D9FF4410A8
:2027C000482F6BF171F07B0000044B0F41F074AF910000F6D9FF441054F0910000F6D9FF42
:2027E00044104811910000F6D9FF44104822910000F6D9FF4410483F4BF241F06B1061FF8C
:202800007B0000044B0F41F078017B00F803910000F6D9FF44104811910000F6D9FF441000
:202820004812910000F6D9FF44104823910000F6D9FF4410482F4BF341F06B2161FF7B0020
:2028400000146B1F71F078024CC24B0F41014CC24B0F411154CF4B0F412154CF4B0F4131CD
:202860004CC14B0F41414CC14B0F41F14BF441F06B3261FF6B10614F6D00D00154CF4B0F83
:2028800041F14B2F41F078034CC14B0F41F14B2F41F078044CC24B0F41F14B2F41F078055E
:2028A000580409A008094B0F4100580509A104096B1F71F07809580554A04B0F41005803A0
:2028C00009A108096B1F71F0780A580309A004094B0F4100580454A16B1F71F0780B9100D4
:2028E00000F6D9FF5410580991000026D9226410542091000026D922541054216B0F61F154
:2029000074FF91000026D9225410580A910000F6D9FF641054F0910000F6D9FF5410481199
:202920006B0F61F16C2191000026D9225410580B910000F6D9FF641054F0910000F6D9FF4F
:20294000541048216B0F61F16C224CC34B0F4101912000F8D9FFA43B54F1910000F6D9FFA1
:20296000601054F258094BF241F06B1061FF910000F6D9FF541054F06B0021FF78064CC4D7
:202980004B0F4101912000F8D9FFA43B54F1910000F6D9FF601054F2580A4BF241F06B1096
:2029A000610F910000F6D9FF5410481F6B0F21F078074CC54B0F4101912000F8D9FFA43B66
:2029C00054F1910000F6D9FF601054F2580B4BF241F06B10610F910000F6D9FF5410482FA7
:2029E0006B0F21F07808910000F6D9FF4410481F67FFBF0F58064BF04100910000F6D9FF45
:202A00004410482F09A11C096B1F7100910000F6D9FF4410483F09A120096B1F71F04B8F4F
:202A20004140910000F6D9FF4410482009A12009910000F6D9FF441054F258064BF2412032
:202A4000910000F6D9FF4410483358076BF371F26B1061FF4B8F4130910000F6D9FF44104F
:202A6000483009A11809910000F6D9FF441054F258074BF241F06B10610F910000F6D9FF03
:202A80004410481F09A120096B1F71F04B8F4170910000F6D9FF441054F009A120099100D7
:202AA00000F6D9FF4410482F67FFBF2F09A51809910000F6D9FF4410481658074BF641F078
:202AC0006B5261FF6B1061FF4B8F4100910000F6D9FF441091000026D9224410542F6B0438
:202AE00021FF74FF910000F6D9FF441091000026D92244104C216B0321FF6CF1910000F6AB
:202B0000D9FF441091000026D92244104C226B0721FF6CF2910000F6D9FF441091000026BB
:202B2000D92244104C236B0021FF6CF3910000F6D9FF44104830910000F6D9FF4410483196
:202B4000910000F6D9FF44104822910000F6D9FF44104823910000F6D9FF441054F49100AE
:202B600000F6D9FF441054F5910000F6D9FF44104816910000F6D9FF4410481F4BF641F04D
:202B80006B5461FF6B3261FF6B10614F6D004600910000F6D9FF441091000026D922441082
:202BA000542F4B2F41F074FF910000F6D9FF441091000026D92244104C214B2F41F06CF146
:202BC000910000F6D9FF441091000026D92244104C224B2F41F06CF2910000F6D9FF441012
:202BE00091000026D92244104C234B2F41F06CF340D46DFFC6FC0090910000F6D9FFC0B3B2
:202C0000BBA070FD9B3FDAF374FF910000F6D9FFC0B3DA006CF100907B00FCF37B00F00361
:202C20004B0441103BF09D059B70F30586F4A2404B0141106B0171FF4BF041203C010090E6
:202C4000910000F6D9FFC8B37B0000F891000026D9227400542091000026D92200F0542176
:202C60006B01310091000026D922402054216B1071FF74FF910000F6D9FF442054FF91002B
:202C800000F6D9FFC8B354F04B0F01F0370F61F16E12910000F6D9FF442091000026D922CF
:202CA0004420542F91000026D9227C1054206B0031FF74FF910000F6D9FF442054FF9100C6
:202CC00000F6D9FFC8B354F04B0F01F0370F61F06E12910000F6D9FF442091000026D92290
:202CE0004420542F91000026D9227C1054206B0021FF74FF910000F6D9FF442054F49100A1
:202D000000F6D9FF442054F56D00030000907B801CFC4BF401F0370F61F06E057B801C4C88
:202D20007B801C5C7B801CF44BF401F0370F61F16E057B801C447B801C547B402BF46B04CB
:202D4000318F7B402BF46B0F21F53BB000403B0000019BF05E047B4033144B1F5110BB006D
:202D600000289BB25B246B2171004B0071516D00C6293B6004407B4033044B0F51F0BB00D2
:202D800000089BB05B04BB0000189BB14B146B0F61F14B0F71516D00B2293BA001407B40FC
:202DA00033F44BF851F0BB0000089BB05B04BB0000189B414D146B0F61F14B0F71516D0096
:202DC0009E293B300340BB0000FA9B0F5FF47B4033044B085100BB0000189BB15B146B102D
:202DE00071FF4B0F71516D008A2900903BB000403BC01250910000F6D9FF482054FF4B0F9B
:202E000071616D00D1283B3003403BC01250910000F6D9FF4C2054FF4B0F71616D00C428CC
:202E20003B6004403BC01250910000F6D9FF502054FF4B0F71616D00B7283BA001403BC0A5
:202E40001250910000F6D9FF542054FF4B0F71616D00AA280090910000F6D9FFCCB3DAA592
:202E600034FF910000F6D9FFCCB3DA022CF1910000F6D9FFCCB3DA002CF2910000F6D9FF13
:202E8000CCB3DA002CF3910000F6D9FFCCB3DA002CF4910000F6D9FFCCB3DA002CF5910078
:202EA00000F6D9FFCCB3DAA72CF6823491000046D944CCB382756D00A33600909100004655
:202EC000D944CCB3820482756DFFB0F591000046D944CCB3B074820482756DFFA7F591001B
:202EE00000F6D9FFCCB3DA002CFE910000F6D9FFCCB3DA002CFF910000F6D9FFCCB3DA00E6
:202F0000ACF9910000F6D9FFCCB3DA00ACF80090910000F6D9FFCCB3DAA534FF910000F609
:202F2000D9FFCCB3DA012CF1910000F6D9FFCCB3BB00F0FF264F868F2CF2910000F6D9FFB3
:202F4000CCB38FF40FF12CF3910000F6D9FFCCB3BB00F0FF265F868F2CF4910000F6D9FFAF
:202F6000CCB38FF50FF12CF5910000F6D9FFCCB3DA002CF682003C1491000026D922CCB350
:202F8000910000F6D9FFCCB3086F910000F6D9FFCCB301F000F614F1421F2C26C210BF606E
:202FA000ED7F823491000046D944CCB382756D002736009082343B0080509B7500503B507F
:202FC00001603BE000706D009332823482156D00A7346DFF75FF820482056DFF9BFF6DFFDF
:202FE0003CFF00902008823449A4000A6D008534DF02C00014A0DAA57E0F910000F6D9FF4B
:20300000CCB3087F3B500A003E07910000F6D9FFCCB3DA002CFE910000F6D9FFCCB308EF19
:20302000910000F6D9FFCCB310FF14AF2CF7910000F6D9FFCCB391000026D922CCB30C2E74
:20304000C21F2CFE910000F6D9FFCCB308EFBF7F9180910000F6D9FFCCB3087F3B500A0047
:203060005F0F7980910000F6D9FFCCB3DA002CFF82003C1591000026D922CCB3910000F67B
:20308000D9FFCCB308F1910000F6D9FFCCB301F000F6087F42F189210F08C210BF60EC7F44
:2030A000910000F6D9FFCCB308FF910000F6D9FFCCB308D05F0F3F80910000F6D9FFCCB36A
:2030C000088FDF2F288091000026D922CCB3910000F6D9FFCCB3089F8F8F2000910000F628
:2030E000D9FFCCB308AFA6F08920900891000026D922CCB3910000F6D9FFCCB308BF8F8FF7
:203100002000910000F6D9FFCCB308CFA6F089209208910000F6D9FFCCB3DA002CFE91008E
:203120000046D944CCB3B074820482756DFF7EF43C10910000F6D9FFCCB3DA002CFE91006F
:203140000046D944CCB3B074820482756DFF6EF43C10910000F6D9FFCCB3DA002CFE91005F
:203160000046D944CCB3B074820482756DFF5EF400906F770C006F0505808FF707F16E06A1
:20318000C215EF850400C21606F5B70589FB8F7601008F840120A60FA6F20090201049A697
:2031A000100AA00FF4AF89A4840982FF780240A46DFFA9E0D801DA0034FF00900248370816
:2031C000E8FBEE05820402851DFFD2E56DFF28E3DF022280DA004BF801008F3000F16E05FE
:2031E0006F001A001DFFEBE24B0891F17B00F0034B0841007B00FC134BF041206BF2712171
:203200004B2F41F04BF041006BF071014B0F41F04BF8418002820090404F044FEEFF01F453
:2032200020F080F2C2F200903B00D0269B9212246B4461224B4441F0BBE0F408BB50061D7D
:203240009BA014049BB10C146B1F61106BF261F04BF151F04B4F412000906D007D066D00A1
:2032600036006D003F006D001C1C82046D00840600904DC0E1FF16073C016E083C0191002F
:2032800000F6D9FFC0E314FF6EFB4DC0E1FF16073C01910000F6D9FFC0E310FFDA0134FFDB
:2032A0008218DA003C0B910000F6D9FFC0E310FF14F0E20837086880C21FBF2FF6FF8214D3
:2032C0006D00321CDF08EE7F00906DFFC6AB02246DFF1AAB6DFFD5AB02246DFF59AB009009
:2032E000910000F6D9FFC4E36DFF93A568224DC0E1FF8F7F00413C01910000F6D9FFC4E31B
:203300006DFFCAA46812910000F6D9FFC4E36DFFD5A574F2910000FFBCF16DFFB7A5913041
:2033200000FF39FF3506160F4B0F41F14BF251F03C013C01910000F6D9FFC4E36CF300907D
:20334000404F0258F64791000026D9225C20142FEE023C1F91000026D9225820142F6E03AD
:203360003C013C0091000026D9225820DA00C21F342F6D00E5053C0C91200048D944FE2BAE
:20338000A00640F502846D0075006D0004003CF500902008DA0074AFDA007801DA0074AF43
:2033A0003C0FDA0078013C045801C21F780158013BF0FF017FF0FAFF54AFC21F74AF54AF86
:2033C0003BF0FF007FF0EFFF0090201849A4000A6D003102911000F8D9FF9813F80249A404
:2033E000000A6D00EC018204BB00205C9B150050820682076D007C3091000046D944ECF3AF
:20340000820491000056D955E8E33B0004506D008902820482156D0083320090910000F669
:20342000D9FF602014FF6E13820491000046D944E8F36D00623291000046D944ECF39100E6
:203440000056D955E8F382146D0062030090404676423C0E910000F6D9FF602014FF6E0825
:2034600091200048D944CB3B02546D0003000090D9AAE86F404C405D0248406E820089A034
:203480008C08DA00ACA7DA007804DA00ACAADA00ACAB40D46DFFC2FE89A210099100002679
:2034A000D922D4E3092FC0086E08910000F6D9FFD4E3C84F2D0F0000910000F6D9FF60209C
:2034C00014F0DF007B01910000F6D9FFD4E309FFC008DF0F3F0109A096088CABC21FACABC3
:2034E000910000F6D9FFD4E3C83F82043700705040C42D0F000040D46DFF90FE89A21009A0
:20350000910000F6D9FFD4E309F0C208910000F6D9FFD4E3086F4BF0010289A094083C0105
:2035200009DF0008B01DEEFDDA00ACA73C11B0FD09D00008DA2F3E0509D00008DA5C7E05F5
:2035400009AFCE08C21FACA75804C2FF780409AFCE08FF2F05805804FF0FEB7F58040EFC95
:20356000B01DF4AD49A4180A91200058D955F11B6DFF16FE3C1709AFCE08EE0BF4AD49A4A3
:20358000180A91200058D955FA1B6DFF09FE3C0AF4AD49A4180A91200058D955F11B6DFFA5
:2035A000FFFDDA00ACA63C4CDA00ACA73C2349A4180A6DFF33FE09A0CC088CAA09A1CE08F0
:2035C00003F00AF17FF203803C1A09AFCE0810AF49FF184A09A0CC088CAA09A1CE0803F096
:2035E0000AF110A2092F180834FF09AFCE08C21FACA709A0CE088CAA3FF0DB7F09AFCE0805
:2036000010AF49FF184ADA0034FF910000F6D9FFD4E308708CABE2F08CABC21FACAB91009D
:2036200000F6D9FFD4E3C83F82043700705049A4184A2D0F000009AFCC08C21FACA609A985
:20364000CC0849A4180A6DFFE9FD8CAA4BF211029A103FF9ABFF74A849A4180A91200058EF
:20366000D955C72B6DFF9CFD910000F6D9FFD4E3087F09A09608E2F08CABC21FACAB91006F
:2036800000F6D9FFD4E3C83F82043700705049A4180A2D0F0000A00F7DEF5B00DA00ACA634
:2036A0003C4CDA00ACA73C2240E46DFFB7FD09A0CC088CAA09A1CE0803F00AF17FF203809E
:2036C0003C1A09AFCE0810AF49FF184A09A0CC088CAA09A1CE0803F00AF110E2092F00084A
:2036E00034FF09AFCE08C21FACA709A0CE088CAA3FF0DC7F09AFCE0810AF49FF184ADA00C5
:2037000034FF910000F6D9FFD4E3087F09A09608E2F08CABC21FACAB910000F6D9FFD4E33B
:20372000C83F82043700705049A4184A2D0F000009AFCC08C21FACA609A8CC0840E46DFFA6
:203740006DFD8CAA4BF211029A103FF8ACFF3C3549A4185A82043B0010506DFF67F19100A7
:2037600000F6D9FFD4E3C82F40C42D0F0000A00F7DEF1000F4AD89A8040989AE880949A4CE
:20378000185A91200058D955D02B6DFF09FD3C0CF4AD89A8040949A4185A91200058D95556
:2037A000E92B6DFFFDFC910000F6D9FFD4E3C82F49A4185A2D0F00000090910000F6D9FFF9
:2037C000D4E3094FC008B4FF910000F6D9FFD4E3094FC208ACF1910000F6D9FFD4E3094F1C
:2037E000C408ACF2910000F6D9FFD4E30C462CF6910000F6D9FFD4E30C472CF7910000F6C2
:20380000D9FFD4E309428809E822910000F6D9FFD4E309428C09E83291000026D922D4E3BA
:20382000CC44EC24910000F6D9FF6020DA0134FF0090DA00B44FBBF0FFFFAC41BBF0FFFFCF
:20384000AC42DAFF2C46DAFF2C47A00FEC42A00FEC43A00FEC44009082046D00EE31009017
:20386000024F8204370F68506D00D63102F23C010090404FA00201F2104491200048D944B0
:20388000D73B3B5005506DFF5DFD820814FF960134FFDA006CF2DA006CF3485F6CF4081F6A
:2038A00082003E0682103E0A8220BE003C17C814820448556DFFBAF03C11C8148204485F4A
:2038C000532F20506DFFB2F03C09C8148204485F534F20506DFFAAF03C01DA0034FF0282B4
:2038E0003C0100904C43424F6C433C064C4309401409A20F6C434C4509400C097FF0F8FF40
:2039000000904C42424F6C423C064C4209401409A20F6C424C45094008097FF0F8FF0090D4
:20392000404F024F405C0258A00201F2104491200048D944D73B3B2022506DFF03FD8202E3
:20394000E81C820034F02CF1DA006CF2DA006CF3684868583C010090404F405C406D0249CF
:20396000A00201F2104491200048D944D73B3B1016506DFFE7FCA00201D210449120004874
:20398000D944D73B3B2016506DFFDCFC82088200A0027DC2058082381D00900014FF1603EE
:2039A0006E0574D082681D009F0040F46D009F0054D07F020B8074D28278F62714FFB70F04
:2039C00081F134FF1D00900014FF960834FF485F4830520A54D03F0A2B80081F82003E0631
:2039E00082103E0C8220BE063C21C812483F102554D440C46DFFE8EF3C19C812483F532FEB
:203A000020F0102554DF532F204040C46DFFDCEF3C0DC812483F534F20F0102554DF534FAB
:203A2000204040C46DFFD0EF3C013C43081F82003E078210BE0482205F0F27003C3AC81272
:203A4000483F102540C402A46DFFBEEF01CA0046C81554D4A2A46DFFB7EF3C2BC812483FB1
:203A6000532F20F01025532A204040C46DFFACEF532A20F010C4C81554DFA2AF532F2040F3
:203A80006DFFA2EF3C16C812483F534F20F01025534A204040C46DFF97EF534A20F010C41B
:203AA000C81554DFA2AF534F20406DFF8DEF3C0114FFB70F81F134FFDF09168014F0DA0B99
:203AC0007E0382283C1014FF960234FF54D440F46DFF0AFF484F54D0420F6CF414FFB70F7B
:203AE00081F034FF02823C010090404FA002012F104491200048D944D73B3B6007506DFF96
:203B000021FC485F484052023C010090404F405C0248A00201F2104491200048D944D73BB2
:203B20003B000B506DFF0EFC8209A0027DC2058082391D00B50014FF16056E0482491D0073
:203B4000AF0014FF960434FF484F3F8FA480485F4820520A7F8A69800810DA003E08821125
:203B60005F012000DA025F0F3E003C5DC812482F102440C502A46DFF27EF40F402A46DFFAC
:203B8000C2FEC812482F102401CA00560BA880406DFF1AEF0BA8804040F46DFFB4FE3C4393
:203BA000C812482F532F20F01024532A204040C56DFF0AEF40F402A46DFFA5FEC812482F6D
:203BC000532F20F01024532A20F010C55AA8532F20406DFFF9EE0BA8804040F46DFF93FEE2
:203BE0003C22C812482F534F20F01024534A204040C56DFFE9EE40F402A46DFF84FEC81249
:203C0000482F534F20F01024534A20F010C55AA8534F20406DFFD8EE0BA8804040F46DFF7C
:203C200072FE3C013C33081F82003E068210BE008220BE0D3C2BC812482F102440C5028447
:203C40006DFFC2EE40F402846DFF5DFE3C1FC812482F532F20F010245328204040C56DFF09
:203C6000B3EE40F402846DFF4EFE3C10C812482F534F20F010245348204040C56DFFA4EEB0
:203C800040F402846DFF3FFE3C01484FA28F6CF43C02825914FFB70F01F134FF02923C0174
:203CA0000090404F0248A00201F2104491200048D944D73B3B4008506DFF44FB820914FF6E
:203CC00016056E0382493C2E14FF960434FF484F6E24081F82003E0682103E0982203E0E66
:203CE0003C14C812482F102234283C0FC812482F532F20F01022B4283C08C812482F534F22
:203D000020F0102274283C01821440F46DFFFBFD484FC2FF6CF43C02825914FFB70F01F1BE
:203D200034FF02923C0100902058404C0B451088A00F01FC104491200048D944574C3B30DF
:203D40001C506DFFFFFA0290A00F7DCF04801D0088004B08312182014B180110370161F0B7
:203D60006E05DA2D34CFB01C3C0E3708E8FBBA0F6E0ADA3034CFB01CDA2E34CFB01CDA3093
:203D800034CF3C6E4B0241F16B0F31F83C06C2F07B0012144B1F41F0DF00FBFF4B0F31417F
:203DA0008206534620F010AFDA0A4BF2010274F19A16370F6860DA0A4BF20122DF02F3FFB5
:203DC0003C189AF6534F20F010AF54F00E079AF6534F20F010AF54FF3C079AF6534F20F05C
:203DE00010AF54FF325F8B0F03F034CFB01CC2F6DF06E9FFDF0935008202DA2E34CFB01CC7
:203E0000F644DA3034CF3C2C3C0F534220F010AFDA0A4BF4010268C19A12370F6820DA0A97
:203E20004BF40142C2F9DF09F2FF3C189AF2534F20F010AF48CF0EF79AF2534F20F010AF02
:203E400048CF3C079AF2534F20F010AF48CF325F8B0F03F034CFB01CC2F2DF02E9FF0090FA
:203E60002010404C0248A00F01FC104491200048D944574C3B0008506DFF64FADA00A00F9D
:203E80007DCF03803C29CE873BD0020034C0B01C32583C05F684DA3034CF3C1E3C113BA0F8
:203EA00000004B0801020E123C02325110AF34F1C21F370F68F03BA000004B080182DF08D0
:203EC000F0FF3C0910AF09F07FF88B00030034C0B01CC2FFEEF800902010404C0248A00F45
:203EE00001FC104491200048D944574C3BC00C506DFF28FADA00A00F7DCF03803C1FF684A6
:203F0000DA3034CF3C1B3C0E10AF3BA000004B08110234F1C21F370F68F03BA000004B0821
:203F20001182DF08F3FF3C0910AF09F03FF88B00030034C0B01CC2FFEEF800906D000C00E3
:203F40006D00211B6D00F51F6D00B01782046D00130000904DC0E2FF370FE1F78B0F20F2B5
:203F60003C010D00400300003C013C018B0F00223C010090F6430D00000300909100004601
:203F8000D9440C04820491000056D95504043B8000506DFFC7FC0090404F405C0248910081
:203FA0000026D9224C50142F82103E0982203E078230BE0F82405F0F37003C4FDA003C08B2
:203FC00082058206820702F46D00831AC21FBF8FF9FF82548275821640F440C502876D008E
:203FE000E015022F3B90004082156D006F173C36DA003C0882058206820702F46D00691AF8
:20400000C21FBF8FF9FF82548275820640F440C502876D00C615022F3B90004082156D00DA
:2040200055173C1CDA003C0882058206820702F46D004F1AC21FBF8FF9FF825482758206BE
:2040400040F440C502876D00AC15022F3B90004082156D003B173C023C0102F23C010090A2
:2040600091000046D94424046D005121022F91000046D94424043B000F406D0048218F8F7A
:2040800020F0A6F23C01009082088209820B820A910000F6D9FF2404DA5C2CF8910000F615
:2040A000D9FF240409400A0989F00A09910000F6D9FF2404544074F0910000F6D9FF240412
:2040C0004C416CF1910000F6D9FF240409429009E84291000026D9222404CC45EC259100D4
:2040E00000F6D9FF3C048C53B4FF910000F6D9FF3C048C55ACF1910000F6D9FF3C048C5781
:20410000ACF2910000F6D9FF3C048C59ACF3910000F6D9FF3C048C5BACF4910000F6D9FF59
:204120003C048C5DACF5910000F6D9FF3C048C5FACF6910000F6D9FF3C04095FA208ACF735
:20414000910000F6D9FF3C04095FA608ACF93BE00F40BBF0EE5B6D0098043BC000408235AC
:204160006D0093043BA000406D00DE143BC0004082056D008A043BC0004082056D0085044C
:204180003BC0004082056D0080043BA000406D00CB14820C82046DFF65FF022D3B4032F154
:2041A0003ED73B1031F13ED43B3031F17ED23C0D3BA000406D00B814C21A370A68A0BFAA63
:2041C0000480821C3C023CE7DF0C0B84910000F6D9FF3C0409F0C808DA783F0F0D0091003C
:2041E00000F6D9FF3C0409FFC808534F20B08F2840813C28910000F6D9FF3C0409F0C80823
:20420000DAF03F0F0D00910000F6D9FF3C0409FFC808532F20B08F1840813C14910000F671
:20422000D9FF3C0409FFC8083B001E003FF00B80910000F6D9FF3C0409FFC808531F20B0C2
:204240008208910000F6D9FF3C0409F0C608DABC3F0F0D00910000F6D9FF3C0409FFC60808
:20426000534F20908F8840813C28910000F6D9FF3C0409FFC6083B8017003FF00D0091009C
:2042800000F6D9FF3C0409FFC608532F20908F4840813C13910000F6D9FF3C0409FFC608AC
:2042A0003B002F003FF00A80910000F6D9FF3C0409FFC608531F2090910000F6D9FF642061
:2042C0003BE034F0A29F74FF3B4032F15FDFC5808274BB8038586D00D803BB00CC0F9BB0E0
:2042E0001900910000F6D9FF3C0409FFC808C22F910000F6D9FF642054F142918242031F5C
:204300000AF24BF00102370070F03B401F007FF004803B401FF0910000F6D9FF3C0409F01D
:20432000C4087F0F0780910000F6D9FF3C04ACF2910000F6D9FF6820BB00CCFF9BBF19F08F
:2043400091000026D9223C040920C4084B0F01029AC091000026D9226420542042904B0FE9
:20436000010291000026D9223C04092FC808A2F074F0910000F6D9FF682054FF3B00E207EC
:204380003FF00900910000F6D9FF682054FFFF2F2100910000F6D9FF682054FFFF2F0400F0
:2043A000DA023C12910000F6D9FF682054FF3B00E2077FF005003B00E2F73C06910000F624
:2043C000D9FF682054FF910000F6D9FF682074FF910000F6D9FF6420BB00CCFF9BBF19F004
:2043E00091000026D9223C040920C4084B0F0102C2C091000026D9226820542F9100002683
:20440000D9223C040921C808421F4BF001025A9074FF910000F6D9FF642054F0DA3D7FF0BE
:204420000400DA3D3C12910000F6D9FF642054FF3BF03F007FF005003BF03FF03C069100D2
:2044400000F6D9FF642054FF910000F6D9FF642074FF1D00BA00BB00CC0F9BB019009100FF
:2044600000F6D9FF3C0409FFC808C24F3BE03410A29142918242031F0AF24BF00102370089
:2044800070F03B401F007FF004803B401FF0910000F6D9FF3C0409F0C4087F0F078091009B
:2044A00000F6D9FF3C04ACF2910000F6D9FF6820BB00CCFF9BBF19F091000026D9223C048E
:2044C0000920C4084B0F01029AC03BE03400A29042904B0F010291000026D9223C04092F56
:2044E000C808A2F074F0910000F6D9FF682054FF3B80BB003FF00900910000F6D9FF682027
:2045000054FFFF4F2100910000F6D9FF682054FFFF4F0400DA043C12910000F6D9FF68203A
:2045200054FF3B80BB007FF005003B80BBF03C06910000F6D9FF682054FF910000F6D9FFFD
:20454000682074FF910000F6D9FF6420BB00CCFF9BBF19F091000026D9223C040920C408AD
:204560004B0F0102C2C091000026D9226820542F91000026D9223C040921C808421F4BF017
:2045800001025A9074FF910000F6D9FF642054F0DA2B7FF00400DA2B3C12910000F6D9FF6A
:2045A000642054FF3BF03F007FF005003BF03FF03C06910000F6D9FF642054FF910000F6ED
:2045C000D9FF642074FF910000F6D9FF3C0409F0C208910000F6D9FF682054FF910000F6E9
:2045E000D9FF3C0409F1C808421FC2EF7F0F1400910000F6D9FF3C0491000026D92268204C
:20460000542F91000026D9223C040920C808420FC2EFACF13B002FF0A29F82204B0F0122D3
:20462000910000F6D9FF3C04885F022032507F0F0500022032503C0F910000F6D9FF3C042F
:20464000885F7FF2040002203C06910000F6D9FF3C048850910000F6D9FF3C04A8509A12E0
:20466000370050003250420F370F70A03B001EF0A2BF82204B0F0102910000F6D9FF3C0442
:20468000886F020232527F2F0500020232523C0F910000F6D9FF3C04886F7FF00400020208
:2046A0003C06910000F6D9FF3C048862910000F6D9FF3C04A8629A4037025000420F370F8C
:2046C00070E03BB0014082156D00DF01821402A56D00DB01822402E56D00D701823402B5B5
:2046E0006D00D301824402956D00CF018254910000F6D9FF642054FF370F70506D00C5019A
:204700008264910000F6D9FF682054FF370F70506D00BB013BA000403B4016506D00B5012B
:204720003B8000403BB01B506D00AF013B9000403B901D506D00A901910000F6D9FF3C0412
:2047400009FFC008EE0B3BB00040910000F6D9FF3C0409F5C2086D0098013BD000403B0072
:204760003350A6856D0091013B1003403B7002506D008B013B2003403BA001506D0085014B
:204780003B30034082556D0080013B500340910000F6D9FF3C0409F5CE086D0076013B4006
:2047A00032F15FDF92803B900C4002A56D006D013BA00C4002E56D0068013BB00C4002B51B
:2047C0006D0063013BC00C4002956D005E013BD00C40910000F6D9FF642054FF370F7050CB
:2047E0006D0053013BE00C40910000F6D9FF682054FF370F70506D0048013B100D403B4088
:2048000016506D0042013BF00C403BB01B506D003C013B000D403B901D506D003601910016
:2048200000F6D9FF3C0409FFC008EE0B3B200D40910000F6D9FF3C0409F5C2086D002501FF
:204840003BE000403B003350A6856D001E013B9003403B7002506D0018013BA003403BA0FE
:2048600001506D0012013BB0034082556D000D013B600340910000F6D9FF3C0409F5CE0896
:204880006D00030186E876883B2007403B0001506D00FB003C063B20074082056D00F500D8
:2048A0003BF000403B1010506D00EF003B7004403B1008506D00E9003B800440BBC0FE5FC7
:2048C0006D00E3003C133BF000403B1001506D00DC003B7004403B1008506D00D6003B8059
:2048E0000440BB70FE5F6D00D00082743B8038506D00CB003BC001403B3030506D00C500E5
:204900003BC0024082356D00C000910000F6D9FF3C0409FFC008EE073BF00A4082056D00A9
:20492000B4003C583B500A40910000F6D9FF3C0409F5C0086D00A9003B600A4082256D00E6
:20494000A4003B800A4082256D009F00910000F6D9FF3C0409FFC608910000F6D9FF3C04E7
:2049600009F0C808E20F82404B0F01027B1000F07FF01300910000F6D9FF3C0409FFC608EC
:20498000910000F6D9FF3C0409F0C808E20F82404B0F01023C03BBF0FF0F3B000B403700EA
:2049A00070506D0072003BE00A403B4001506D006C003BF00A403B1010506D0066003BD050
:2049C0000A40910000F6D9FF3C0409F5C2086D005C003BE00F40BBD0EA5D6D00560002C29A
:2049E0003C010090910000F6D9FF3C04A814910000F6D9FF682054FF910000F6D9FF3C04B6
:204A000009F0C808420FC2EF7F4F1400910000F6D9FF3C0491000026D9226820542F9100FC
:204A20000026D9223C040920C808420FC2EFACF13BE00F40BBF0EE5B6D002700910000F604
:204A4000D9FF3C0409FFC0086E0C3BD00A40910000F6D9FF3C0409F5C2086D0016003C0B6E
:204A60003BB00040910000F6D9FF3C0409F5C2086D000B003BE00F40BBD0EA5D6D0005007E
:204A800082023C010090025F91000046D94424048F8F3F506D00641C91000046D944240492
:204AA0003B000F40370F68506D005A1C009020083BC0004049A4000A82656D0003019100B8
:204AC00000F6D9FF6C200CA18F8F20F014A0A60FB4FF910000F6D9FF70200CA38F8F2000A9
:204AE0000CA2A6F0B4F0910000F6D9FF74200CA58F8F20000CA4A6F0B4F0009020083B20EF
:204B0000014049A4000A82656D00DC00910000F6D9FF78200CA18F8F20F014A0A60FB4FF3F
:204B2000910000F6D9FF7C200CA38F8F20000CA2A6F0B4F0910000F6D9FF40300CA58F8F07
:204B400020000CA4A6F0B4F00090201082083B4001406D00E90FDA07B4AFDA0CACA23B30FD
:204B600019F0ACA482048205BB0068699B86096082076D00511D3BD02840821582168237FA
:204B80006D00A71482046D0069006D00D800DF021100820491200048D944435E9120005814
:204BA000D9555E5E3BF010506DFF53F482183C523BC0074082056D00DA0082146D00B40FCF
:204BC0003B90054082056D00D2003BE0054091200048D944435C3B0000526D00F6003B902F
:204BE000054082156D00C3003B4001406D009C0F3B1002406D003200DF0211808204912000
:204C00000048D9444A6E91200058D9555E5E3BF011506DFF1EF482183C1D3BD007403BE01A
:204C200000506D00A4003B0004403B700A506D009E003B2004403B900A506D0098003B1070
:204C4000044082256D0093003B30044082056D008E0002823C01009020080248DA006E0A23
:204C60003BD028406D00AB13B0423B0000F2742F3C093BD028406D00A213B0427B0000F29B
:204C8000742F82048F08485149A4000A82266D009E22DA016E0A3BD028406D009013B04227
:204CA0003B0000F2742F3C093BD028406D008713B0427B0000F2742F09A241083C010090A2
:204CC00020080248404C0259DA006E0A3BD028406D007513B0423B0000F2742F3C093BD0AF
:204CE00028406D006C13B0427B0000F2742F82048F08485149A4000A8B1900606D006722B7
:204D0000DA016E0A3BD028406D005913B0423B0000F2742F3C093BD028406D005013B042B8
:204D20007B0000F2742FDA003C0610AF081034C0B01CC21FBF6FFBFF009082098208028080
:204D4000C21837087080DAFF7F0F048082193C0B82046DFF83FF022A82146D00E50EDA24E9
:204D60005FAFEFFF02923C0100900B451088DA006E0A3BD028406D002213B0423B0000F268
:204D8000742F3C093BD028406D001913B0427B0000F2742F8204028502966D000B23DA0102
:204DA0006E0A3BD028406D000A13B0423B0000F2742F3C093BD028406D000113B0427B0016
:204DC00000F2742F00900248404F0259DA006E0A3BD028406D00F312B0423B0000F2742F81
:204DE0003C093BD028406D00EA12B0427B0000F2742F8204028540F402966D001823DA0134
:204E00006E0A3BD028406D00DA12B0423B0000F2742F3C093BD028406D00D112B0427B0017
:204E200000F2742F0090910000F6D9FF5C3009FFC008532F20406DFF44E5402C910000F628
:204E4000D9FF503014FFEE13DA006E093B201E406D00B512B042DA04742F3C093B201E4037
:204E60006D00AD12B0427B4000F0742F82048205910000F6D9FF5C3009FFC008C2FF370FF7
:204E80007060910000F6D9FF543009FFC008C2FF370F70706D00CE0382003C0E532020F01B
:204EA00010CF91000026D9224430092FC008B4FFC21037007000910000F6D9FF5C3009FFCE
:204EC000C0083FF0EDFFDA003C0D910000F6D9FF5C3009F4C00840C46D001408C21F370F68
:204EE00070F0910000F6D9FF543009F0C0083F0FEEFF910000F6D9FF503014FFEE13DA01A5
:204F00006E093B201E406D005A12B042DA04742F3C093B201E406D005212B0427B4000F0A9
:204F2000742F40C46DFF74DF0090201849A4000A6DFF81F4DA01B4AF910000F6D9FF5C3042
:204F400009FFC008ACA1910000F6D9FF543009FFC008ACA2910000F6D9FF4C3014FF8200C3
:204F60003E0682103E0982203E0C3C0CDA062CA6DA082CA73C07DA082CA6DA102CA73C0287
:204F80003C01911000F8D9FFEC15F803911000F8D9FFE684F80449A4000A6DFF10F4009099
:204FA0000B451088026A910000F6D9FF5C3009FFC0080BF8304191200048D9445F6E3B1040
:204FC00020506DFFBFF1910000F6D9FF543009FFC0080BF9304191200048D9445F6E3B20DF
:204FE00020506DFFAFF1910000F6D9FF503014FFEE13DA006E093B201E406D00E011B042E8
:20500000DA04742F3C093B201E406D00D811B0427B4000F0742F0B8910480B8910686D0016
:20502000090302A46D00DA06910000F6D9FF503014FFEE13DA016E093B201E406D00BF1136
:20504000B042DA04742F3C093B201E406D00B711B0427B4000F0742F00902010DF045580F2
:20506000910000F6D9FF5030DA0034FF910000F6D9FF68303B101EF0B4FF910000F6D9FFE2
:2050800060303B401EF0B4FF910000F6D9FF64303B201EF0B4FFDAD3B4AFDAD9ACA23B30B9
:2050A00019F0ACA482248205BB0070689B3639603BE00C706D00B01A3B001E4082158206E7
:2050C00082376D000612910000F6D9FF683094F48215820682376D00FC11910000F6D9FF62
:2050E000643094F48215821682376D00F211910000F6D9FF603094F48215821682376D0070
:20510000E8111D008500910000F6D9FF5030DA0134FF910000F6D9FF68303B001EF0B4FF14
:20512000910000F6D9FF60303B401EF0B4FF910000F6D9FF64303B201EF0B4FF3B001E409C
:205140008215820682376D00C411910000F6D9FF603094F48215820682376D00BA1191001D
:2051600000F6D9FF643094F48215821682376D00B0113B301E408215820682376D00A91167
:205180003B501E408215820682376D00A2113B101E408215821682376D009B113B90164063
:2051A0008215821682376D0094113BA016408215821682376D008D113BB016408215821661
:2051C00082376D0086113BC016408215821682376D007F113B001A408215821682376D00F2
:2051E00078113B101A408215821682376D0071113B201A408215821682376D006A113B30BA
:205200001A408215821682376D006311910000F6D9FF483014F46D00DC01910000F6D9FFE3
:20522000583009F4C008910000F6D9FF443009F5C0086D00C301DA016E14910000F6D9FF9B
:20524000603094F46D00BB10B0428210910000F6D9FF603094FF161F0FF0100074203C14D0
:20526000910000F6D9FF603094F46D00A810B0427B100000910000F6D9FF603094FF161F5E
:205280000FF010007420DA006E14910000F6D9FF683094F46D009310B0428210910000F675
:2052A000D9FF683094FF161F0FF0100074203C14910000F6D9FF683094F46D008010B04255
:2052C0007B100000910000F6D9FF683094FF161F0FF01000742082546D00260CDA016E140F
:2052E000910000F6D9FF683094F46D006810B0428210910000F6D9FF683094FF161F0FF008
:20530000100074203C14910000F6D9FF683094F46D005510B0427B100000910000F6D9FF6C
:20532000683094FF161F0FF0100074203B8007406D00FA0B910000F6D9FF503014FFEE1303
:20534000DA006E093B201E406D003910B042DA04742F3C093B201E406D003110B0427B40C1
:2053600000F0742F3B1001406D00D4063B8007406D00DA0B3B6003406D00CC06910000F6CF
:20538000D9FF483014FF82003E0882103E0A82203E0D8230BE003C1482046D0051063C10C5
:2053A0003B000C406D004C063C0B3B0007406D0047063C063B000A406D0042063C013BA090
:2053C00003406D00A70682546D003A063B200B406D00A0063BC000406D0032063BC0004019
:2053E0006D002E0682046D002B063B3003406D0027063B3003406D0023063B700B406D00F9
:2054000089063B5003406D001B063BB00B406D0081063B9002406D0013063B200C406D00D0
:20542000790682146D000C063B300C406D0072063B9001406D0004063B400C406D006A0615
:205440003B0002406D00FC053B500C406D0062063BA001406D00F4053B600C406D005A067F
:205460003BF001406D00EC053B000D406D0052063B400A406D00E4053B100A406D00E00513
:205480003B000E406D0046063B000D406D00D8053B8000406D00D4053BE000406D00D0051A
:2054A0003B9000406D00CC053B9000406D00C80582546D00C5053B1003406D00C1053B3025
:2054C00003406D00BD053B8004406D00B9053B7001406D00B5053B4001406D00B1053B50B3
:2054E00001406D00AD053B1003406D00A9053B4003406D00A5053B100E406D000B063B007C
:205500000D406D009D053B8000406D0099053BE000406D0095053B9000406D0091053B90EE
:2055200000406D008D053B5001406D0089053B1003406D0085053B3003406D0081053B8084
:2055400004406D007D053B7001406D0079053B4001406D0075053B5001406D0071053B10A4
:2055600003406D006D053B4003406D0069053B1002406D00CF053B9002406D00CB059100C7
:2055800000F6D9FF503014FFEE13DA016E093B201E406D00140FB042DA04742F3C093B20FB
:2055A0001E406D000C0FB0427B4000F0742F6DFF3CFC6DFFBCFC0090910000F6D9FF583086
:2055C000B4F4910000F6D9FF4430B4F50090910000F6D9FF483034F4DA003E48DA013E4659
:2055E000DA02BE42DA03BE403C1D910000F6D9FF5C30DAF0B4FF910000F6D9FF54303B0015
:2056000014F0B4FF3C0F910000F6D9FF5C303B0014F0B4FF910000F6D9FF5430DAF0B4FF4B
:205620003C010090910000F6D9FF4C3034F40090024F0B561088027A910000F6D9FF5C3059
:2056400009F0C0080B0F304191200048D9445F6E3BA014506DFF76EE910000F6D9FF543029
:2056600009F0C0080B08304191200048D9445F6E3BB014506DFF66EE910000F6D9FF5C3008
:2056800009F0C0080B09304191200048D9445F6E3BC014506DFF56EE910000F6D9FF5430EF
:2056A00009F0C0080B0A304191200048D9445F6E3BD014506DFF46EE3BA002406D002A05F8
:2056C00002F46D008B0302946D0088033BB002406D00200502846D00810302A46D007E0381
:2056E0003BC002406D001605009049AA00CA0B451088026A910000F6D9FF5C3009F0C00898
:205700000B08304191200048D9445F6E3BE025506DFF18EE910000F6D9FF543009F0C0087C
:205720000B09304191200048D9445F6E3BF025506DFF08EE910000F6D9FF503014FFEE130C
:20574000DA006E093B201E406D00390EB042824074203C093B201E406D00310EB0427B40EC
:2057600000F0742F910000F6D9FF4C3014F0DA003E09DA015F0F4C00DA025F0FC2001D00D8
:20578000C1009A58370F70609A79370F70700B8910486DFF4FFF82003C318B0A1EF0536F0D
:2057A00020F0912000F8D9FFFF3B10FF01F000F614F182023C206F011000DA0603F20AF0F4
:2057C000532F20F010AF91000026D9225830092FC008B4FF3C0EDA0603F20AF0532F20F0E0
:2057E00010AF91000026D9224430092FC008B4FF86F1C212BF82E1FFC210BF60D0FF49A4F8
:20580000000A3B0003406D007D033C7B9A78370F70608BF900F0370F70700B8910486DFF42
:2058200009FF82033C648B0A1E00530021F0912000F8D9FFE7CB10FF01F300F614F08B0A5F
:205840001E10530121F0912000F8D9FFE7CB10FF01F300F6088482013C206F001000DA08BD
:2058600003F10A23532220F010AF91000026D92258300922C008B4F23C0EDA0803F10A23A3
:20588000532220F010AF91000026D92244300922C008B4F286F0C211BF81E1FF82003C24BA
:2058A0006F041200DA0803F00A138B0104F0532F20F010AF91000026D9225830092FC00866
:2058C000B4FF3C10DA0803F00AF38B0F04F0532F20F010AF91000026D9224430092FC008F2
:2058E000B4FF86F4C210BF80DDFFC213BF839DFF49A4000A3B0008406D0004033C023C0172
:20590000910000F6D9FF503014FFEE13DA016E093B201E406D00530DB042DA04742F3C0904
:205920003B201E406D004B0DB0427B4000F0742F009020180B4510880B6710A809AC5808BA
:20594000910000F6D9FF5C3009F0C0080B08304191200048D9445F6E3BA032506DFFF2EC8D
:20596000910000F6D9FF543009F0C0080B09304191200048D9445F6E3BB032506DFFE2EC74
:2059800082000BB0304191200048D9445F6E3BC032506DFFD7ECDA080BBF50419120004894
:2059A000D9445F6E3BD032506DFFCCECDA000BCF304191200048D9445F6E3BE032506DFF3B
:2059C000C1ECDA060BCF504191200048D9445F6E3BF032506DFFB6EC7B00F8D349A4000AF4
:2059E00082043B1001506DFF21E049A4000A3B0002401ACB92256DFF19E03C067B0012F4E0
:205A00004BFD41D0C2FBFF1BFBFF4B0A31F14B0D31014B0F01024B0041F16BDF714A49A48F
:205A2000000A02C56DFF82F149A4000A0B8910486D001E0100900B451088404C0B6710A819
:205A400009ACC00809ADC40809AE4808910000F6D9FF5C3009F0C0080B0830419120004817
:205A6000D9445F6E3B2039506DFF6CEC910000F6D9FF543009FFC0080BF930419120004873
:205A8000D9445F6E3B3039506DFF5CECA00F01CF104491200048D9445F6E3B4039506DFF4E
:205AA00051EC532C20406DFF0CDF402D910000F6D9FF503014FFEE13DA006E093B201E4009
:205AC0006D007D0CB042DA04742F3C093B201E406D00750CB0427B4000F0742F1AC8C2FF8E
:205AE000370F70601AD9C2FF370F70700B8910486DFFA0FD82083C3C73B80AF04BDF11025D
:205B000073A00AF010CF82023C2C73A20AF04BCF110201F000261420DF0E15808FD03FF016
:205B2000161F8FBF20108FE03FF0163F865FA6F186D08FF001F1A6F1532220F010D2B421A9
:205B40003C0F7FE00880532220F010D2DA00B42F3C07532220F010D2BBF0FFFFB42FC212E5
:205B60003FC2D5FF40D402C46D00CC01C2183FD8C5FF910000F6D9FF503014FFEE13DA01B9
:205B80006E093B201E406D001A0CB042DA04742F3C093B201E406D00120CB0427B4000F0A9
:205BA000742F40D46DFF34D9009020100B4510A80269027C910000F6D9FF5C3009F0C00858
:205BC0000B0A304191200048D9445F6E3B902D506DFFB8EB910000F6D9FF543009F0C00861
:205BE0000B0B304191200048D9445F6E3BA02D506DFFA8EB82000BC0304191200048D94410
:205C00005F6E3BB02D506DFF9DEBDA0A0BCF504191200048D9445F6E3BC02D506DFF92EBC8
:205C2000DA0149A4000A82043BC000506DFFFEDE49A4000A3B0002408B1C00506DFFF6DECE
:205C4000FFAC0A803C0453AF20F0C2FCFF1CFDFF4BF9018249A4000A02946DFF03F149A447
:205C6000000A0BAB10486D00030000900B451088404C910000F6D9FF5C3009FFC0080BF8DA
:205C8000304191200048D9445F6E3BB02B506DFF59EB910000F6D9FF543009FFC0080BF9E3
:205CA000304191200048D9445F6E3BC02B506DFF49EB820A3C2C910000F6D9FF4C3014F0A7
:205CC000DA003E07DA01BE0282215F011D003C1C8260030A0AF8370F704001CA00F609F6EB
:205CE000000802956DFF03FD3C0FDA0803FA0AF8370F704001CA00F609F6000802956DFFAC
:205D0000F6FC3C023C01C21A370A70A001CA00F609FF0008EED1009020100B4510A8026926
:205D2000027C910000F6D9FF5C3009FFC0080BFA304191200048D9445F6E3B0030506DFFAA
:205D400001EB910000F6D9FF543009FFC0080BFB304191200048D9445F6E3B1030506DFF13
:205D6000F1EADA000BCF304191200048D9445F6E3B2030506DFFE6EADA0A0BCF5041912029
:205D80000048D9445F6E3B3030506DFFDBEADA0149A4000A82043BC000506DFF47DE49A494
:205DA000000A3B00024002C56DFF40DEFFAC0A803C0453AF20F0C2FCFF1CFDFF4BF91182D8
:205DC00049A4000A02946DFF89F049A4000A0BAB10486DFF4DFF00900248910000F6D9FF5B
:205DE000503014FFEE07822402856D003E1A1D008800DA006E093B201E406D00E00AB04231
:205E0000824074203C093B201E406D00D80AB0427B4000007420DA016E093B301E406D0016
:205E2000CE0AB042DA08742F3C093B301E406D00C60AB0427B8000007420DA006E093B506B
:205E40001E406D00BC0AB042DA20742F3C093B501E406D00B40AB0427B0002F0742F8F88B0
:205E60003F406D000A02DA016E093B501E406D00A60AB042DA20742F3C093B501E406D00A8
:205E80009E0AB0427B0002F0742FDA006E093B501E406D00940AB042DA20742F3C093B50B4
:205EA0001E406D008C0AB0427B0002F0742F8FF80F416D00E201DA016E093B501E406D00B0
:205EC0007E0AB042DA20742F3C093B501E406D00760AB0427B0002F0742FDA016E093B20E1
:205EE0001E406D006C0AB042DA04742F3C093B201E406D00640AB0427B4000F0742F009045
:205F0000404F024891000026D9225030142FEE08822440F402856D00E1191D009000DA00EE
:205F20006E093B201E406D004A0AB042DA04742F3C093B201E406D00420AB0427B4000F0A9
:205F4000742FDA016E093B301E406D00380AB042DA08742F3C093B301E406D00300AB042B6
:205F60007B8000F0742F3C55DA006E093B501E406D00250AB042DA20742F3C093B501E406F
:205F80006D001D0AB0427B0002F0742F09F4C00886846D007201DA016E093B501E406D0014
:205FA0000E0AB042DA20742F3C093B501E406D00060AB0427B0002F0742FDA006E093B50B1
:205FC0001E406D00FC09B042DA20742F3C093B501E406D00F409B0427B0002F0742F09FFC0
:205FE000C0088FFF0F416D004801DA016E093B501E406D00E409B042DA20742F3C093B5051
:206000001E406D00DC09B0427B0002F0742FB02F028FC2F8EEAADA016E093B201E406D0094
:20602000CE09B042DA04742F3C093B201E406D00C609B0427B4000F0742F00900248910031
:2060400000F6D9FF503014FFEE06822402856D008D193C5EDA006E093B201E406D00AF09E2
:20606000B042DA04742F3C093B201E406D00A709B0427B4000F0742FDA016E093B301E4037
:206080006D009D09B042DA08742F3C093B301E406D009509B0427B8000F0742FDA006E098C
:2060A0003B501E406D008B09B042DA20742F3C093B501E406D008309B0427B0002F0742F3E
:2060C00002846D00DA00DA016E093B501E406D007609B042DA20742F3C093B501E406D00A2
:2060E0006E09B0427B0002F0742FDA016E093B201E406D006409B042DA04742F3C093B202F
:206100001E406D005C09B0427B4000F0742F00900248910000F6D9FF503014FFEE2BDA0050
:206120006E093B001E406D004A09B042DA01742F3C093B001E406D004209B0427B1000F01C
:20614000742F822402856D001119DA016E093B001E406D003409B042DA01742F3C093B0053
:206160001E406D002C09B0427B1000F0742F1D008300DA006E093B201E406D002009B042DD
:20618000DA04742F3C093B201E406D001809B0427B4000F0742FDA006E093B101E406D004B
:2061A0000E09B042DA02742F3C093B101E406D000609B0427B2000F0742FDA016E093B3010
:2061C0001E406D00FC08B042DA08742F3C093B301E406D00F408B0427B8000F0742FDA00A8
:2061E0006E093B501E406D00EA08B042DA20742F3C093B501E406D00E208B0427B0002F06D
:20620000742F02846D003900DA016E093B501E406D00D508B042DA20742F3C093B501E406D
:206220006D00CD08B0427B0002F0742FDA016E093B201E406D00C308B042DA04742F3C091F
:206240003B201E406D00BB08B0427B4000F0742FDA016E093B101E406D00B108B042DA0226
:20626000742F3C093B101E406D00A908B0427B2000F0742F0090912000F8D9FFF06AC862BA
:206280008F9420F0912000F8D9FFF06AC86F54F0B7008404A60F742F912000F8D9FFF06A03
:2062A000C88286C4912000F8D9FFF06AC88F54FFB70F04F0A6F4742400900248DA000B8F8B
:2062C000304191200048D944497E3BD008506DFF39E882093C17532920F0912000F8D9FF95
:2062E000AC3B10FF94F48205821682176D00F108910000F6D9FF101401F900F6DA0034FF82
:20630000C219BF49EAFF910000F6D9FF6C3074F80090911000FF8250530022F010F253008E
:2063200022F010FF39FF1F029604E92F1F02911000FFDA05534F20F010FF39FFC081370F11
:2063400061F18B0F20F23C016E1F910000F6D9FF7030DA0034FF82546D000704911000FF7B
:206360008250534020F010F2534020F010FF39FFC2819604E92FC281910000F6D9FF1414FD
:20638000DA0134FF3C2D910000F6D9FF181491000026D9221814142FC21F34FF910000F63F
:2063A000D9FF181414FF911000F6D9FFBC1914F03F0F1780910000F6D9FF1814DA0034FF01
:2063C000910000F6D9FF5840DA0034FF910000F6D9FF7030DA0134FF82546D00C603009010
:2063E0002008404C8208DA007801910000F6D9FF445009FFC0083B0023003E023C03DA0989
:206400003C03DA083C0192F93C57910000F6D9FF445009F0C0083B0023107F10098053492A
:2064200020F010CF94F0DA097E023C45DAA534AFDAF12CA1534920F010CF94FF370F70F047
:206440008F8F3F0089A002082CA3821449A4000A82456D00D51B820A91000046D9440C049C
:206460006DFF45EBBF321980DA03780191000046D9440C0449A5000A49A6040A82046DFFB5
:206480006DEA534920F010CF0CA18F8F20000CA2A6F0A8103C0B82146D00460302A0C21A22
:2064A000370A70A0DA803FF0D9FFDA807FAF048082183C04C2F9FF19AAFF02823C01009077
:2064C000200882098208DA007801DAA534AFDAF12CA1DAF28F8F3F0089A002082CA3821471
:2064E00049A4000A82456D008B1B91000046D9440C046DFFFCEABF321580DA037801910008
:206500000046D9440C0449A5000A49A6040A82046DFF24EA0CA18F8F20800CA2A6F83C0B15
:2065200082146D0001030290C21937097090DA803FF0DDFF02823C0100902018DA003B8024
:206540000C406D00F102911000F6D9FF8029821034F0823491100048D944AA16911000584C
:20656000D95512C6A0066D00F80149A4000A82043B0032503B3004603B2004706D00330E83
:2065800049A4000A91000056D9555C406DFF7EEDDF027300911000F6D9FF8029820034F06A
:2065A000823491100048D944AA1691100058D95512C691100068D966B8066D00CE016DFFB2
:2065C000DFEC82143B005852824682276D009017821482156D00A41991000046D9440C0495
:2065E0006DFF49E9910000F6D9FF44506DFF6AFFB4F291000046D9445C406D005300DF025E
:206600001B00820491200048D944707E91200058D9554A8E3BE01E506DFF1BE782148205B2
:206620006D007E198204A004A005A0066D009501DA013C3491000046D94474306DFFD2FEBF
:20664000DF021B00820491200048D944758E91200058D9554A8E3BB01F506DFFFAE6821454
:2066600082056D005D198204A004A005A0066D007401DA013C1382046DFFC87B4924240A5F
:20668000911000F6D9FFBC1991000056D9551C143B0082456DFF82EC34F202F23C010090AE
:2066A0002008404C82198208DA007801910000F6D9FF445009FFC0083B0023003E023C040D
:2066C0003B9000A03C043B8000A03C013C1DDAA534AF534A20F010CF94FF2CA1534A20F023
:2066E00010CF881F370F70008F803FF02CA289A00308821449A4000A82456D00811A82241C
:206700006D001202C2FADAFF3FFAE3FF91000046D9440C046DFFEBE9BF321980DA03780124
:2067200091000046D9440C0449A5000A49A6040A82046DFF13E90CA13BF00F003E050CA29A
:206740003BF00F007E0382093C0B82146D00EC010280C21837087080DA803FF0D9FF02923C
:206760003C01009020080249820B911000F6D9FF802914FFEE5B823491100048D944AA165C
:2067800091100058D95512C691100068D966B8066D00E300820ADA007801DAA534AFDAF099
:2067A0002CA102988F893FF02CA289A90308821449A4000A82456D00231A91000046D9442E
:2067C0000C046DFF94E9BF321580DA03780191000046D9440C0449A5000A49A6040A820465
:2067E0006DFFBCE80CA18F8F20800CA2A6F83C0B82146D00990102A0C21A370A70A0DA80C5
:206800003FF0DDFF5F980580DA803FFA0380821B823491100048D944AA1691100058D9559B
:2068200012C6A0066D0099003C0502946DFFDCF0022B02B23C0100902008DA0034AF82149C
:2068400049A4000A6D00591814A0DAA57E0791000046D9440C046DFF0EE891000046D94451
:206860000C0414A46DFF1FEA009082346DFF318E910000F6D9FF1814DA0034FF910000F64B
:20688000D9FF141414FF6E2E910000F6D9FF1414DA0034FF911000FF8250534020F010F29E
:2068A000534020F010FF39FFC0819601E92FC08182046DFFAB7A4924240A911000F6D9FF9C
:2068C000BC19825491000056D9551C14827582063B0082756D00650134F282546D00530187
:2068E0003C34911000F6D9FFBC1914FFDF1F2B80910000F6D9FF1C1480FFB70F1CF07B00CD
:20690000000DFE034DC0E1FF16073C01910000F6D9FF1C1480F0B7000C0AB770030E7B00A3
:206920000011E21FA2F03C06910000F6D9FF1C1480F0911000FFDA05530F22F010FF59F027
:206940000C0282546D001F01910000F6D9FF5840DA0134FF0090910000F6D9FF4C5034F40E
:206960007C6691100068D966A4663C01910000F6D9FF5050F4F67C4691100048D944A466EB
:206980003C01910000F6D9FF5450F4F47C5691100058D955A4663C01910000F6D9FF485098
:2069A000F4F5009000900D00000282046DFFE4EA9100004F82046DFFC590910000F6D9FF79
:2069C0006050DA0034FF0D00400200800D00000282046DFFD1EAC5F4004082046DFFB29042
:2069E000910000F6D9FF6450DA0034FF0D004002008002484DC0E1FF16073C01370F484049
:206A00004DC0E20F3700E1078B0020F23C013C01EE0D6DFFB590092010093C013C014C246A
:206A20003C01A20F3F8FFDFF3C3A82FF5F4F3700DA003E44DA01BE4A3C32910000F6D9FFB6
:206A40006050DA0134FF6DFF87EA85FF100042F8A5F8300002246DFF8FEA3C01910000F631
:206A6000D9FF605014FFEEFB3C1A910000F6D9FF6450DA0134FF6DFF6FEA85FF1040428FB1
:206A8000A5FF304002246DFF77EA3C01910000F6D9FF645014FFEEFB3C023C010090201068
:206AA0004DC0E2FF370FE1F78B0F20823C010D00400300003C013C01820034A0DA002CA289
:206AC000DA1F2CA3DA002CA1DA017801DADCACA4DA002CAA9100004F49A5000A6DFF7B90EE
:206AE0009100004F82046DFF2D90DA0034AFDA002CA2DA1F2CA3DA002CA1DA017801DADD28
:206B0000ACA4DA012CAAC5F4004049A5000A6DFF6290C5F4004082046DFF149076830D0090
:206B200000030090024FBB00C4097FF017803C0A3B0080429BB4E64E6DFF5DFFBB00C409CD
:206B4000A20FBB00C4093FF0F5FF3B50C3400654E2F46DFF50FF3C073B50C3400654E2F45F
:206B60006DFF49FF0090911000FF534420F010F2534420F010FF39FFC2819602E92FC28164
:206B80000090911000FF534420F010F2534420F010FF39FFC2819601E92FC28100902050F9
:206BA0000248404C405D0279025402656D008E0149A40C0A9110005F6DFF4F7649A4100AF3
:206BC00049A50C0A6DFFB07649A4140A49A5100A6DFF9076DA084BF911028B0100429120E2
:206BE0000048D9444F9E3B8005506DFFABE3821C4BC911A23B0000047FA01D803C1A4BC96F
:206C00001102020A3B0000F43FAF06804BC91102F6123C10C21C370C68C0BFBC0B80820462
:206C200091200048D9444F9E3B9006506DFF8AE33CE7DF1C0C80DA0089AF3E08DA0089AF43
:206C40003208DA0089AF22093C30DA0C89AF3E08DA0189AF3208910000F7D9FF000049FFF8
:206C6000200A80FFB70F1C007B0000FDFE054DC0E1FF16073C01910000F7D9FF000049FF1F
:206C8000200A80F0B7000C0AB770030E7B000011E21FA2F03C08910000F7D9FF000049FF4A
:206CA000200A80F089A02209DA0089AF3108DA0089AF3308DA0289AF360880CFB70F1C00CB
:206CC0007B0000FD7E0F4DC0E1FF16073C0180C0B7000C0AB770030E7B000011E21FA2F004
:206CE0003C0280C089A01A09DA0089AF3A08DA0189AF3F08DA0089AF3B0889A81808DA009C
:206D000089AF3708DA0189AF0418DA3C89AF8818DA0089AF0A1880DFB70F1C007B0000FDF2
:206D20007E0F4DC0E1FF16073C0180D0B7000C0AB770030E7B000011E21FA2F03C0280D07D
:206D400089A01E0989AAAE0849A4000A49A5140A6DFF8575BF2C8F8082081D008A00738A69
:206D60000AF010DF80F0B7001C007B0000FDFE034DC0E1FF8F7F00013C01738A0AF010DF4F
:206D800080FFB70F0CFAB77F03FE7B000011E210A20F3C05738A0AF010DF80FF89AF1E093D
:206DA0009AFC5F8F2680910000F7D9FF000080FFB70F1C007B0000FDFE034DC0E1FF160765
:206DC0003C01910000F7D9FF000080F0B7000C0AB770030E7B000011E21FA2F03C069100AF
:206DE00000F7D9FF000080F089A022093C319A18530F22F0910000F7D9FF000010FF80FF7F
:206E0000B70F1C007B0000FDFE084DC0E1FF8F7F00013C019A18530F22F0910000F7D9FF53
:206E2000000010FF80FFB70F0CFAB77F03FE7B000011E210A20F3C0A9A18530F22F0910095
:206E400000F7D9FF000010FF80FF89AF220989AAAE08530822F0910000F7D9FF000010F4B8
:206E600049A5140A6DFF5D75C218370868803FC878FF910000F7D9FF000049FF005AD4F281
:206E800009FF0408BC21534F20F060FF9140003F30F3D93F40483C013C01B03F14FF960209
:206EA00034FF02C23C010090DA003C0C534F2000600F9140003F30F3D93FD438820074F07E
:206EC000C21FBF4FF57F009020080B4510A84DC0E20F3700E1078B0020E23C010D00400358
:206EE00000003C013C0102A46D008700402F3B000150C82408C46DFFA477084409F55008A2
:206F00006DFF1D8C084F74AFDA034BFA01C2DA034BFA0182DA003EB6DA013EBBDA02BEB06C
:206F20003C1654A46DFF098B54A46DFFAA8B3C1854A46DFF568B54A46DFF298B3C1154A478
:206F40006DFF4F8B54A46DFF9C8B3C0A820491200048D944769E3B500A506DFFF3E154A44D
:206F60006DFFB78B54A402C56DFFBD8A8216028454A56DFF0E8C02846DFF5B8B82150284DF
:206F80006DFF418CDA044BF80102534120F060FF9140003F30F3D93FD438DA034BFA010215
:206FA000DA044BF00102DA003E18DA013E19DA023E1ADA033E1B3C0D8200DA283C0A820054
:206FC000DA293C078230DA053C048200DA2B3C0114F137F108F034FF081F370F82F12CF181
:206FE000083F96022CF3081F96042CF102EF6E030D0000030090DA015F4F2D00DA045F4F71
:207000002F00DA065F4F3100DA075F4F3300DA085F4F3500DA095F4F3700DA0A5F4F390068
:20702000DA0B5F4F3B00DA0C5F4F3D00DA0D5F4F3F00DA0F5F4F4100DA125F4F4300DA133B
:207040005F4F4500DA155F4F4700DA165F4F49003C4C91200028D9226C2B3C519120002819
:20706000D922403B3C4C91200028D9225C6B3C4791200028D922504B3C4291200028D92233
:20708000605B3C3D91200028D922486B3C3891200028D922745B3C3391200028D922644B2C
:2070A0003C2E91200028D9227C3B3C2991200028D922706B3C2491200028D9224C5B3C1F91
:2070C00091200028D922683B3C1A91200028D922447B3C1591200028D922784B3C1091206B
:2070E0000028D922543B3C0B820491200048D944769E3B5004506DFF25E1A0023C01009027
:20710000025F8BCF604291200048D9445EAE3BA003506DFF17E1538F20F0912000F8D9FFEB
:20712000E0F910FF54F082013C02C2113B0040F07FF10880DA0803F10AF060FF54FF6EF646
:207140003B0040F07E1382023C0282123C01009002588BC8604291200048D9445EAE3BF074
:2071600004506DFFEFE0820A538820F0912000F8D9FFE0F910FF54F86DFF838C0229029418
:207180006DFF938B9110F0FAD9FF909A9110F02AD922989A9110F04AD944A8AA9110F05ABB
:2071A000D955A8AA74F882107420DA80744FDA50745F0D00800402946DFF968C8210F6ACBA
:2071C0003C01910080FF19FF100282110F011010261FEEF83C023C040D0080043C0191105D
:2071E00000F6D9FF8429DA0134FF00900258404F02698BC8604291200048D9445EAE3BD000
:2072000006506DFF9FE03B0040F00B9F404191200048D9445EAE3BE006506DFF93E08200A3
:207220003C0FDA083B0000127B00F02A03180A1203F00AF160F2542F74FFB04FC2103F9032
:20724000F2FF00900B451088404C026A8BC9604291200048D9445EAE3B2008506DFF72E044
:207260003B0040F00BAF404191200048D9445EAE3B3008506DFF66E0538920F0912000F83C
:20728000D9FFE0F910FF54FB6DFFFB8B022C911000F6D9FF842914FFEE0A0B8910486DFF40
:2072A00031FF76250B8910486DFF54FF82083C7DDA0803F80A9B9100F0FAD9FF5455B709D7
:2072C00018007B0000FA7E05DA5074FFDA003C0EB70918007B00F0FA7E05DA5D74FFDA0099
:2072E0003C050D008004DA013C018B0F004291200048D9445EAE3B4009506DFF23E0DA0089
:207300008210EE0C3C01910080FF19FF100282110F011010261FEEF83C023C040D0080046D
:207320003C0154CFB04C820176919100F0FAD9FF70758200820302F2A620A63189F04009D5
:207340000D00800402C46DFFB08A9110F0FAD9FF909A9110F02AD922989A9110F04AD944C3
:20736000A8AA9110F05AD955A8AA74F9DA00742FDAA0744FDAAA745F0D00800402C46DFF0F
:20738000B38BDA008210EE0C3C01910080FF19FF100282110F011010261FEEF83C023C0466
:2073A0000D0080043C01C2183FA884FF911000F6D9FF8429DA0034FF0090BB00FEFF26F430
:2073C000DA005F4F3200DA405F4F34003B0014F05F4F35003B0016F05F4F36003B001AF06B
:2073E0005F4F37003B001CF05F4F38003B001EF05F4F39003B0028F05F4F3A003B002AF0BB
:207400005F4F3B003B002CF05F4F3C003B002EF05F4F3D003B0040F05F4F3E003B0042F03A
:207420005F4F3F003C429140002FD922000A3C3E9140002FD922008A3C399140002FD9226D
:20744000000B3C349140002FD922004B3C2F9140002FD92200CB3C2A9140002FD922400B8E
:207460003C259140002FD922404B3C209140002FD922000C3C1B9140002FD922004C3C16D2
:207480009140002FD922008C3C119140002FD92200CC3C0C9140002FD922008D3C0791406D
:2074A000002FD92200CD3C023C013C010090024F02F46DFF84FF161F09202409570061FF15
:2074C0006E0382123C0282023C013C0100900B451088026AF69DDA003E74DA023E743C0599
:2074E000DA003C05DA083C03DA103C013C08DA043E723C03DAC03C03DA803C0102846DFFB6
:207500005EFF8FF80141402402F56DFF9A7402846DFF55FF8FF80141820540246DFFC374D3
:20752000DF19198076AC02846DFF49FF8FF801F182100FF01000892004093C0C02846DFF54
:207540003EFF8FF801F17B1000000FF01000892004090090024F765B02F46DFF30FF161FAD
:2075600082100FF01000892004093C0B02F46DFF26FF161F7B1000000FF010008920040961
:207580000090912000F8D9FFC8E9D4F46DFFB968912000F8D9FFC8E9C8246DFFB2680090A0
:2075A00020880249025A4DC0E2FF370FE1F78B0F20B23C010D00400300003C013C01DA0221
:2075C0004BF901426DFFC868402F49A4240A40F56DFFEE6B6DFF728402246DFFE4B80B2346
:2075E00010C882083C1C820702A60BCD10486DFF25450B231048BB0024649BF60060820757
:207600006DFF6C45BBF0FFFF7FF203803C0B8FFD1F1077CD800F0B0110C8C218DA103FF8FC
:20762000E4FFDA103FF80280DA003E98DA013E9DDA02BE92DA03BE973C1DDA0089AF241859
:20764000DA2189AFA2183C16DA0089AF2A18DA1F89AFA8183C0FDA0089AF2418DA2089AFDB
:20766000A2183C08DA0089AF2A18DA1E89AFA8183C01DA024BF90102DF011780DA0089AFDF
:207680000018DA0789AF2018DA0189AF211889A228090BCD10486DFFB4B889A22409DA009F
:2076A00089AF0C183C15DA0189AF0018DA0989AF2618DA0289AF271889A230090BCD1048B2
:2076C0006DFF9FB889A22C09DA0089AF1418DA0089AF9A18DA0089AF9C18DA0089AF012884
:2076E00049A4000A49A5240A6DFF9D6902BF6E030D0000034D00D0FF16015E19DA018210AC
:207700003700010E37F0040C89F0283949A4000A6DFF686B0090DAAB3F4F0D00DA003FF41F
:207720000A005AF4912000F8D9FF687B90FFD4FFDC0F1D00F20391200028D922242A1D00EF
:20774000F60391200028D922001A1D00F00391200028D922102A1D00EA0391200028D92246
:207760003C1A1D00E40391200028D922281A1D00DE0391200028D922141A1D00D8039120F0
:207780000028D9220C3A1D00D20391200028D922203A1D00CC0391200028D922343A1D0015
:2077A000C60391200028D922382A1D00C00391200028D922045A1D00BA0391200028D9220A
:2077C000304A1D00B40391200028D9221C4A1D00AE0391200028D922084A1D00A8039120B4
:2077E0000028D922006A1D00A20391200028D922146A1D009C0391200028D922185A1D00C9
:20780000960391200028D9222C5A1D00900391200028D922107A1D008A0391200028D922E9
:207820003C6A1D00840391200028D922286A1D007E0391200028D9220C8A1D007803912047
:207840000028D922208A1D00720391200028D922247A1D006C0391200028D922387A1D0028
:20786000660391200028D9221C9A1D00600391200028D922089A1D005A0391200028D922D1
:20788000348A1D00540391200028D922309A1D004E0391200028D92204AA1D00480391200F
:2078A0000028D92214BA1D00420391200028D92200BA1D003C0391200028D9222CAA1D00C4
:2078C000360391200028D92218AA1D00300391200028D92228BA1D002A0391200028D922B5
:2078E00024CA1D00240391200028D92210CA1D001E0391200028D9223CBA1D0018039120B7
:207900000028D92238CA1D00120391200028D92234DA1D000C0391200028D92220DA1D0017
:20792000060391200028D9220CDA1D00000391200028D92208EA1D00FA0291200028D922B1
:2079400030EA1D00F40291200028D9221CEA1D00EE0291200028D922501A1D00E80291201D
:207960000028D92204FA1D00E20291200028D9227C0A1D00DC0291200028D922540A1D0041
:20798000D60291200028D922680A1D00D00291200028D922400A1D00CA0291200028D922FF
:2079A0002CFA1D00C40291200028D92218FA1D00BE0291200028D922781A1D00B80291200D
:2079C0000028D9224C2A1D00B20291200028D922602A1D00AC0291200028D922641A1D00A5
:2079E000A60291200028D9226C4A1D00A00291200028D922444A1D009A0291200028D922A7
:207A0000584A1D00940291200028D922703A1D008E0291200028D9225C3A1D008802912024
:207A20000028D922483A1D00820291200028D922742A1D007C0291200028D922685A1D0040
:207A4000760291200028D9227C5A1D00700291200028D922405A1D006A0291200028D922AA
:207A6000545A1D00640291200028D9224C7A1D005E0291200028D922786A1D0058029120E0
:207A80000028D922646A1D00520291200028D922506A1D004C0291200028D922488A1D00C8
:207AA000460291200028D9225C8A1D00400291200028D922607A1D003A0291200028D9228A
:207AC000747A1D00340291200028D922589A1D002E0291200028D922449A1D0028029120A8
:207AE0000028D922708A1D00220291200028D9226C9A1D001C0291200028D92240AA1D0038
:207B0000160291200028D92250BA1D00100291200028D9227CAA1D000A0291200028D92249
:207B200068AA1D00040291200028D92254AA1D00FE0191200028D92264BA1D00F801912069
:207B40000028D92260CA1D00F20191200028D92248DA1D00EC0191200028D92274CA1D0099
:207B6000E60191200028D9224CCA1D00E00191200028D92278BA1D00DA0191200028D92264
:207B80005CDA1D00D40191200028D9226CEA1D00CE0191200028D92240FA1D00C801912002
:207BA0000028D92244EA1D00C20191200028D92258EA1D00BC0191200028D92270DA1D0069
:207BC000B60191200028D92254FA1D00B00191200028D922900A1D00AA0191200028D922F4
:207BE0007CFA1D00A40191200028D92268FA1D009E0191200028D922A40A1D009801912072
:207C00000028D922B41A1D00920191200028D922A01A1D008C0191200028D922B80A1D00D8
:207C2000860191200028D9228C1A1D00800191200028D922B02A1D007A0191200028D9228B
:207C40009C2A1D00740191200028D922882A1D006E0191200028D922AC3A1D0068019120C9
:207C60000028D922983A1D00620191200028D922843A1D005C0191200028D922804A1D00C8
:207C8000560191200028D922BC4A1D00500191200028D922A84A1D004A0191200028D92243
:207CA000944A1D00440191200028D9228C6A1D003E0191200028D922B85A1D003801912071
:207CC0000028D922905A1D00320191200028D922A45A1D002C0191200028D922B07A1D0010
:207CE000260191200028D9229C7A1D00200191200028D922887A1D001A0191200028D92253
:207D0000B46A1D00140191200028D922A06A1D000E0191200028D922848A1D000801912050
:207D20000028D922A89A1D00020191200028D922949A1D00FC0091200028D922AC8A1D007C
:207D4000F60091200028D922809A1D00F00091200028D922988A1D00EA0091200028D92261
:207D6000BC9A1D00E40091200028D922A0BA1D00DE0091200028D9228CBA1D00D8009120C3
:207D80000028D92290AA1D00D20091200028D922A4AA1D00CC0091200028D922B8AA1D0039
:207DA000C60091200028D922B4BA1D00C00091200028D922ACDA1D00BA0091200028D922D9
:207DC00098DA1D00B40091200028D922B0CA1D00AE0091200028D92284DA1D00A80091209F
:207DE0000028D92288CA1D00A20091200028D9229CCA1D009C0091200028D922A4FA1D00CD
:207E0000960091200028D922BCEA1D00900091200028D92290FA1D008A0091200028D922CC
:207E200094EA1D00840091200028D922A8EA3C7E91200028D92280EA3C7991200028D9223C
:207E4000F40A3C7491200028D922CC0A3C6F91200028D922E00A3C6A91200028D922B8FA35
:207E60003C6591200028D922C81A3C6091200028D922C42A3C5B91200028D922F01A3C5646
:207E800091200028D922DC1A3C5191200028D922D43A3C4C91200028D922C03A3C4791201F
:207EA0000028D922D82A3C4291200028D922EC2A3C3D91200028D922D04A3C389120002881
:207EC000D922FC3A3C3391200028D922E83A3C2E91200028D922E44A3C2991200028D92267
:207EE000E05A3C2491200028D922CC5A3C1F91200028D922F84A3C1A91200028D922F45A05
:207F00003C1591200028D922DC6A3C1091200028D922C86A3C0B820491200048D94447BEBC
:207F20003B3010506DFF0EDAA0023C01009020389100014F6DFFFB6C910001FF19FF00C03E
:207F4000AE1F9100014F8204BB0068599B85B9546DFFE06E9100014F82246DFFC06E49A47C
:207F6000000A9100015F6DFF646E82083C1982093C13370868F02CA4370948F02CA549A472
:207F8000240A49A5000A6DFFB36D49A4240A82146DFF916EC219DA083FF9ED7FC218BF48D1
:207FA000E87F00902038024F0B5610883B0071020B90504191200048D94447BE3B80155013
:207FC0006DFFC0D902F46DFFA8FB402F14FF82003E0882103E0782203E0682303E053C055A
:207FE0003C043C033C023C019100014F6DFF9F6C9100012F192F00C0AE1F9100014F820432
:20800000BB0068599B85B9546DFF846E9100014F82246DFF646E49A4000A9100015F6DFF40
:20802000086E14FF2CA409FF01082CA5BB0068F99B8FB9F44B0861014B0F51F04B0F71F106
:208040007802F807DA0189AF120814FF82003E0A8210BE0882205F0F260082305F0F3300BC
:208060003C418205029409A6080982076DFFE63FFB0071620B2310486DFF304089A20C091C
:208080003C318205029409A6080982076DFFD63FFB0071620B2310486DFF204089A20C092C
:2080A0003C218205029409A6080982076DFFC63FFB0071620B2310486DFF104089A20C093C
:2080C0003C118205029409A6080982076DFFB63FFB0071620B2310486DFF004089A20C094C
:2080E0003C0149A4240A49A5000A6DFF016D49A4240A82146DFFCB6D0090024F02583B008B
:2081000071020B80504191200048D94447BE3B7013506DFF17D902F46DFFFFFA402F14FF6E
:208120003B008000E20F60F29110013F3023D934000D09F401086DFF6A6C14FF82003E0ACE
:208140008210BE0682205F0F220082305F0F2D003C3982050284820702266DFF6F3FFB0002
:2081600071620B2310486DFFB93F02283C2B82050284820702266DFF613FFB0071620B23EB
:2081800010486DFFAB3F02283C1D82050284820702266DFF533FFB0071620B2310486DFF32
:2081A0009D3F02283C0F82050284820702266DFF453FFB0071620B2310486DFF8F3F022808
:2081C0003C0114FF3B008000E20F60F29110013F3023D934000D09F4010802856DFF396C65
:2081E0000090404F024F0B561088027A0BA9104191200048D9446EBE3B102A506DFFA2D8A8
:2082000074F9681A2CF889F80A0902946DFFD7F8E84202A46DFFD3F8E852821582168237BD
:2082200002946DFF56F982158216824702A46DFF50F900902008404F024982083B8000A023
:20824000C8427B10000054FF161F0FF010008920040909F00A0974A03C0154AF54A0C2F036
:2082600074A0EEFCC8528210481F161F0FF01000892004093C2DC8427B10000054FF161F6D
:208280000FF010008920040909FF0A0974AF3C0154AF54A0C2F074A0EEFCC842821054FF08
:2082A000161F0FF010008920040909FF0A0974AF3C0154AF54A0C2F074A0EEFC8618481F9D
:2082C000370F50406DFFF5F8A6283708688002AFC2FA370A68A0EED0C8427B10000054FF1E
:2082E000161F0FF010008920040909FF0A0974AF3C0154AF54A0C2F074A0EEFC40F4029498
:208300006D00470002823C010090404F024840F46D00BF00088F861F370F684040F46D0054
:208320007B0040F402846D00770040F46D00E30040F46D00AE00088F861F9601370F684090
:2083400040F46D006900821440F46DFF75FF022F40F46D00D00002F23C010090404F0B4527
:20836000108840F46D009500088F861F370F684040F46D00510040F402846D004D0040F46B
:2083800002946D00490040F46D00B50000902008CC447B100000544F161F0FF01000681089
:2083A0007649CC4582104C41161F0FF0100068103C09CC457B1000004C41161F0FF0100060
:2083C0006810094F0A0974AF3C0154AF54A0C2F074A0EEFCCC448210544F161F0FF010002A
:2083E0006810094F0A0974AF3C0154AF54A0C2F074A0EEFCCC447B100000544F161F0FF021
:2084000010006810CC4582104C41161F0FF01000681000902008404F02483B0008903C2C1C
:20842000481F370F50400F9880506DFF95F886F909F00A0974A03C0154AF54A0C2F074A0F6
:20844000EEFCC842821054FF161F0FF010008920040909FF0A0974AF3C0154AF54A0C2F025
:2084600074A0EEFCC8427B10000054FF161F0FF0100089200409DF09D5FF40F46D00760049
:20848000DF12048082023C0282123C0100902008CC448210544F161F0FF010006810CC450A
:2084A00082104C41161F0FF010006810094F0A0974AF3C0154AF54A0C2F074A0EEFCCC455E
:2084C0007B1000004C41161F0FF010006810094F0A0974AF3C0154AF54A0C2F074A0EEFC56
:2084E000CC447B100000544F161F0FF01000681000902008CC457B1000004C41161F0FF06D
:2085000010006810CC447B100000544F161F0FF010006810094F0A0974AF3C0154AF54A017
:20852000C2F074A0EEFCCC448210544F161F0FF010006810094F0A0974AF3C0154AF54A0C8
:20854000C2F074A0EEFCCC4582104C41161F0FF010006810094F0A0974AF3C0154AF54A0BD
:20856000C2F074A0EEFC00902008404F8208C8427B10000054FF161F0FF010008920040998
:20858000C8528210481F161F0FF010008920040909FF0A0974AF3C0154AF54A0C2F074A096
:2085A000EEFCC842821054FF161F0FF010008920040909FF0A0974AF3C0154AF54A0C2F0C4
:2085C00074A0EEFC481F370F50406DFF72F776228218C8427B10000054FF161F0FF010002D
:2085E0008920040909FF0A0974AF3C0154AF54A0C2F074A0EEFC02823C010090094F4218A0
:20860000370FE3013C04094F10293C01020FC2F0EEFB009049AA20BA0B4510880B6710A807
:2086200009ACA04809ADA44809AEA848DA644BFB01020B08004191200048D9445ACE3BB050
:208640003D506DFF7FD6DA644BFC01020B08004191200048D9445ACE3BC03D506DFF72D676
:20866000DA644BFD01020B08004191200048D9445ACE3BD03D506DFF65D63B3019F03EEE00
:20868000DA644BFE01020B08004191200048D9445ACE3B003E506DFF55D6911000F6D9FFEF
:2086A0009829B4FE370848406DFF486E402CB4AE49A4103A49A5283A0B8B10480BCD1068CB
:2086C0006D00900149A4040A40C56DFF7872DA002CA4BB00C2FB9BEFC3F47805DA002CACB4
:2086E00049AF103AF80949A4300A49A5040A6DFF407049A4303A49A5300A6DFF1C704B0A2C
:2087000061F1783DDA003E99DA01BE93DA02BE9EDA035F9F27003C3109AF7838B70F81F12E
:2087200089AF383809AF7838961089AF38383C2509AF7838B70F81F189AF383809AF7838CA
:20874000B70F01F289AF38383C1809AF7838960889AF383809AF7838961089AF38383C0DB7
:2087600009AF7838960889AF383809AF7838B70F01F289AF38383C0109AF7838962089AFEF
:20878000383809A0F838DA0837F006F389AFB83809AF7938B70F01F289AF393809A2E839CF
:2087A00089A2CC493B3019F07EE609AF7838960489AF383849A43C1A49A5303A6DFFC96EB9
:2087C0003B3019F05FEF2D80D83CD4FFC8AF09FF5108B70F01F389FF11088204820582067B
:2087E00040C46DFFF46D911000F6D9FF98293B3019F0B4FFDA003E88DA013E89DA023E8A6B
:20880000DA033E8B3C0D3B2001E03C0A3B8007E03C073BE00DE03C043B4014E03C01DA052F
:2088200009C0560837F003F289CF1608534820F0911000F6D9FF882910FF4CC674FF534885
:2088400020F0911000F6D9FF882910FF534820F091100026D92288291022092FC208B77F51
:2088600085F3ACF1534820F0911000F6D9FF882910FF534820F091100026D92288291022B9
:20888000142FB71F03F234FF534820F0911000F6D9FF882910FF534820F091100026D92250
:2088A00088291022142FB71F83F034FF534820F0911000F6D9FF882910F2534820F09110FD
:2088C00000F6D9FF882910FF081FB71F03F12C21534820F0911000F6D9FF882910FF534857
:2088E00020F091100026D92288291022092FC008B71F83F3B4FF534820F0911000F6D9FFAA
:20890000882910F2534820F0911000F6D9FF882910FF082F96202C22534820F0911000F64D
:20892000D9FF882910F2534820F0911000F6D9FF882910FF082FB70F81F12C22534820F06A
:20894000911000F6D9FF882910F2534820F0911000F6D9FF882910FF082FB70F01F32C22DC
:20896000534820F0911000F6D9FF882910F2534820F0911000F6D9FF882910FF082FB71F43
:2089800003F02C22534820F0911000F6D9FF882910F2534820F0911000F6D9FF882910FFEF
:2089A000081FB71F83F22C21534820F0911000F6D9FF882910F2534820F0911000F6D9FF11
:2089C000882910FF0830DA664BFE0122DA064BF301229AD2370F68F037F004F22C230090AC
:2089E0000B67108894AF404F405C3B80000089F014083B00080028C03B0008002840820057
:208A000089F01508820089C005083B00080089C0040882005F400D0082105F40C20082208D
:208A20005F408B0182305F4087021D00CF03F65791200028D922C89AF4F23C12DF1508800F
:208A400091200028D922D89AF4F23C0A820491200048D9445ACE3B2004506DFF73D4DF6837
:208A6000088091200028D922E88AE8223C12DF78088091200028D922F88AE8223C0A8204C5
:208A800091200048D9445ACE3B6004506DFF5AD43BC000005F09088091200028D922D88AEE
:208AA000E8423C0A820491200048D9445ACE3B9004506DFF47D43B2001007E07912000F852
:208AC000D9FFE89AF4CF3C6A3B8001007E07912000F8D9FFD0AAF4CF3C613BE001007E0796
:208AE000912000F8D9FFE4AAF4CF3C583B4002007E07912000F8D9FFF8AAF4CF3C4F3BA0C2
:208B000002007E07912000F8D9FFCCBAF4CF3C463B0003007E07912000F8D9FFE0BAF4CFE1
:208B20003C3D3B6003007E07912000F8D9FFF4BAF4CF3C343BC003007E07912000F8D9FF33
:208B4000C8CAF4CF3C2B3B2004007E07912000F8D9FFDCCAF4CF3C223B8004007E07912038
:208B600000F8D9FFF0CAF4CF3C193B0006007E07912000F8D9FFFC9AF4CF3C103B301900E3
:208B80007E04A00FF4CF3C0A820491200048D9445ACE3B7005506DFFD5D31D0017033B60F1
:208BA00006005F05088091200028D922D4EAF4F23C143B7006005F05088091200028D9228A
:208BC000E4EAF4F23C0A820491200048D9445ACE3BF005506DFFB6D33BC006005F08088072
:208BE00091200028D922E4DAE8223C1E3BD006005F08088091200028D922F4DAE8223C1483
:208C00003BE006005F08088091200028D922C4EAE8223C0A820491200048D9445ACE3B4033
:208C200006506DFF8FD33B2007005F09088091200028D922C4DAE8423C143B3007005F09F8
:208C4000088091200028D922D4DAE8423C0A820491200048D9445ACE3B8006506DFF72D314
:208C60003B8007007E07912000F8D9FFF4EAF4CF3C613BE007007E07912000F8D9FFC8FA04
:208C8000F4CF3C583B4008007E07912000F8D9FFDCFAF4CF3C4F3BA008007E07912000F8BF
:208CA000D9FFF0FAF4CF3C463B0009007E07912000F8D9FF040BF4CF3C3D3B6009007E07EF
:208CC000912000F8D9FF180BF4CF3C343BC009007E07912000F8D9FF2C0BF4CF3C2B3B20F7
:208CE0000A007E07912000F8D9FF001BF4CF3C223B800A007E07912000F8D9FF141BF4CF6B
:208D00003C193BE00A007E07912000F8D9FF281BF4CF3C103B3019007E04A00FF4CF3C0AC3
:208D2000820491200048D9445ACE3B5007506DFF09D31D004B023BC00C005F050880912037
:208D40000028D9223C3BF4F23C323BD00C005F05088091200028D9220C4BF4F23C283BE092
:208D60000C005F05088091200028D9221C4BF4F23C1E3BF00C005F05088091200028D92289
:208D80002C4BF4F23C143B000D005F05088091200028D9223C4BF4F23C0A820491200048EC
:208DA000D9445ACE3BF007506DFFCCD23B200D005F08088091200028D9220C3BE8223C1E0C
:208DC0003B300D005F08088091200028D9221C3BE8223C143B400D005F0808809120002857
:208DE000D9222C3BE8223C0A820491200048D9445ACE3B4008506DFFA5D23B800D005F0917
:208E0000088091200028D9223C2BE8423C323B900D005F09088091200028D9223C1BE842DA
:208E20003C283BA00D005F09088091200028D9220C2BE8423C1E3BB00D005F0908809120CE
:208E40000028D9221C2BE8423C143BC00D005F09088091200028D9222C2BE8423C0A820415
:208E600091200048D9445ACE3BB008506DFF6AD23BE00D007E07912000F8D9FF0C5BF4CF71
:208E80003C583B400E007E07912000F8D9FF205BF4CF3C4F3BA00E007E07912000F8D9FFF7
:208EA000345BF4CF3C463B000F007E07912000F8D9FF086BF4CF3C3D3BC00F007E0791209F
:208EC00000F8D9FF1C6BF4CF3C343B2010007E07912000F8D9FF306BF4CF3C2B3B80100007
:208EE0007E07912000F8D9FF047BF4CF3C223BE010007E07912000F8D9FF187BF4CF3C19F0
:208F00003B4011007E07912000F8D9FF2C7BF4CF3C103B3019007E04A00FF4CF3C0A8204C5
:208F200091200048D9445ACE3B7009506DFF0AD21D004C013B2013005F050880912000280A
:208F4000D92200BBF4F23C323B3013005F05088091200028D92220ABF4F23C283B40130026
:208F60005F05088091200028D92230ABF4F23C1E3B5013005F05088091200028D92210BBED
:208F8000F4F23C143B6013005F05088091200028D92220BBF4F23C0A820491200048D9448A
:208FA0005ACE3B100A506DFFCDD13B8013005F08088091200028D922209BE8223C323B904B
:208FC00013005F08088091200028D922309BE8223C283BA013005F08088091200028D922D1
:208FE00000ABE8223C1E3BB013005F08088091200028D922109BE8223C143BC013005F0827
:20900000088091200028D92210ABE8223C0A820491200048D9445ACE3B800A506DFF92D141
:209020003BE013005F09088091200028D922008BE8423C323BF013005F0908809120002814
:20904000D922208BE8423C283B0014005F09088091200028D922308BE8423C1E3B1014002B
:209060005F09088091200028D922009BE8423C143B2014005F09088091200028D922108B49
:20908000E8423C0A820491200048D9445ACE3BF00A506DFF57D13B4014007E08912000F8C5
:2090A000D9FF30BBF4CF1D0090003BA014007E08912000F8D9FF00DBF4CF1D0086003BB05B
:2090C00014007E07912000F8D9FF14DBF4CF3C7C3B0015007E07912000F8D9FF28DBF4CFF0
:2090E0003C733B1015007E07912000F8D9FF3CDBF4CF3C6A3B6015007E07912000F8D9FF25
:2091000010EBF4CF3C613BC015007E07912000F8D9FF24EBF4CF3C583B2016007E079120D1
:2091200000F8D9FF38EBF4CF3C4F3B8016007E07912000F8D9FF0CFBF4CF3C463BE016009A
:209140007E07912000F8D9FF20FBF4CF3C3D3BF016007E07912000F8D9FF34FBF4CF3C3409
:209160003B4017007E07912000F8D9FF480BF4CF3C2B3B6018007E07912000F8D9FF04CB52
:20918000F4CF3C223BC018007E07912000F8D9FF18CBF4CF3C193B2019007E07912000F8F8
:2091A000D9FF2CCBF4CF3C103B3019007E04A00FF4CF3C0A820491200048D9445ACE3B1004
:2091C0000C506DFFBFD03C0100900B541088404C026A370948406DFFB168402D40D46DFF42
:2091E0000FFA534920F0911000F6D9FF882910FF54F082013710010089D0201989D824194C
:209200003C0109D042183700E3F16EFC40D46DFFF7F9DF1A0F80534920F0911000F6D9FF56
:20922000882910FF54FF8210370F01F089DF2019DA0089DF24193C0109DF4218370FE3F199
:209240006EFC09DF10293C0134CFB01CC2FADF0AE2FF3C0109DF41186F3FFE7FBBF0FFFF9F
:2092600089DF141900900B451088370848406DFF6568534820F0911000F6D9FF882910FF07
:2092800054F082013710010089202019BB00F00F26908680892024193C01092F4218160795
:2092A000EEFD534820F0911000F6D9FF882910FF54FF8210370F01F0892F20198FF90FF154
:2092C000892F24193C01092F41186F3FFE7FBBF0FFFF892F141900900248404C0259370812
:2092E00048406DFF2B68534820F0911000F6D9FF882910FF54F0820137100100892020191C
:2093000009C0C008BB00F01F26108680892024193C01092F42181607EEFDDF190F805348D7
:2093200020F0911000F6D9FF882910FF54FF8210370F01F0892F201909CFC00816FFB02C50
:20934000892F24193C01092F42181607EEFDC2F9DF09D8FF3C01092F41186F3FFE7FBBF023
:20936000FFFF892F14190090024F0258370F48406DFFE467534F20F0911000F6D9FF882978
:2093800010FF54FF8210370F01F0892F2019892824193C01092F42181607EEFD3C01092F77
:2093A00041186F3FFE7FBBF0FFFF892F141900900B451088026A370848406DFFBF67402CF2
:2093C000534820F0911000F6D9FF882910FF54FF8200370F01F089CF201940C46DFF10F99D
:2093E00089C924193C0109CF42181607EEFD534820F0911000F6D9FF882910FF54FF8210A8
:20940000370F01F089CF201989CA24193C0109CF42181607EEFD3C0109CF41186F3FFE7FE4
:20942000BBF0FFFF89CF141900900B541088404C026A370948406DFF8167534920F0911016
:2094400000F6D9FF882910FF54F082013710010089202019892824193C01092F42181607B3
:20946000EEFDDF1A0F80534920F0911000F6D9FF882910FF54FF8210370F01F0892F201991
:2094800014CFB01C892F24193C01092F42181607EEFDC2FADF0AE7FF3C01092F41186F3F4A
:2094A000FE7FBBF0FFFF892F14190090A002DA003E48DA013E4BDA023E4EDA03BE413C1516
:2094C00091100026D9229C293C1091100026D92288493C0B91100026D922B4593C0691102D
:2094E0000026D922A0793C013C01009020200B4510A80B7610884DC0E2FF370FE1F78B0F21
:2095000020C23C010D00400300003C013C01370A48406DFF955491100046D9448C994025B6
:209520006DFF535802A46D00250202A46D00B402911000F6D9FF8C99DA0889FF2C0891103E
:2095400000F6D9FF8C99DA04ACF4911000F6D9FF8C994B0B61F16CF1911000F6D9FF8C996D
:20956000DA072CFAA00FF4AFA00FF80449A4180A49A5080A0BA9104802866D002800DA10C5
:209580002CACDA8089AF1C08DA0089AF1D08911000F6D9FF8C9949A2000AE8A202A46DFFE1
:2095A00087FF91100056D9558C9940246DFFD355820502A46D00B401820502A46D00F60202
:2095C00002CF6E030D0000030090DA003E4CDA015F4F4000DA025F4FC600DA035F4F270179
:2095E0001D008901F658912000F8D9FFF41980FF744F3C1CDF150980912000F8D9FFC42963
:2096000080FF744F3C13DF250980912000F8D9FFD42980FF744F3C0ADF350980912000F8E0
:20962000D9FFE42980FF744F3C01F668912000F8D9FFD41980FF745F3C0ADF160980912033
:2096400000F8D9FFE41980FF745F3C011D005401DF450980912000F8D9FFD44980FF744FAF
:209660003C49DF550980912000F8D9FFE44980FF744F3C40DF650980912000F8D9FFF449B1
:2096800080FF744F3C37DF750980912000F8D9FFC45980FF744F3C2EDA087E58912000F88D
:2096A000D9FFD45980FF744F3C25DA097E58912000F8D9FFE45980FF744F3C1CDA0A7E5837
:2096C000912000F8D9FFF45980FF744F3C13DA0B7E58912000F8D9FFC46980FF744F3C0A3A
:2096E000DA0C7E58912000F8D9FFD46980FF744F3C01DF460980912000F8D9FFF42980FFA6
:20970000745F3C2EDF560980912000F8D9FFC43980FF745F3C25DF660980912000F8D9FFCE
:20972000D43980FF745F3C1CDF360980912000F8D9FFE43980FF745F3C13DF760980912006
:2097400000F8D9FFF43980FF745F3C0ADF260980912000F8D9FFC44980FF745F3C011D00AC
:20976000CB00DA0D7E58912000F8D9FFF47980FF744F3C2EDA0E7E58912000F8D9FFC4893B
:2097800080FF744F3C25DA0F7E58912000F8D9FFD48980FF744F3C1CDA107E58912000F886
:2097A000D9FFE48980FF744F3C13DA117E58912000F8D9FFF48980FF744F3C0ADA127E58CA
:2097C000912000F8D9FFC49980FF744F3C01DA0B7E68912000F8D9FFE46980FF745F3C25E0
:2097E000DA097E68912000F8D9FFF46980FF745F3C1CDA0A7E68912000F8D9FFC47980FF11
:20980000745F3C13DA0C7E68912000F8D9FFD47980FF745F3C0ADA087E68912000F8D9FFAB
:20982000E47980FF745F3C013C66DA137E58912000F8D9FFD4A980FF744F3C37DA147E5860
:20984000912000F8D9FFE4A980FF744F3C2EDA157E58912000F8D9FFF4A980FF744F3C25C8
:20986000DA167E58912000F8D9FFC4B980FF744F3C1CDA177E58912000F8D9FFD4B980FF36
:20988000744F3C13DA187E58912000F8D9FFE4B980FF744F3C0ADA197E58912000F8D9FFFE
:2098A000F4B980FF744F3C01DA0E7E68912000F8D9FFD49980FF745F3C1CDA0F7E68912096
:2098C00000F8D9FFE49980FF745F3C13DA0D7E68912000F8D9FFF49980FF745F3C0ADA103D
:2098E0007E68912000F8D9FFC4A980FF745F3C013C023C010090404F82086DFFD9FDD424A7
:20990000094F5208161F3C016E07D424821440F56DFF1F53821802823C0100900258911027
:2099200000F6D9FF8C99D4FF370448406DFF885291100046D9448C9940256DFF465640F48E
:209940006DFFEE52370868F06E03DA013C02DA0009F0431837F001F289FF031876850C2127
:2099600096042C213C050C21B70F01F12C210090DA003E4CDA015F4F2B00DA025F4F490012
:20998000DA035F4F67001D008600911000F6D9FF8C9991100026D922A039E8C2911000F6C2
:2099A000D9FF8C9991100026D922B829E8E2911000F6D9FF8C99DA0189FFAE08911000F6F9
:2099C000D9FF8C99DA0189FFB4083C64911000F6D9FF8C9991100026D9228C59E8C2911045
:2099E00000F6D9FF8C9991100026D922A449E8E2911000F6D9FF8C99DA0189FFAE089110AD
:209A000000F6D9FF8C99DA0189FFB4083C43911000F6D9FF8C9991100026D922B869E8C294
:209A2000911000F6D9FF8C9991100026D9229069E8E2911000F6D9FF8C99DA0189FFAE0860
:209A4000911000F6D9FF8C99DA0189FFB4083C22911000F6D9FF8C9991100026D922A48972
:209A6000E8C2911000F6D9FF8C9991100026D922BC79E8E2911000F6D9FF8C99DA0189FFF0
:209A8000AE08911000F6D9FF8C99DA0189FFB4083C010090DA003E4BDA015F4F2600DA02A2
:209AA0005F4F4000DA035F4F5A003C75911000F6D9FF8C99DA0B89FFA008911000F6D9FF0A
:209AC0008C99DA0A89FFA208911000F6D9FF8C99DA0C89FFA408911000F6D9FF8C99DA002F
:209AE00089FF26083C61911000F6D9FF8C99DA0D89FFA008911000F6D9FF8C99DA0E89FF64
:209B0000A208911000F6D9FF8C99DA0F89FFA408911000F6D9FF8C99DA0089FF26083C4446
:209B2000911000F6D9FF8C99DA1089FFA008911000F6D9FF8C99DA1189FFA208911000F62F
:209B4000D9FF8C99DA1289FFA408911000F6D9FF8C99DA0089FF26083C27911000F6D9FFF2
:209B60008C99DA1389FFA008911000F6D9FF8C99DA5089FFA208911000F6D9FF8C99DA1530
:209B800089FFA408911000F6D9FF8C99DA0089FF26083C0A820491200048D94441DE3BC071
:209BA00006506DFFCFCB00900258911000F6D9FF8C99D4FF370448406DFF4251911000464F
:209BC000D9448C9940256DFF005540F46DFFB551370868F06E03DA013C02DA0009F0431828
:209BE00037F081F389FF031876850C2196042C213C050C21B70F01F12C2100900248404F3C
:209C0000025F3C0714F502846D000600C2FFB01FEEFA0090200834A56DFF4AFC3C01D42FA3
:209C200008EF161F3C01EEFCD42449A5000A82146DFF855200900248404F3C0909FF00084A
:209C4000B01F370F685002846DFFE6FF09FF0008EEF60090000600F000B403F0010000003E
:209C600000000000000600F000B503F00300000001000000000600F000B403F000000000A5
:209C800090000000000600F000B403F00100000090000000000600F000B503F00200000066
:209CA00090000000000600F000B503F00300000090000000000700F000B503F00100000043
:209CC00000000000000700F000B503F00500000001000000000700F000C003F0090000002C
:209CE00002000000000700F000B103F00A00000004000000000700F000D303F00D000000EF
:209D000005000000000700F000A203F00300000006000000000700F000A203F0020000001B
:209D200090000000000700F000B103F00C00000090000000000700F000B503F000000000BD
:209D400090000000000700F000B503F00100000090000000000700F000B503F004000000A0
:209D600090000000000700F000B503F00500000090000000000700F000C003F00A0000006B
:209D800090000000000700F000D303F00C00000090000000000700F000D303F00D00000010
:209DA00090000000000800F000B403F00300000000000000000800F000A203F001000000E3
:209DC00001000000000800F000B003F00600000003000000000800F000D303F00800000018
:209DE00004000000000800F000A203F00000000006000000000800F000A203F0000000003F
:209E000090000000000800F000B003F00500000090000000000800F000B403F002000000E1
:209E200090000000000800F000B403F00300000090000000000800F000D303F0080000009A
:209E400090000000000800F000D303F00900000090000000000900F000B503F00700000073
:209E600000000000000900F000C003F00300000002000000000900F000A003F001000000A4
:209E800004000000000900F000C103F00600000005000000000900F000A003F0000000007A
:209EA00098000000000900F000A003F00100000090000000000900F000B503F00600000046
:209EC00090000000000900F000B503F00700000090000000000900F000C003F0000000000E
:209EE00090000000000900F000C003F00300000090000000000900F000C103F007000000DF
:209F000090000000000600F000000000000700F001000000000800F002000000000900F0D0
:209F2000030000000050C348640000000050C348640000001400000000000000000000008C
:209F40000100000000000000000000000000000000000000000000000000000000000101FE
:209F60000700000000000901000000000602000000000A03000000000000000000000000BB
:209F80000101000000000000002A00F000000000002B00F001000000000081F80000000010
:209FA000000083F80100000000000000000000000000000000000000000000000000000025
:209FC00000000000000000000000010000010F00010F000000000000000000000000000060
:209FE000000000AFFF1F00AF002000AFFF3F00AF004000AFFF5F00AF006000AFFF7F00AFF1
:20A00000008000AFFF9F00AF00A000AFFFBF00AF00C000AFFFDF00AF00E000AFFFFF00AFD0
:20A02000000001AFFF1F01AF002001AFFF3F01AF004001AFFF5F01AF006001AFFF7F01AFA8
:20A04000000002000000000000A203F00000000088000000000002003000000000C203F0FA
:20A060000100000088000000000002003500000000C103F0020000008800000000000200E0
:20A080005500000000B403F00500000088000000000002000800000000A203F00800000090
:20A0A00088000000000002000900000000A003F00000000088000000000103006700000087
:20A0C00000B003F00100000088000000000102000A00000000A003F001000000880000002B
:20A0E000000102000B00000000A003F00200000088000000000102000100000000A203F09C
:20A100000100000088000000000102001F00000000D303F00900000088000000000102003A
:20A120002F00000000C203F00000000088000000000102003600000000C103F003000000C3
:20A1400088000000000102005400000000B403F00400000088000000000203006800000080
:20A1600000B003F00200000088000000000203006B00000000B003F0050000008800000012
:20A18000000202000C00000000A003F00300000088000000000202000200000000A203F0F6
:20A1A0000200000088000000000202002100000000D303F00B000000880000000002020093
:20A1C0003700000000C103F00400000088000000000202005300000000B403F00300000007
:20A1E00088000000000303006900000000B003F00300000088000000000303006C000000C8
:20A2000000B003F00600000088000000000302000D00000000A003F00400000088000000DC
:20A22000000302000300000000A203F00300000088000000000302003100000000C203F00B
:20A240000200000088000000000302003800000000C103F0050000008800000000030200F1
:20A260005200000000B403F00200000088000000000402000E00000000A003F005000000AF
:20A2800088000000000402000400000000A203F004000000880000000004020032000000D3
:20A2A00000C203F00300000088000000000402003900000000C103F00600000088000000DD
:20A2C000000402003D00000000C003F00300000088000000000402005100000000B403F0FF
:20A2E0000100000088000000000502000F00000000A003F006000000880000000005020097
:20A300002800000000D203F00400000088000000000502003A00000000C103F007000000C8
:20A3200088000000000502000500000000A203F0050000008800000000060200100000004F
:20A3400000A003F00700000088000000000602002A00000000C303F001000000880000006A
:20A36000000602003B00000000C003F00000000088000000000602000600000000A203F0BC
:20A380000600000088000000000702001100000000A003F0080000008800000000070200E9
:20A3A0004000000000C003F00800000088000000000702000700000000A203F0070000006E
:20A3C00088000000010003000000000000A203F000000000880000000100030030000000A0
:20A3E00000C203F00100000088000000010003003500000000C103F00200000088000000A8
:20A40000010002004400000000C003F00C00000088000000010002004C00000000B503F0B7
:20A420000500000088000000010002004D00000000B503F006000000880000000100030005
:20A440000800000000A203F00800000088000000010003000900000000A003F0000000002F
:20A4600088000000010102006700000000B003F00100000088000000010103000A000000AE
:20A4800000A003F00100000088000000010103000B00000000A003F0020000008800000073
:20A4A000010103000100000000A203F00100000088000000010103001F00000000D303F08E
:20A4C0000900000088000000010103002F00000000C203F000000000880000000101030075
:20A4E0003600000000C103F00300000088000000010102004500000000C003F00D000000DE
:20A5000088000000010102004E00000000B503F00700000088000000010102004F000000D7
:20A5200000B503F00800000088000000010102005600000000B403F0060000008800000054
:20A54000010202006800000000B003F00200000088000000010202006B00000000B003F04E
:20A560000500000088000000010203000C00000000A003F003000000880000000102030018
:20A580000200000000A203F00200000088000000010203002100000000D303F00B000000A2
:20A5A00088000000010203003700000000C103F0040000008800000001020200460000004B
:20A5C00000C003F00E00000088000000010202005000000000B403F00000000088000000AE
:20A5E000010302006900000000B003F00300000088000000010302006C00000000B003F0A9
:20A600000600000088000000010303000D00000000A003F004000000880000000103030072
:20A620000300000000A203F00300000088000000010303003100000000C203F00200000008
:20A6400088000000010303003800000000C103F005000000880000000103020047000000A5
:20A6600000B503F00000000088000000010403000E00000000A003F0050000008800000074
:20A68000010403000400000000A203F00400000088000000010403003200000000C203F09E
:20A6A0000300000088000000010403003900000000C103F006000000880000000104030084
:20A6C0003D00000000C003F00300000088000000010402004800000000B503F00100000007
:20A6E00088000000010503000F00000000A003F00600000088000000010503002800000068
:20A7000000D203F00400000088000000010503003A00000000C103F0070000008800000062
:20A72000010503000500000000A203F00500000088000000010502004100000000C003F0ED
:20A740000900000088000000010502004900000000B503F0020000008800000001060300DB
:20A760001000000000A003F00700000088000000010603002A00000000C303F001000000BC
:20A7800088000000010603003B00000000C003F00000000088000000010602004200000066
:20A7A00000C003F00A00000088000000010603000600000000A203F0060000008800000021
:20A7C000010602004A00000000B503F00300000088000000010703001100000000A003F044
:20A7E0000800000088000000010702004300000000C003F00B00000088000000010702002C
:20A800004B00000000B503F00400000088000000010703000700000000A203F0070000000B
:20A8200088000000020002001200000000A003F00900000088000000020002001A00000038
:20A8400000D303F00400000088000000020002002000000000D303F00A000000880000002A
:20A86000020003004400000000C003F00C00000088000000020002005E00000000B303F040
:20A880000300000088000000020102001B00000000D303F0050000008800000002010300B4
:20A8A0004500000000C003F00D00000088000000020102005F00000000B103F00200000001
:20A8C00088000000020202001C00000000D303F0060000008800000002020300460000002D
:20A8E00000C003F00E00000088000000020202006000000000B103F003000000880000007A
:20A90000020302001500000000A003F00C00000088000000020302001D00000000D303F00A
:20A920000700000088000000020303004700000000B503F000000000880000000203020002
:20A940006100000000B103F00600000088000000020402001E00000000D303F00800000070
:20A9600088000000020402002200000000D303F00C0000008800000002040300480000007A
:20A9800000B503F00100000088000000020402006200000000B103F00900000088000000E7
:20A9A000020502002300000000D303F00D00000088000000020503004100000000C003F012
:20A9C0000900000088000000020503004900000000B503F002000000880000000205020058
:20A9E0005B00000000B303F00000000088000000020502006300000000B103F00A000000B4
:20AA000088000000020602006400000000B103F00B000000880000000206020024000000DB
:20AA200000D203F00000000088000000020602003E00000000C003F0060000008800000040
:20AA4000020603004200000000C003F00A00000088000000020603004A00000000B503F067
:20AA60000300000088000000020602005C00000000B303F0010000008800000002070200AB
:20AA80006500000000B103F00C00000088000000020702003F00000000C003F00700000015
:20AAA00088000000020703004000000000C003F00800000088000000020703004300000030
:20AAC00000C003F00B00000088000000020703004B00000000B503F00400000088000000A5
:20AAE000020702005D00000000B303F00200000088000000030003001200000000A003F013
:20AB00000900000088000000030003001A00000000D303F00400000088000000030003002C
:20AB20002000000000D303F00A00000088000000030003004C00000000B503F0050000009E
:20AB400088000000030003004D00000000B503F00600000088000000030003005500000089
:20AB600000B403F00500000088000000030003005E00000000B303F003000000880000000C
:20AB8000030103001B00000000D303F00500000088000000030103004E00000000B503F043
:20ABA0000700000088000000030103004F00000000B503F008000000880000000301030071
:20ABC0005400000000B403F00400000088000000030103005600000000B403F006000000E4
:20ABE00088000000030103005F00000000B103F00200000088000000030203001C00000015
:20AC000000D303F00600000088000000030203005000000000B403F0000000008800000059
:20AC2000030203005300000000B403F00300000088000000030203006000000000B103F07B
:20AC40000300000088000000030303001500000000A003F00C00000088000000030303001B
:20AC60001D00000000D303F00700000088000000030303005200000000B403F0020000005E
:20AC800088000000030303006100000000B103F00600000088000000030403001E00000068
:20ACA00000D303F00800000088000000030403002200000000D303F00C00000088000000B8
:20ACC000030403005100000000B403F00100000088000000030403006200000000B103F0D9
:20ACE0000900000088000000030503002300000000D303F00D00000088000000030503002F
:20AD00005B00000000B303F00000000088000000030503006300000000B103F00A0000008E
:20AD200088000000030603006400000000B103F00B000000880000000306030024000000B4
:20AD400000D203F00000000088000000030603003E00000000C003F006000000880000001B
:20AD6000030603005C00000000B303F00100000088000000030703006500000000B103F026
:20AD80000C00000088000000030703003F00000000C003F007000000880000000307030084
:20ADA0005D00000000B303F0020000008800000000A003F00000000000A203F002000000DC
:20ADC00000B003F00A00000000B103F00B00000000B303F00D00000000B403F00E000000AF
:20ADE00000B503F00F00000000C003F01400000000C103F01500000000C203F01600000041
:20AE000000C303F01700000000D203F02000000000D303F021000000001C00F000C003F0DA
:20AE20000C00000000000000001C00F000C003F00C000000A0000000001C00F000C003F0DC
:20AE40000E00000098000000001C00F000C003F00B00000098000000001C00F000C003F02B
:20AE60000D000000A8000000001C00F00000000000C003F00800000098000000001C00F0B2
:20AE80000D00000000B503F00000000098000000001C00F00100000000C003F0090000009C
:20AEA00098000000001C00F00200000000C003F00D00000098000000001C00F00300000085
:20AEC00000B103F00A00000098000000001C00F00400000000B103F00B00000098000000D5
:20AEE000001C00F00500000000B103F00200000098000000001C00F00600000000C003F03E
:20AF00000A00000098000000001C00F00700000000D303F00500000090000000001C00F015
:20AF20000800000000C003F00600000098000000001C00F00900000000C003F003000000ED
:20AF400098000000001D00F000B003F00100000000000000001D00F000B103F003000000F4
:20AF600001000000001D00F000B003F00100000090000000001D00F000B003F003000000DC
:20AF800098000000001D00F000B103F00900000098000000001D00F000B003F00200000015
:20AFA00098000000001D00F000B103F00600000098000000001D00F00000000000C003F0EA
:20AFC00008000000A0000000001D00F00100000000C003F009000000A0000000001D00F052
:20AFE0000200000000C003F00D000000A0000000001D00F00300000000B103F00A00000031
:20B00000A0000000001D00F00400000000B103F00B000000A0000000001D00F0050000001E
:20B0200000B103F002000000A0000000001D00F00600000000D303F00A0000009000000057
:20B04000001D00F00700000000D303F00500000098000000001D00F00800000000B003F0C1
:20B060000400000098000000001D00F00900000000B003F005000000A0000000001E00F0C8
:20B0800000B503F00400000000000000001E00F000B503F00700000001000000001E00F038
:20B0A00000C103F00200000002000000001E00F000C103F00300000002000000001E00F003
:20B0C00000B503F00200000004000000001E00F000B303F00300000098000000001E00F065
:20B0E00000B503F00500000098000000001E00F000B503F00600000098000000001E00F0A9
:20B1000000B303F00000000098000000001E00F000B303F00100000098000000001E00F096
:20B1200000B503F00300000098000000001E00F000B503F006000000A8000000001E00F05A
:20B1400000B503F00800000098000000001E00F00000000000B503F0020000009800000057
:20B16000001E00F00100000000B403F00200000098000000001E00F00200000000B403F0C8
:20B180000600000098000000001E00F00300000000B403F00300000098000000001E00F0B0
:20B1A0000500000000B503F00100000098000000001E00F00600000000D303F00D00000062
:20B1C000A0000000001E00F00700000000C003F00A000000A0000000001E00F00800000047
:20B1E00000C003F006000000A0000000001E00F00900000000C003F003000000A000000089
:20B20000001F00F000A203F00500000000000000001F00F000D303F00D00000003000000A0
:20B22000001F00F000C203F00100000004000000001F00F000C103F002000000050000007B
:20B24000001F00F000C103F00300000005000000001F00F000C203F003000000A0000000BC
:20B26000001F00F000A203F00600000098000000001F00F000B003F006000000980000003C
:20B28000001F00F000C203F00000000098000000001F00F000D303F00C00000098000000D9
:20B2A000001F00F000C203F000000000A0000000001F00F000C203F001000000A0000000C5
:20B2C000001F00F000A203F00700000098000000001F00F000C203F00300000098000000CC
:20B2E000001F00F000D303F00B00000098000000001F00F00000000000A203F0040000002E
:20B3000098000000001F00F00B00000000D303F00A00000098000000001F00F00C000000F8
:20B3200000C203F00200000098000000001F00F00D00000000C303F0010000009800000053
:20B34000001F00F00100000000A203F00000000098000000001F00F00100000000D303F0DA
:20B360000900000098000000001F00F00200000000A203F00100000098000000001F00F0DE
:20B380000200000000D303F00800000098000000001F00F00300000000A203F0020000009C
:20B3A00098000000001F00F00400000000A203F00300000098000000001F00F0050000009E
:20B3C00000A203F00800000090000000001F00F00600000000A003F0080000009000000000
:20B3E000001F00F00700000000A003F00900000090000000001F00F00700000000D303F02F
:20B400000700000098000000001F00F00800000000B003F00500000098000000001C00F02A
:20B4200000000000001D00F001000000001E00F002000000001F00F003000000040017B70A
:20B44000D138000000000000030017B7D138000000000000020017B7D13800000000000030
:20B46000030000003CB40180013B050017B7513912011202FF0F3F0312221402FFFFFF0FF2
:20B48000020000000F000000010000000F000000000000003F000000000000003F0000000D
:20B4A000D5140000FF7F0000002D3101006003F00000000000B503F00400000000000000C7
:20B4C000006003F00100000000B403F00300000000000000006003F00700000000C003F061
:20B4E0000900000000000000006003F00600000000B103F00A00000003000000006003F0E6
:20B500000400000000B503F00500000003000000006003F00200000000A203F0010000008C
:20B5200001000000006003F00300000000B403F00100000001000000006003F007000000B1
:20B5400000B503F00100000002000000006003F00500000000B503F0080000000000000038
:20B56000006003F00200000000B003F00200000000000000006003F00300000000B003F0D8
:20B580000300000000000000006003F00300000000A203F00000000002000000006003F068
:20B5A0000200000000A003F00400000002000000006003F00400000000D303F007000000CC
:20B5C00000000000006003F00600000000C003F00000000000000000000000F0000000006F
:20B5E000000100F00100000036770180427701804E7701805A770180667701807277018091
:20B600007E7701808A77018096770180A2770180AE770180BA770180C6770180D27701802A
:20B62000DE770180EA770180F6770180027801800E7801801A780180267801803278018005
:20B640003E7801804A78018056780180627801806E7801807A7801808678018092780180E2
:20B660009E780180AA780180B6780180C2780180CE780180DA780180E6780180F2780180C2
:20B68000FE7801800A79018016790180227901802E7901803A79018046790180527901809B
:20B6A0005E7901806A79018076790180827901808E7901809A790180A6790180B27901807A
:20B6C000BE790180CA790180D6790180E2790180EE790180FA790180067A0180127A018058
:20B6E0001E7A01802A7A0180367A0180427A01804E7A01805A7A0180667A0180727A018032
:20B700007E7A01808A7A0180967A0180A27A0180AE7A0180BA7A0180C67A0180D27A018011
:20B72000DE7A0180EA7A0180F67A0180027B01800E7B01801A7B0180267B0180327B0180EC
:20B740003E7B01804A7B0180567B0180627B01806E7B01807A7B0180867B0180927B0180C9
:20B760009E7B0180AA7B0180B67B0180C27B0180CE7B0180DA7B0180E67B0180F27B0180A9
:20B78000FE7B01800A7C0180167C0180227C01802E7C01803A7C0180467C0180527C018082
:20B7A0005E7C01806A7C0180767C0180827C01808E7C01809A7C0180A67C0180B27C018061
:20B7C000BE7C0180CA7C0180D67C0180E27C0180EE7C0180FA7C0180067D0180127D01803F
:20B7E0001E7D01802A7D0180367D0180427D01804E7D01805A7D0180667D0180727D018019
:20B800007E7D01808A7D0180967D0180A27D0180AE7D0180BA7D0180C67D0180D27D0180F8
:20B82000DE7D0180EA7D0180F67D0180027E01800E7E01801A7E0180267E0180307E0180D5
:20B840003A7E0180447E01804E7E0180587E0180627E01806C7E0180767E0180807E018008
:20B860008A7E0180947E01809E7E0180A87E0180B27E0180BC7E0180C67E0180D07E018068
:20B88000DA7E0180E47E0180EE7E0180F87E0180027F01800C7F01800000000000000000FA
:20B8A0000000000000000000FFFFFFFF01000000000000000000000001000000FFFFFFFF8E
:20B8C0000000000001000000FFFFFFFF0100000001000000FFFFFFFF01000000FFFFFFFF70
:20B8E000FFFFFFFF2E9E8B3AE12E654286028702620163014E414E006E616E00494E460036
:20B90000696E6600466C61670053696E676C655F33636D427269646765004A554D505F5371
:20B92000544152545F464C4147005A656272615F53544F505F53544F5000657869740073E8
:20B940007065656472696E675F4B5000737065656472696E675F4B4900416E676C655F4B5A
:20B960005000416E676C655F4B44004779726F5F6B50004759524F5F4B4400436F6E7472B2
:20B980006F6C5F42004761696E0053746570004D616368696E655F4D6964007370656564D1
:20B9A0005F6C696D6974005475726E5F4B50005475726E5F4B5032005475726E5F4B4400FA
:20B9C0005475726E5F4B4432005475726E7A5A5F4B50005475726E7A5A5F4B503200436FCC
:20B9E0006E74726F6C5F54005475726E5F4B447A320057696474685F4F66666573740063F9
:20BA00006F6D70656E736174696F6E0054687265736F6C645F4D494E0054687265736F6C10
:20BA2000645F4D41580053696E676C655F536964654272696467655F56656C6F636974791C
:20BA400000436F6C5F4D415800535F456E636F6465725F4F555400535F565F526564756360
:20BA60006500696D616765004578706F737572650053504545445F494E4352454D454E548E
:20BA8000004C6566745F4F55544E554D0052696768745F4F55544E554D006D656E75325F49
:20BAA00053746172740052756E5F466C616700436972636C655F466C616700496E666F7241
:20BAC0006D6174696F6E5F466C616700496D6167655F466C61670000FF01000001FF00FF4A
:20BAE000FF01FF0101FF010002020202020202020203010101010202020202020202020218
:20BB0000020202020202020204404040404040404040404040404040202020202020202051
:20BB200020204040404040404088888888888808080808080808080808080808080808084D
:20BB40000808084040404040409090909090901010101010101010101010101010101010DD
:20BB6000101010404040400200000000000000000000000000000000000000000000000093
:20BB80000000000000000000000000000000000000000000000000000000000000000000A5
:20BBA000000000000000000000000000000000000000000000000000000000000000000085
:20BBC000000000000000000000000000000000000000000000000000000000000000000065
:20BBE000000000000000000025640A004A554D500043726F7373004C4F535431004C4F530B
:20BC00005432005069746368005A65627261004F5554505554004272696467650043697256
:20BC2000636C6500456E636F64657200435F537461746500435F5973697465004D41585F78
:20BC4000504F53004F46464C696E650053747261696768740076617269616E6365004F624F
:20BC6000737461636C6500535F456E636F6465720066696C653A2025730066696C653A204A
:20BC80006D646B2F2573006C696E653A202564000D0A66696C65202573206C696E6520259A
:20BCA000643A2025732E0D0A000D0A66696C65202573206C696E652025642E0D0A00417310
:20BCC00073657274206572726F72004C6F67206D657373616765002E2E2F6C69627261722E
:20BCE0006965732F7A665F636F6D6D6F6E2F7A665F636F6D6D6F6E5F6669666F2E63000081
:20BD000000000000000000002F000000000700070000147F147F1400242A7F2A12006264DD
:20BD200008132300364955225000000503000000001C224100000041221C000014083E0817
:20BD4000140008083E0808000000A06000000808080808000060600000402010080402000B
:20BD60003E5149453E0000427F4000004261514946002141454B31001814127F1000274588
:20BD8000454539003C4A49493000017109050300364949493600064949291E000036360083
:20BDA000000000563600000008142241000014141414140000412214080002015109060032
:20BDC000324959513E007C1211127C007F49494936003E41414122007F4141221C007F4919
:20BDE000494941007F09090901003E4149497A007F0808087F0000417F4100002040413F53
:20BE000001007F08142241007F40404040007F020C027F007F0408107F003E4141413E003D
:20BE20007F09090906003E4151215E007F091929460046494949310001017F0101003F40AF
:20BE400040403F001F2040201F003F4038403F00631408146300070870080700615149456B
:20BE60004300007F414100020408102040000041417F0000040201020400404040404000B2
:20BE80000001020400002054545478007F4844443800384444442000384444487F00385449
:20BEA00054541800087E0901020018A4A4A47C007F080404780000447D4000004080847DE7
:20BEC00000007F102844000000417F4000007C04180478007C080404780038444444380013
:20BEE000FC242424180018242418FC007C0804040800485454542000043F444020003C40F3
:20BF000040207C001C2040201C003C4030403C004428102844001CA0A0A07C004464544CBD
:20BF20004414141414141400000000000000000000000000000000000000F800000000004D
:20BF40000000333000000000100C06100C0600000000000000000040C07840C07840000406
:20BF60003F04043F040400007088FC08300000001820FF211E0000F008F000E018000000B1
:20BF8000211C031E211E0000F00888700000001E2123241927211010160E000000000000E9
:20BFA00000000000000000000000E018040200000000071820400000020418E00000000006
:20BFC00040201807000000404080F0804040000202010F01020200000000F00000000001E8
:20BFE00001011F01010100000000000000000080B07000000000000000000000000000007D
:20C000000101010101010100000000000000000030300000000000000000008060180400BD
:20C020006018060100000000E010080810E000000F102020100F00001010F80000000000FB
:20C0400020203F2020000000700808088870000030282422213000003008888848300000F2
:20C0600018202020110E000000C02010F8000000070424243F240000F8088888080800006B
:20C0800019212020110E0000E0108888180000000F112020110E0000380808C83808000020
:20C0A00000003F000000000070880808887000001C222121221C0000E010080810E0000093
:20C0C00000312222110F00000000C0C000000000000030300000000000008000000000006B
:20C0E000008060000000000000804020100800000102040810200040404040404040000465
:20C100000404040404040000081020408000000020100804020100007048080808F0000010
:20C1200000003036010000C030C828E810E0000718272423140B000000C038E0000000203C
:20C140003C23020227382008F8888888700000203F202020110E00C03008080808380007C8
:20C160001820202010080008F808080810E000203F202020100F0008F88888E80810002019
:20C180003F20202320180008F88888E8081000203F200003000000C03008080838000007EC
:20C1A000182020221E020008F808000008F808203F210101213F20000808F80808000000BB
:20C1C00020203F2020000000000808F8080800C08080807F00000008F888C0281808002019
:20C1E0003F20012638200008F8080000000000203F20202020300008F8F800F8F80800203A
:20C200003F003F003F200008F830C00008F808203F200007183F00E01008080810E0000F65
:20C2200010202020100F0008F808080808F000203F210101010000E01008080810E0000FD5
:20C2400018242438504F0008F8888888887000203F2000030C3020007088080808380000F1
:20C2600038202121221C00180808F8080818000000203F2000000008F808000008F808000F
:20C280001F202020201F000878880000C83808000007380E010000F80800F80008F8000387
:20C2A0003C0700073C0300081868808068180820302C03032C30200838C800C838080000D7
:20C2C00000203F2000000010080808C83808002038262120201800000000FE0202020000B4
:20C2E00000007F40404000000C30C000000000000000010638C00000020202FE0000000000
:20C300004040407F0000000000040202020400000000000000000000000000000000008050
:20C32000808080808080800002020400000000000000000000000000008080808000000075
:20C3400019242222223F2008F8008080000000003F112020110E00000000808080000000AC
:20C360000E112020201100000000808088F800000E112020103F20000080808080000000DF
:20C380001F222222221300008080F0888888180020203F2020000000008080808080000004
:20C3A0006B94949493600008F8008080800000203F210000203F2000809898000000000034
:20C3C00020203F20200000000000809898000000C08080807F000008F8000080808000208F
:20C3E0003F24022D302000000808F8000000000020203F20200000808080808080800020F4
:20C400003F20003F20003F8080008080800000203F210000203F20000080808080000000A0
:20C420001F202020201F00808000808000000080FFA12020110E00000000808080800000BF
:20C440000E112020A0FF80808080008080800020203F21200001000000808080808000001D
:20C4600033242424241900008080E0808000000000001F20200000808000000080800000A1
:20C480001F202020103F20808080000080808000010E300806010080800080008080800F51
:20C4A000300C030C300F0000808000808080000020312E0E31200080808000008080808014
:20C4C000818E701806010000808080808080000021302C2221300000000000807C020200CE
:20C4E000000000003F404000000000FF00000000000000FF0000000002027C80000000007F
:20C5000040403F00000000000601010202040400000000000000002E2E2F6C696272617241
:20C520006965732F7A665F636F6D6D6F6E2F7A665F636F6D6D6F6E5F66756E6374696F6E07
:20C540002E6300C82E002E802E3DB1C82E002E802E9103802EBCB0802EA303C82E002E8012
:20C560002E00B05030212E59F51030212E6AF5802E3B03000000000819010022007500002D
:20C58000100010D100B343802E00C1802E00C1802E00C1802E00C1802E00C1802E00C1809A
:20C5A0002E00C1802E00C1802E00C1802E00C1802E00C1802E00C1802E00C1802E00C18003
:20C5C0002E00C1802E00C1802E00C1802E00C1802E00C1802E00C1802E00C1802E00C180E3
:20C5E0002E00C1802E00C1802E00C1802E00C1802E00C1802E00C1802E00C1802E00C180C3
:20C600002E00C1802E00C1802E00C1802E00C1802E00C1802E00C1802E00C1802E00C180A2
:20C620002E00C1802E00C1802E00C1802E00C1E05F0000000001000000000000000000007E
:20C6400000920000000000000000000000000000000000081900008800000000000000059A
:20C66000E0AA3805E09030FA0096004B091100110002002D01D47B3B01DB7A04003F7BCDB2
:20C680006CC3048509C304ECE60C460100270019009600A00001000C00F03C000101000339
:20C6A0000001000E00000032000500EE060400C80000000400A805EE060004BC02B30085D5
:20C6C000070000000000000000000000000000000000000000B4000100B90001009800004C
:20C6E0000000000000000001008000040000000000000000000000000000000000000000B5
:20C70000000000000000000000000000000000000000000000000000000000000000000019
:20C720000000000000000000000000000000000000000000000000000000000000802E004B
:20C74000C1FD2DDE00EB00DA00000CFF0F0004C0005BF5C9011EF280003FFF19F458F566C5
:20C76000F564F5C0F1F000E000CD01D301DB01FF7FFF01E40074F7F300FA00FF3FCA036C3B
:20C780003856FE44FDBC02F90600FC1202AE0158FA9AFD7705BB02960195017F0182018975
:20C7A00001870188018A018C018F018D0192019101DD009F017E01DB00B601706926D39C10
:20C7C000071F059D000008BC0537FAA201AA01A101A801A001A805B401B401CE00D000FCAC
:20C7E00000C501FFFBB10000380030FDF5FCF5CD01A0005FFF0040FF0000806D0FEB007F0C
:20C80000FFC2F568F7B3F1670F5B0F610F800F58F75BF7830F8600720F850FC6F17F0F6C01
:20C82000F700E000FFD1F5870F8A0FFF03F03F8B008E009000B9002DF5CAF5CB0120F200DB
:20C840000000000000000000000000000000000000000000000000000000000000000000D8
:20C860000000000000000000000000000000000000000000000000000000000000000000B8
:20C88000000000000000000000000000000000000000000000000000000000000000000098
:20C8A000000000000000000000000000000000000000000000000000000000000000000078
:20C8C000000000000000000000000000000000000000000000000000000000000000000058
:20C8E000000000000000000000000000000000000000000000000000000000000000000038
:20C900000000000000000000000000000000000000000000000000000000003050982ED7FA
:20C920000E5032982EFA030030F07F002E002ED02E002E018008A2FB2F982EBA03212E193D
:20C9400000012EEE0000B2072F012E190000B2032F01500352982E07CC012EDD0000B22782
:20C960002F052E8A000552982EC7C1032EE90040B2F07F082F012E190000B2042F003021F6
:20C980002EE900982EB4B1012E180000B2102F0550982E4DC30550982E5AC7982EF9B498AB
:20C9A0002E54B2982E67B6982E17B21030212E7700012EEF0000B2042F982E7AB700302180
:20C9C0002EEF00012ED40004AE0B2F012EDD0000B2072F0552982E8E0E00B2022F1030215A
:20C9E0002E7D00012E7D000090902EF102012ED70000B2042F982E2F0E0030212E7B0001B6
:20CA00002E7B0000B2122F012ED4000090022F982E1F0E092D982E810D012ED400049002A0
:20CA20002F5032982EFA030030212E7B00012E7C0000B2902E0903012E7C0001310108007B
:20CA4000B2042F982E47CB1030212E77008130012E7C00010800B2612F032E8900012ED4AF
:20CA60000098BC98B805B20F58232F079009540030372F15410441DCBE44BEDCBA2C0161BD
:20CA8000000F564A0F0C2FD14294B8C1421130052E6AF72CBD2FB980B20822982EC3B721D8
:20CAA0002D6130232ED400982EC3B70030212E5AF5182DE17F5030982EFA030F5207505095
:20CAC0004270300D5442427E82E26F80B24242052F212ED4001030982EC3B7032D603021D0
:20CAE0002ED400012ED4000690182F012E76000B540752E07F982E7AC1E16F081A403008AD
:20CB00002F212ED4002030982EAFB75032982EFA03052D982E380E0030212ED40000302120
:20CB20002E7C00182D012ED40003AA012F982E450E012ED4003F8003A2012F002E022D9881
:20CB40002E5B0E3030982ECEB70030212E7D005032982EFA03012E770000B2242F982EF5EC
:20CB6000CB032ED5001154010ABC848386212EC901E0401352C4408240A8B9524243BE537E
:20CB800042040A5042E17FF0314140F26F25BD0808020AD07F982EA8CF06BCD16FE26F086B
:20CBA0000A8042982E58B70030212EEE00212E7700212EDD00802EF4011A242200802EECD8
:20CBC000011050FB7F982EF3035750FB6F013071541142420EFC2FC02E0142F05F802E00BB
:20CBE000C1FD2D0100000000000000000000009A0134030000000000000000000000000077
:20CC0000000000000000000000000000000000000000000000000000000000000000000014
:20CC20000000000000000000000000000000000000000000000000000000000000000000F4
:20CC40000000000000000000000000000000000000000000000000000000000000000000D4
:20CC600000000000002050E77FF67F06320F2E61F5FE09C0B3042F17302F2EEF002D2E61A2
:20CC8000F5F66FE76FE05FC82E2050E77FF67F46300F2EA4F1BE0980B3062F0D2ED400845A
:20CCA000AF022F16302D2E7B0086302D2E60F5F66FE76FE05FC82E012E77F709BC0FB800F9
:20CCC000B21050FB7F10300B2F032E8A0096BC9FB840B2052F032E68F79EBC9FB840B2078A
:20CCE0002F032E7E004190012F982EDC03032C0030212E7E00FB6FF05FB82E2050E07FFB1B
:20CD00007F002E2750982E3BC82950982EA7C80150982E55CCE16F2B50982EE0C9FB6F009C
:20CD200030E05F212E7E00B82E7350013057541142420EFC2FB82E212E59F51030C02E2192
:20CD40002E4AF19050F77FE67FD57FC47FB37FA17F907F827F7B7F982E35B700B2902E9703
:20CD6000B0032E8F00072E9100052EB1003FBA9FB8012EB100A3BD4C0A052EB10004BEBF4E
:20CD8000B9CB0A4FBA22BD012EB300DC0A2FB9032EB8000ABE9A0ACFB99BBC012E97009FD4
:20CDA000B8930A0FBC910A0FB8900A252E1800052EC1F52EBD2EB9012E190031308A0400FA
:20CDC00090072F012ED40004A2032F012E180000B20C2F19500552982E4DB7052E780080C9
:20CDE000901030012F212E7800252EDD00982E3EB700B202300130042F012E190000B2003F
:20CE00002F2130012EEA00081A0E2F232EEA0033301B500B090140175646BE4B084C0A01A1
:20CE2000420A8015520142002E012E180000B21F2F032EC0F5F030480847AA7430072E7A6D
:20CE40000061224B1A052F072E66F5BFBDBFB9C0900B2F1D562B30D242DB420104C242049C
:20CE6000BDFE808184232E7A0002420232252E62F5052ED6008184252ED6000231252E6068
:20CE8000F5052E8A000B50900880B20B2F052ECAF5F03E9008252ECAF5052E59F5E03F9087
:20CEA00008252E59F5906FA16FB36FC46FD56FE66FF76F7B6F826F705FC82EC050907FE5C2
:20CEC0007FD47FC37FB17FA27F877FF67F7B7F002E012E60F5607F982E35B70230636F151C
:20CEE00052507F627F5A2C02321A0900B3142F00B2032F092E180000910C2F437F982E973F
:20CF0000B71F50028A02320430252E64F51552506F436F4443252E60F5D908C0B2362F98F4
:20CF20002E3EB700B2062F012E190000B2022F506F00900A2F012E79000090192F10302153
:20CF40002E79000030982EDC03132D012EC3F50CBC0FB81230100403B026252150035298ED
:20CF60002E4DB71030212EEE000230607F252E7900606F0090052F0030212EEA00155021A3
:20CF80002E64F51552232E60F50232506F0090022F0330272E7800072E60F51A090091A368
:20CFA0002F19090091A02F906FA26FB16FC36FD46FE56F7B6FF66F876F405FC82EC050E7F6
:20CFC0007FF67F26300F2E61F52F2E7C000F2E7C00BE09A27F807F80B3D57FC47FB37F916E
:20CFE0007F7B7F0B2F23501A251240427F74821240527F002E0040607F982E6AD68130019B
:20D000002E7C00010800B2422F032E8900012E890097BC06BC9FB80FB80090232ED80010CC
:20D020003001302A2F032ED40044B2052F47B200302D2F212E7C002B2D032EFDF59EBC9F43
:20D04000B84090142F032EFCF599BC9FB840900E2F032E49F125544A084090082F982E35F2
:20D06000B700B21030032F5030212ED400102D982EAFB70030212E7C000A2D052E69F72DD7
:20D08000BD2FB980B2012F212E7D00232E7C00E031212E61F5F66FE76F806FA26FB36FC499
:20D0A0006FD56F7B6F916F405FC82E60510A253688F47FEB7F0032315232301330982E158E
:20D0C000CB0A253384D27F433005502D52982E95C1D26F2752982ED7C72A25B086C07FD336
:20D0E0007FAF842950F16F982E4DC82A25AE8AAA88F26E2B50C16FD36FF47F982EB6C8E02D
:20D100006E00B2322F33548386F16FC37F04303030F47FD07FB27FE330C56F56404541284A
:20D120000803140EB408BC8240100A2F542605917F4428A37F982ED9C008B933305309C182
:20D140006FD36FF46F831747406C15B26FBE09750B90424542510E32BC0289A16F7E86F478
:20D160007FD07FB27F0430916FD62FEB6FA05EB82E032E97001BBC60509FBC0CB8F07F401C
:20D18000B2EB7F2B2F032E7F004140012EC800011A112F3758232EC8001041A07F388101C4
:20D1A00041D07FB17F982E64CFD06F0780A16F1142002EB16F01421130012EFC0000A803E5
:20D1C00030CB224A25012E7F003C8935520554982EC4CEC16FF06F982E95CF042D0130F00D
:20D1E0006F982E95CFEB6FA05FB82E032EB3000232F030033130508A080808CB08E07F8017
:20D20000B2F37FDB7F252F032ECA004190042F0130232ECA00982E3F03C0B2052F032EDA38
:20D220000000304104232EDA00982E92B21025F06F00B2052F012EDA0002301004212EDA52
:20D240000040B2012F232EC801DB6FE06FD05F802E95CF0130E06F982E95CF1130232ECAB2
:20D2600000DB6FD05FB82ED0500A2533845550D27FE27F038CC07FBB7F0030055A3954517D
:20D2800041A57F967F807F982ED9C00530F57F2025916F3B583D5C3B56982E67CCC16FD50D
:20D2A0006F52405043C17FD57F1025982EFEC91025982E74C0866F3028926F828CA56F6F76
:20D2C00052690E3954DB2F19A01530032F0030212E81010A2D012E810105284236212E8160
:20D2E00001020E012F982EF303575012300140982EFEC9516F0B5C8E0E3B6F57580230210B
:20D300002E9501456F2A8DD27FCB7F132F02303F50D27FA80E0E2FC06F535402005154423D
:20D320000E103059520230012F002E032D504242421230D27F80B2032F0030212E80011215
:20D340002D012EC9000280052E8001113091280040252E8001100E052F012E7F01019001D1
:20D360002F982EF303002EA0410190A67F902EE3B4012E950100A8902EE3B45B54958082A0
:20D380004080B202402D8C3F52967F902EC2B3290E762F012EC900004081284552B3309878
:20D3A0002E0FCA5D54807F002EA140727F82808240607F982EFEC91025982E74C0626F0581
:20D3C000308740C0910430052F052E830180B21430002F0430052EC900736F8140E24069E3
:20D3E00004110FE1401630FE29CB40022F836F830F222F4756130F1230772F4954420E12C4
:20D4000030732F00910A2F012E8B0119A802306C2F6350002E17420542682C12300B250898
:20D420000F5030022F212E8301032D4030212E83012B2E85015A2C123000912B25042F63C8
:20D440005002301742172C0242982EFEC91025982E74C0052EC90081845B308240372E8378
:20D4600001020E072F5F52403062404140910E012F212E830105302B2E85011230362C16B1
:20D48000301525817F982EFEC91025982E74C019A21630152F052E9701806F820E052F01A2
:20D4A0002E86010628212E86010B2D032E87015F544E289142002E8240900E012F212E8831
:20D4C000010230132C0530C06F081CA80F163005305B50092F02802D2E8201054205800011
:20D4E0002E02423E80002E06420230906F3E88014004414C280142078010252440004000F2
:20D50000A8F522232944427A827E884340044100ABF523DF284342D9A0142F0090022FD212
:20D520006F81B2052F6354062890428542092C02305B500380292E7E012B2E8201054212F7
:20D54000302B2E83014582002E40407A8202A0082F63503B30154205423780372E7E010518
:20D56000421230012EC900028C404084417A8C040F032F012E8B0119A4042F2B2E820198F2
:20D580002EF303123081906152082F654265424380398482880542454285420543002E80C7
:20D5A000410090902EE1B46554C16F804000B243586950442F555CB7878C0F0D2E9601C405
:20D5C00040362F41568B0E2A2F0B52A10E0A2F052E8F011425982EFEC94B54020F695005E1
:20D5E000306554152F032E8E014D5C8E0F3A2F052E8F01982EFEC94F54820F0530695065B8
:20D6000054302F6D521530428C454204302B2C84436B52428C002E85431530242C45428E81
:20D620000F202F0D2E8E01B10E1C2F232E8E011A2D0E0E172FA10F152F232E8D01132D9884
:20D640002E74C04354C20E0A2F655004800B3006820B42798041401230252E8C010142059B
:20D66000306950655484824384BE8C8440864126299442BE8ED57F19A143400B2E8C01841A
:20D6800040C7415D29272945428442C27F012FC0B31D2F052E940199A0012F80B3132F80C9
:20D6A000B3182FC0B3162F12400140927F982E74C0926F100F2030032F1030212E7E010A60
:20D6C0002D212E7E01072D2030212E7E01032D1030212E7E01C26F012EC900BC8402808252
:20D6E000400040900ED56F022F1530982EF30341910530072F67503D802B2E8F01054204B1
:20D7000080002E0542022C00300030A26F988A864080A7052F982EF303C030212E9501069B
:20D72000251A25E26F768296405643510EFB2FBB6F305FB82E012EB8000131410840B22031
:20D7400050F2300208FB7F0130102F052ECC008190E07F032F232ECC00982E55B6982E1DF1
:20D76000B51025FB6FE06FE05F802E95CF982E95CF1030212ECC00FB6FE05FB82E0051054B
:20D7800058EB7F2A2589526F5A895013410640B3011642CB160640F3021342650EF52F0548
:20D7A0004014302C29044208A10030902E52B6B388B08AB684A47FC47FB57FD57F927F738A
:20D7C000300430554042408A17F3086B01900253B84B82ADBE717F450A0954847F982ED9B3
:20D7E000C0A36F7B54D042A37FF27F607F2025716F755A7758795C7556982E67CCB16F6226
:20D800006F5042B17FB3301025982E0FCA846F2029716F926FA56F76826A0E73300030D0DC
:20D820002FD26FD17FB47F982E2BB715BD0BB8020AC26FC07F982E2BB715BD0BB8420AC0F3
:20D840006F081741188916E118D018A17F27251625982E79C08B54907FB330824080900D0B
:20D860002F7D52926F982E0FCAB26F900E062F8B501430426F516F144212420142002E313A
:20D880006F982E74C0416F807F982E74C0826F10044352010F052ECB0000300430212F51C9
:20D8A0006F43588C0E04301C2F8588416F04418C0F0430162F8488002E044104058C0E0409
:20D8C000300F2F8288316F044104058C0E0430082F8388002E04418C0F0430022F212EAD63
:20D8E0000114300091142F032EA10141900E2F032EAD0114304C28232EAD0146A0062F81FC
:20D90000848D5248828240212EA10142425C2C0230052EAA0180B20230552F032EA90192B6
:20D920006FB330982E0FCAB26F900F003002304A2FA26F875291008552510E022F002E4308
:20D940002C0230C26F7F52910E02303C2F516F8154982EFEC91025B3302125982E0FCA32DA
:20D960006FC07FB3301225982E0FCA426FB07FB3301225982E0FCAB26F90288352982EFE35
:20D98000C9C26F900F003002301D2F052EA10180B212300F2F426F032EAB01910E02301248
:20D9A0002F526F032EAC01910F02300C2F212EAA010A2C1230032ECB008D58088941401116
:20D9C000430043252EA101D46F8F5200433A89002E10431043610EFB2F032EA001111A0236
:20D9E0002F0225212EA001EB6F005FB82E915210300230955652424B0EFC2F8D548882936C
:20DA00005680425342404242868354C02EC242002EA3520051524047401A25012E97008F25
:20DA2000BE7286FB7F0B307CBFA5501008DFBA7088F8BFCB42D37F6CBBFCBBC50A907F1BB5
:20DA40007F0B43C0B2E57FB77FA67FC47F902E1CB7072ED200C0B20B2F9752012ECD0082DA
:20DA60007F982EBBCC0B30372ED200826F906F1A2500B28B7F142FA6BD25BDB6B92FB9801E
:20DA8000B2D4B00C2F99549B560B300B2EB100A1589B42DB426C092B2EB1008B42CB428640
:20DAA0007F7384A756C30839520550727F637F982EC2C0E16F626FD10A012ECD00D56FC42D
:20DAC0006F726F97529D5C982E06CD236F906F9952C0B204BD5440AFB94540E17F023006B3
:20DAE0002FC0B20230032F9B5C12309443854303BF6FBB80B3202F066F2601166F6E034504
:20DB000042C090292ECE009B52142F9B5C002E93418641E304AE0780AB042F80910A2F8694
:20DB20006F730F072F836FC0B2042F544245421230042C1130022C1130113002BC0FB8D250
:20DB40007F00B20A2F012EFC00052EC701101A022F212EC701032D022C01300130B06F984C
:20DB60002E95CFD16FA06F982E95CFE26F9F52012ECE00824050420C2C42421130232ED2E7
:20DB8000000130B06F982E95CFA06F0130982E95CF002EFB6F005FB82E83860130003094C6
:20DBA0004024180600530E4F02F92FB82EA952002E604041400DBC98BCC02E010A0FB8AB51
:20DBC00052533C524040404B00821626B901B84140100897B80108C02E11300108438625C0
:20DBE000400440D8BE2C0B2211544203804B0EF62FB82E9F501050AD52052ED300FB7F0056
:20DC00002E13409342410EFB2F982EA5B7982E87CF012ED90000B2FB6F0B2F012E69F7B159
:20DC20003F01080130F05F232ED900212E69F7802E7AB7F05FB82E012EC0F8032EFCF51511
:20DC400054AF5682080B2E69F7CB0AB1588090DDBE4C085FB959228090072F0334C308F29E
:20DC60003A0A080235C0904A0A4822C02E232EFCF51050FB7F982E56C7982E49C31030FB19
:20DC80006FF05F212ECC00212ECA00B82E032ED30016B802344A0C212E2DF5C02E232ED3CB
:20DCA0000003BC212ED500032ED50040B21030212E77000130052F052ED8008090012F23B0
:20DCC0002E6FF5C02E212ED90011308108012E6AF7713F23BD0108020AC02E212E6AF730CF
:20DCE000250030212E5AF51050212E7B00212E7C00FB7F982EC3B74030212ED400FB6FF095
:20DD00005F0325802EAFB7802E00C1802E00C1802E00C1802E00C1802E00C1802E00C1804E
:20DD20002E00C1802E00C1802E00C1802E00C1802E00C1802E00C1802E00C1802E00C1806B
:20DD40002E00C1012E5DF708BC80AC0EBB022F003041048206C0A40030112F40A9032F403B
:20DD6000910D2F00A70B2F80B3B358022F90A12613202380901030012FCC0E002F0030B868
:20DD80002EB550180808BC88B60D17C6BD56BCB758DABA04011D0A1050053032254503FB77
:20DDA0007FF6302125982E37CA16B59ABC06B880A8410A0E2F8090022F2D50480F092FBF16
:20DDC000A0042FBF90062FB754CA0F032F002E022CB7522D52F233982ED9C0FB6FF137C01C
:20DDE0002E0108F05FBF56B954D040C4400B2EFDF3BF529042944295420530C1500F8806CB
:20DE00004004419642C54248BE73300D2ED8004FBA8442034281B3022F2B2E6FF5062D0574
:20DE20002E77F7BD569308252E77F7BB54252EC2F5072EFDF34230B433DA0A4C00272EFDBE
:20DE4000F34340D43FDC084342002E002E43402430DC0A43420480032EFDF34A0A232EFDEB
:20DE6000F36134C02E0142002E60501A257A86E07FF37F0325C3524184DB7F3330982E1660
:20DE8000C21A257D82F06FE26F322516409440260185408E17C4426E039542410EF42FDB25
:20DEA0006FA05FB82EB051FB7F982EE80D5A25982E0F0ECB583287C47F65896B8DC55A65ED
:20DEC0007FE17F837FA67F747FD07FB67F947F1730C752C954517F002E856F427F002E5103
:20DEE000414581424113403B8A00404B04D006C0AC857F022F02305104D306418405305DC3
:20DF000002C916DF08D3008D02AFBCB1B9590A656F1143A1B4524153410143347F657F26FA
:20DF200031E56FD46F982E37CA326F756F83404241237F127FF63040255125982E37CA1478
:20DF40006F2005706F256F6907A26F316F0B3004429B428B425542327F40A9C36F717F0219
:20DF600030D040C37F032F4091152F00A7132F00A4112F84BD982E79CA556FB754544182DB
:20DF800000F33F4541CB02F630982E37CA356FA46F4143032C0043A46F356F1730426F5162
:20DFA0006F934042820041C3000343517F002E944041414C02C46FD156630E746F5143A588
:20DFC0007F8A2F092ED80001B3212FCB58906F1341B66FE47F002E91411440924115401765
:20DFE0002E6FF5B67FD07FCB7F982E000C0715C26F140B292E6FF5C3A3C18FE46FD06FE69A
:20E000002F1430052E6FF5140B292E6FF5182DCD560432B56F1C0151415241C340B57FE4FD
:20E020007F982E1F0CE46F218700430432CF545A0EEF2F1554092E77F7220B292E77F7FB58
:20E040006F505EB82E1050012ED40000B2FB7F512F01B2482F02B2422F0390562FD75279A5
:20E06000804240818400404242982E930CD954D750A14098BD82403E82DA0A44408B16E378
:20E08000005342002E43409A025242002E414015544A0E3A2F3A8200304140212E850F40A1
:20E0A000B20A2F982EB10C982E450E982E5B0EFB6FF05F0030802ECEB7DD52D35442424F65
:20E0C000847330DB5283421B306B422330272ED700372ED400212ED6007A84172C4242305D
:20E0E00030212ED400122D21300030232ED400212E7BF70B2D1730982E510CD5500C827260
:20E10000302F2ED400252E7BF74042002EFB6FF05FB82E70500A253986FB7FE13262309825
:20E120002EC2C4B556A56FAB08916F4B08DF56C46F23094DBA93BC8C0BD16F0B09CB52E133
:20E140005E5642AF094DBA23BD940AE56F68BBEB08BDB963BEFB6F5242E30AC02E4342909D
:20E160005FD150032E25F3134000409BBC9BB408BDB8B998BCDA0A08B68916C02E19006269
:20E18000021050FB7F982E810D012ED40031300804FB6F0130F05F232ED600212ED700B8F0
:20E1A0002E012ED700032ED600480E012F802E1F0EB82EE350213401428230C132252E62B8
:20E1C000F50100223001404A0A0142B82EE354F03B8340D808E5528342003083305042C4FF
:20E1E00032272E64F5940050424042D33F84407D82E30840428342B82EDD52003040427C4D
:20E2000086B952092E700FBF54C442D3865440554094428542212ED7004240252EFDF3C0D4
:20E22000427E82052E7D0080B2142F052E890027BD2FB98090022F212E6FF50C2D072E711C
:20E240000F14301C09052E77F7BD5647BE9308940A252E77F7E75450424A0EFC2FB82E500D
:20E260005002304386E550FB7FE37FD27FC07FB17F002E414000404804982E74C01EAAD3B2
:20E280006F1430B16FE322C06F5240E46F4C0E1242D37FEB2F032E860F40901130032F234C
:20E2A0002E860F022C0030D06FFB6FB05FB82E4050F17F0A253C86EB7F41332230982EC2F6
:20E2C000C4D36FF430DC094758C26F9409EB586ABBDC08B4B9B1BDE95A950821BDF6BF77B1
:20E2E0000B51BEF16FEB6F52425442C02E4342C05F5050F55031301142FB7F7B300B421172
:20E30000300280233301420300072E8003052ED3002352E27FD37FC07F982EB60ED16F08B8
:20E320000A1A257B86D07F01331230982EC2C4D16F080A00B20D2FE36F012E80035130C7F6
:20E3400086232E21F208BCC042982EA5B7002E002ED02EB06F0BB8032E1B00081AB07F70A2
:20E3600030042F212E21F2002E002ED02E982E6DC0982E5DC0ED50982E44CBEF50982E464B
:20E38000C3F150982E53C73550982E64CF1030982EDC032026C06F02311242AB330B4237D8
:20E3A0008001300142F337F752FB504440A20A42428B31092E5EF7F954E30883421B422332
:20E3C000334B00BC840B40333083420B42E07FD17F982E58B7D16F803040420330E06FF354
:20E3E000540430002E002E0189620EFA2F43421130FB6FC02E0142B05FC14A00006D5700D7
:20E4000000778E0000E0FFFFFFD3FFFFFFE5FFFFFFEEE1FFFF7C13000046E6FFFF000000E2
:20E420000000000000000000000000000000000000000000000000000000000000000000DC
:20E440000000000000000000000000000000000000000000000000802E00C1802E00C1805E
:20E460002E00C1802E00C1802E00C1802E00C1802E00C1802E00C1802E00C1802E00C18024
:20E480002E00C1802E00C1802E00C1802E00C1802E00C1802E00C1802E00C1802E00C18004
:20E4A0002E00C1802E00C1802E00C1802E00C1802E00C1802E00C1802E00C1802E00C180E4
:20E4C0002E00C1802E00C1802E00C1802E00C1802E00C1802E00C1802E00C1802E00C180C4
:20E4E0002E00C1802E00C1802E00C1802E00C1802E00C1802E00C1802E00C1802E00C180A4
:20E500002E00C1802E00C1802E00C1802E00C1802E00C1802E00C1802E00C1802E00C18083
:20E520002E00C1802E00C1802E00C1802E00C1802E00C1802E00C1802E00C1802E00C18063
:20E540002E00C1696D7536363072612073656C6620636865636B206572726F722E002E2E56
:20E560002F6C69627261726965732F7A665F6465766963652F7A665F6465766963655F692B
:20E580006D7536363072612E6300696D75363630726120696E6974206572726F722E002E65
:20E5A0002E2F6C69627261726965732F7A665F6465766963652F7A665F6465766963655F26
:20E5C0006970733230302E63002E2E2F6C69627261726965732F7A665F6465766963652F77
:20E5E0007A665F6465766963655F6B65792E63004D5439563033582073657420636F6E6616
:20E600006967206572726F722E002E2E2F6C69627261726965732F7A665F6465766963658C
:20E620002F7A665F6465766963655F6D7439763033782E63004D5439563033582067657456
:20E6400020636F6E666967206572726F722E002E2E2F6C69627261726965732F7A665F6492
:20E6600072697665722F7A665F6472697665725F646D612E63002E2E2F6C696272617269E6
:20E6800065732F7A665F6472697665722F7A665F6472697665725F657874692E63002E2EA8
:20E6A0002F6C69627261726965732F7A665F6472697665722F7A665F6472697665725F66B5
:20E6C0006C6173682E63002E2E2F6C69627261726965732F7A665F6472697665722F7A66B0
:20E6E0005F6472697665725F70776D2E63002E2E2F6C69627261726965732F7A665F64725F
:20E70000697665722F7A665F6472697665725F736F66745F6969632E63002E2E2F6C696247
:20E720007261726965732F7A665F6472697665722F7A665F6472697665725F7370692E6323
:20E74000002E2E2F6C69627261726965732F7A665F6472697665722F7A665F6472697665EF
:09E76000725F756172742E630092
:20E76C0032990080B6900080869300806A9B008056960080CCA00080849E008000A601605D
:20E78C00E03E0060E03E0060000000005000000009000000303F0060303F0060000000007A
:20E7AC00500000000A000100000000000000000000000000FFFFFFFF0600020000000000EE
:20E7CC0000000000000000000000000000000000000000000000000000000000000000002D
:20E7EC0000000000000000000000000000000000000000000000000000000000000000000D
:20E80C000000000000000000000000000000000000000000000000000000000000000000EC
:20E82C000000000000000000000000000000000000000000000000000000000000000000CC
:20E84C0000000000000000000000803F0000000000000000000000000000000000000000ED
:20E86C0000000000A4690180A4690180A4690180A4690180A46901800080094400000000F9
:20E88C000000A0400000A040000000000000000000000000000000000000000000000000AC
:20E8AC0000000000000000000000000000000000000000000000000000000000000001004B
:20E8CC0000000000000001000000000070420000A0420000F04200003C43000000000000E6
:20E8EC00002D31010AD7233CCDCCCC3D0000803F000020410000C842000040400000000021
:20E90C0000000C42000000000000C84100401C4501000000000000002041000000004F0042
:20E92C0000002700000000000000000000000000000002000000280000000000000000007A
:20E94C0000000000000000000000000000008FC2753F1F856B3FAE47613FE17A543FB81EFF
:20E96C00453F8FC2353F6666263F3D0A173F14AE073FD7A3F03E00000000000000000000C4
:20E98C0000000000574300003443000020C10000803F0000344400003444000000000000CA
:20E9AC00000000000000713D4A3F00000000000080C00000000000000000000000000000D4
:20E9CC00A0410000F0410000C84300000000AE47613E0000003F000000000000000000003B
:20E9EC0004429A99193F000000000100000000000000000000000000000000000000000039
:20EA0C00000000000000000000000000000000000000FAEDEBBA295C0FBDCDCC4C3F52494E
:20EA2C009D390000000000000000000000000000000000000000EC51B83DCDCCCC3D000020
:20EA4C0000000050914500E0924500A08C4500E092450000000000000000000000000000A5
:20EA6C00000000000000FFFF400100F8F000E401E201E101000000000100000002000000B6
:20EA8C00030000000400000005000000060000000700000008000000090000000000000040
:20EAAC000100000002002C01030032000400BC000500780006000000070000000800200073
:20EACC000900000000000404040404050506060607070808090A0A0A0A0A0B0B0B0B0B0F52
:20EAEC000F10111111121213141414151516161616161717181819191A1A1A1A1A1B1B1D48
:20EB0C001D1D0A0A0A0A0A0A0A0A0A0A0909090A0A0A0B0C0C0C0D0D0E0F0F101111121346
:20EB2C0014141415151617181819191A1A1D1D1E1E1E1E1E1F1F1F1F1F2020202020000095
:20EB4C000000050708090A0A0A0B0B0C0C0C0D0D0E0E0F0F0F0F0F0F10101111111212131A
:20EB6C001314141415151617171718181919191E1E202020202121212121210000000000B8
:20EB8C0000000000000101010100000000000000000000010000000004000001000000005F
:20EBAC000000000000002700001E00000000000000000000003200000100000100000100CF
:02EBCC00010145
:20EBD000010000000000006084E80180040000000100000004000060D2EA01803C000000F5
:20EBF000010000004000006088E801800400000001000000440000600EEB01803D00000013
:20EC100001000000840000604BEB01803C00000001000000C00000608CE8018004000000F2
:20EC300001000000C400006087EB01800100000001000000C800006090E801800400000085
:20EC500001000000CC00006088EB01800100000001000000D000006094E80180060000004E
:20EC700001000000D800006089EB01800100000001000000DC0000608AEB01800100000021
:20EC900001000000E00000609AE801803C000000010000001C0100608BEB0180010000006E
:20ECB0000100000020010060D6E801801000000001000000300100608CEB018001000000E8
:20ECD0000100000034010060E6E801800200000001000000380100608DEB018001000000A9
:20ECF000010000003C010060E8E801800400000001000000400100608EEB01800100000074
:20ED10000100000044010060ECE801800400000001000000480100606CE701801400000052
:20ED3000010000005C0100608FEB018001000000010000006001006090EB0180010000004A
:20ED5000010000006401006091EB018001000000010000006801006092EB01800100000016
:20ED7000010000006C01006093EB018001000000010000007001006094EB018001000000E2
:20ED90000100000074010060F0E8018014000000010000008801006095EB01800100000034
:20EDB000010000008C01006004E9018004000000010000009001006096EB018001000000EE
:20EDD000010000009401006097EB018001000000010000009801006098EB0180010000002A
:20EDF000010000009C01006099EB01800100000001000000A00100609AEB018001000000F6
:20EE100001000000A40100609BEB01800100000001000000A801006080E7018008000000DA
:20EE300001000000B00100609CEB01800100000001000000B40100609DEB01800100000087
:20EE500001000000B801006008E901800200000001000000BC0100600AE901800200000080
:20EE700001000000C00100600CE901800400000001000000C40100609EEB018001000000B5
:20EE900001000000C801006010E901800C00000001000000D40100609FEB01800100000070
:20EEB00001000000D80100601CE901800400000001000000DC010060A0EB01800100000033
:20EED00001000000E0010060A1EB01800100000001000000E4010060A2EB0180010000007D
:20EEF00001000000E8010060A3EB01800100000001000000EC010060A4EB01800100000049
:20EF100001000000F0010060A5EB01800100000001000000F401006020E90180020000009B
:20EF300001000000F8010060A6EB01800100000001000000FC010060A7EB018001000000E2
:20EF50000100000000020060A8EB0180010000000100000004020060A9EB018001000000AC
:20EF70000100000008020060AAEB018001000000010000000C020060ABEB01800100000078
:20EF90000100000010020060ACEB0180010000000100000014020060ADEB01800100000044
:20EFB0000100000018020060AEEB018001000000010000001C020060AFEB01800100000010
:20EFD000010000002002006022E90180180000000100000038020060B0EB01800100000042
:20EFF000010000003C020060B1EB01800100000001000000400200603AE901800C000000F1
:20F01000010000004C020060B2EB018001000000010000005002006046E9018008000000A7
:20F030000100000058020060B3EB018001000000010000005C020060B4EB01800100000005
:20F0500001000000600200604EE9018002000000010000006402006050E9018002000000A0
:20F07000010000006802006052E9018002000000010000006C02006054E901800200000068
:20F09000010000007002006056E90180040000000100000074020060B5EB018001000000D0
:20F0B00001000000780200605AE901803400000001000000AC020060B6EB0180010000003B
:20F0D00001000000B0020060B7EB01800100000001000000B4020060B8EB018001000000AD
:20F0F00001000000B8020060B9EB01800100000001000000BC02006088E70180CC000000E4
:20F110000100000088030060BAEB018001000000010000008C030060BBEB018001000000B4
:20F130000100000090030060BCEB0180010000000100000094030060BDEB01800100000080
:20F150000100000098030060BEEB018001000000010000009C030060BFEB0180010000004C
:20F1700001000000A00300608EE901800C00000001000000AC030060C0EB0180010000003A
:20F1900001000000B00300609AE901803000000001000000E0030060C1EB018001000000A5
:20F1B00001000000E4030060CAE901800400000001000000E8030060C2EB01800100000044
:20F1D00001000000EC030060CEE9018058000000010000004404006054E801801C000000BD
:20F1F000010000006004006026EA0180380000000100000098040060C3EB01800100000044
:20F21000010000009C040060C4EB01800100000001000000A0040060C5EB01800100000075
:20F2300001000000A40400605EEA01800A00000001000000B004006068EA018002000000F8
:20F2500001000000B40400606AEA01800200000001000000B80400606CEA018002000000B8
:20F2700001000000BC0400606EEA01800200000001000000C004006070EA01800200000080
:20F2900001000000C404006072EA01800200000001000000C8040060C6EB018001000000F6
:20F2B00001000000CC040060C7EB01800100000001000000D0040060C8EB0180010000006F
:20F2D00001000000D404006074EA01800200000001000000D804006076EA018002000000E4
:20F2F00001000000DC04006078EA01800200000001000000E00400607AEA018002000000AC
:20F3100001000000E40400607CEA01800200000001000000E80400607EEA01800200000073
:20F3300001000000EC04006080EA01800400000001000000F0040060C9EB018001000000F2
:20F3500001000000F404006084EA0180240000000100000018050060CAEB0180010000007C
:20F37000010000001C050060A8EA01802A000000010000004805006070E801800400000033
:20F39000010000004C050060CBEB018001000000010000005005006074E8018010000000D0
:20F3B0000100000060050060CCEB0180010000000100000064050060CDEB0180010000003A
:20F3D000020000006805006000000000290000000200000094050060000000000100000029
:20F3F00002000000980500600000000001000000020000009C0500600000000001000000F9
:20F4100002000000A005006000000000E10100000200000084070060000000000100000005
:20F4300002000000880700600000000001000000020000008C0700600000000001000000D4
:20F450000200000090070060000000003D00000002000000D007006000000000B237000044
:20F4700002000000843F0060000000006500000002000000EC3F00600000000069000000FC
:20F4900002000000584000600000000001000000020000005C4000600000000021580000EA
:20F4B000020000008098006000000000010000000200000084980060000000000100000042
:20F4D00002000000889800600000000012000000020000009C9800600000000041000000B1
:20F4F00002000000E0980060000000002500000002000000089900600000000041000000B9
:20F51000020000004C990060000000002500000002000000749900600000000041000000BF
:20F5300002000000B8990060000000002500000002000000E09900600000000041000000C7
:20F5500002000000249A00600000000025000000020000004C9A00600000000040000000CE
:20F570000200000000000070000000004C01000000000000000000000000000000000000BC
:02000004800278
:2000000000000000700059B30000000000000000000000000000000064B81E799B47E18668
:02000004800F6B
:0A414000911000E8D9EE6AB1DC0E20
:0A416000911000E8D9EE7EB1DC0EEC
:0A418000911000E8D9EE4EB1DC0EFC
:0A41A000911000E8D9EE7EB1DC0EAC
:0A41C000911000E8D9EE6AC1DC0E90
:0A41E000911000E8D9EE4EC1DC0E8C
:0A420000911000E8D9EE7EB1DC0E4B
:0A422000911000E8D9EE64D1DC0E25
:0A424000911000E8D9EE48D1DC0E21
:0A426000911000E8D9EE7EB1DC0EEB
:0A42A000911000E8D9EE42E1DC0EB7
:0A43C000911000E8D9EE7061DC0EE8
:0A43E000911000E8D9EE5431DC0E14
:0A440000911000E8D9EE7631DC0ED1
:0A442000911000E8D9EE6E21DC0EC9
:0A450000911000E8D9EE6E81DC0E88
:0A452000911000E8D9EE5A91DC0E6C
:0A456000911000E8D9EE54A1DC0E22
:0A478000911000E8D9EE5081DC0E24
:0A4A0000911000E8D9EE5EE1DC0E33
:0A5B8000911000E8D9EEA666DC0ED5
:0A5BA000911000E8D9EE8C76DC0EBF
:040000058000002057
:00000001FF
