:020000041008E2
:1000000000000828D1A50810C1B0081045AE08109E
:10001000C5B00810C9B00810CDB00810000000002D
:100020000000000000000000000000001DAF0810EC
:10003000D1B0081000000000D5B00810D9B00810E9
:10004000A79C0810CD9C0810F39C0810199D08105F
:100050003F9D0810659D08108B9D0810B19D0810EC
:10006000DDB00810E1B00810E5B00810E9B00810E4
:10007000EDB00810F1B00810F5B00810F9B0081094
:1000800040F0200070472DE9F14FB0B09246049146
:100090000DF142013A9A2B9199464A7000200AE0EC
:1000A0001AF8011B0498309A90470028049000F039
:1000B00034860D98401C0D909AF8000050B1252808
:1000C000EED1002100220791089209910A920B912A
:1000D0000C9204E00D9800F022BE41F001011AF8E4
:1000E000010F2028F9D023280CD02B2804D02D284C
:1000F00005D0302809D00BE041F00201EFE741F0D4
:100100000401ECE741F00801E9E741F01001E6E7FE
:100110002A280FD1D9F8002052F8040BC9F8002082
:1001200000280F9003D540420F9041F004010AF1DE
:10013000010A14E00F92DFF8EC3B0AE00F989842B6
:1001400005DA00EB800402EB4402303A0F920AF128
:10015000010A9AF80020A2F130000A28EED39AF89A
:1001600000002E2803D04FF0FF320E9229E01AF83B
:10017000010F2A2809D1D9F8000050F8042BC9F83A
:1001800000000E920AF1010A1BE02D280CBF0AF1B3
:10019000010A002000220E92DFF8884B0BE040B9E4
:1001A0000E9AA24205DA02EB820503EB4503303BCF
:1001B0000E930AF1010A9AF80030A3F130020A2ADC
:1001C000EDD3ADF840100FF660309AF8001000F053
:1001D000EDFE08B11AF8010B8DF842009DF84200BF
:1001E000682805D19AF8000068280CD1622106E041
:1001F0006C2804BF9AF800006C2804D171218DF896
:1002000042100AF1010A12A806901AF801BBBBF1CC
:1002100025012CD01C3900F09481091F022940F2DD
:100220009081133900F0AB84093900F08A81891E6E
:1002300000F04085491E00F0ED84491E022940F27D
:100240008081091F00F0E684491F00F0EF80491EFD
:1002500000F09584491E00F0D780C91E0CD0891E7D
:1002600000F08D84C91E00F08A8400F02EBD0123A9
:100270000793252100F026BDD9F8000050F8044B63
:10028000C9F80000002C059440F0AB802B99487809
:10029000002800F0A1804FF0FF340FF6942000F00A
:1002A00095FE241A40F0398500F01BBD01236A46F3
:1002B00002A9304600F000FE002840F02E85641EA2
:1002C000F4D13096079C12AF74B1309E17F8011B21
:1002D0000498B0470028049000F01F850D98401C3A
:1002E000641E0D90F2D130960A9C3021002C8DF8BE
:1002F00000100CDD309E01236A4602A9304600F052
:10030000DBFD002840F00985641EF4D13096059F7E
:10031000089C74B1309E17F8011B0498B047002860
:10032000049000F0FA840D98401C641E0D90F2D1E8
:1003300030960B9C3021002C8DF800100CDD309E87
:1003400001236A4602A9304600F0B6FD002840F0BD
:10035000E484641EF4D1309605980899099C4718E6
:1003600074B1309E17F8011B0498B0470028049020
:1003700000F0D3840D98401C641E0D90F2D130968D
:100380000C9C3021002C8DF800100CDD309E0123D8
:100390006A4602A9304600F08FFD002840F0BD8477
:1003A000641EF4D130969DF8400041077FF584AE7D
:1003B0002020002D8DF800007FF77EAE309C0123B9
:1003C0006A4602A9204600F077FD002840F0A58487
:1003D0006D1EF4D130946FE60FF63C30059000F0BE
:1003E00080BC0E9D002D04D5204600F00FFE044673
:1003F00007E02A46204600F025FE002814BF041B13
:100400002C46089400F06DBCD9F8001051F8040B8C
:10041000C9F8001020F00004002121F0FF35CDE9DB
:10042000024512AB0593782100F040BC2B99487827
:1004300020B14FF0FF340FF6B02030E79DF84200B6
:10044000622860D0682817D06A283FD06C2806D070
:10045000712847D074282CD07A281DD062E0D9F8B2
:10046000001051F8040BC9F80010002866D14FF0B5
:10047000FF340FF68C2012E7D9F8001051F8040B66
:10048000C9F8001020B94FF0FF340FF6742006E7CA
:100490000D99018000F025BCD9F8001051F8040B2B
:1004A000C9F80010002849D14FF0FF340FF6502052
:1004B000F5E6D9F8001051F8040BC9F8001000282F
:1004C0003CD14FF0FF340FF63820E8E6D9F80010A1
:1004D00051F8040BC9F8001080B94FF0FF340FF643
:1004E0002020DCE6D9F8001051F8040BC9F8001000
:1004F00020B94FF0FF340FF60820D0E60D9AD3173D
:10050000C0E90023EDE3D9F8001051F8040BC9F855
:10051000001020B94FF0FF340FF6E410BFE60D993C
:100520000170DEE3D9F8001051F8040BC9F800108F
:1005300020B94FF0FF340FF6C810B0E60D990160F6
:10054000CFE39DF842004C2807BFD9F80010CA1D20
:10055000D9F80000C21D22F00702C9F80020D2E934
:1005600000010832C9F80020CDE90201C80F02D00D
:1005700007982D210AE0BDF84000810702D50798B1
:100580002B2103E0C00705D50798202112AA11549A
:10059000401C079012A807994BF0200300EB010CB8
:1005A000DDE90201CDE92C01612BCDF814C021ACAD
:1005B0000BD00E98002848BF062105D404BF4BF08D
:1005C0002000672801D101210E91DDE902014F00D1
:1005D00047EAD0777E15FF174FF0FF32974208BFEA
:1005E000964210D1090341EA10510003002908BFC7
:1005F000002808D0ABF1610503211A2D089118D30A
:100600000FF61C1110E0DDE902014A00521512F14B
:10061000010F11D108030FD1ABF1610503211A2D90
:1006200008911FD30FF600110322604600F036FD3B
:1006300057E30FF6E801F7E7DDE902016A4600F04B
:1006400081FDCDE902014BF02000612811D1059810
:1006500030210170821C0592BBF1610F0CBF782123
:10066000582102E00FF6BC01DEE741700798801CBC
:100670000790DDE9020120F0000231F0004308BFDD
:10068000002A02D10026002542E14BF02008B8F1F3
:10069000610F40F092800E98002847BF2121019100
:1006A000401C0190019FDDE92C017F1C00220023EA
:1006B000DDE9024500F07EFD38BF85F00045009978
:1006C0008DF88420091F002F00910DF1850632DD81
:1006D000204629460022002300F086FD2BD21C2252
:1006E00000F09CFD04460D4600F01AFEFF1F002F8F
:1006F000804609DD00F01BFE02460B4620462946D7
:1007000000F01CFE04460D46F01D0721B8F1000F55
:100710000CDD491E5EBF08F00F0200F8012D4FEA04
:100720002818F3D502E0002200F8012D491EFAD561
:10073000C61D002FCCDC0DF18500361A01980DF195
:1007400085048642D8BF304600282FD4B04206DA4E
:100750000DF185010A5C082AA8BF0F2100DA0021EB
:10076000024621AB134400E0401E13F80159521E0B
:100770008D42F9D00F2904D10DF185018B5C5B1CF2
:100780008B54002A04D50099091D21AC401C00910E
:10079000411E0BD4621813783033DDB23A2DA4BF5A
:1007A0005B443A3B491E02F80139F4D50E99002901
:1007B00040F1AC80421E0E92A8E00099DFF8E826D6
:1007C00047F29750414391FBF2F20092DDE92C454C
:1007D000C2F10702002A25F0004504DD2046294623
:1007E00000F03EFB0BE052420020DFF8C01600F0A4
:1007F00037FB02460B462046294600F0A8FD04467A
:100800000D46B8F1660F06BF009F0A3706270E98FF
:100810003F18142FC8BF142730208DF884000DF125
:100820008506002F34DD2046294600F099FD01465B
:100830000A4606F1080304200A26B2FBF6F606EB88
:10084000860EA2EB4E02303203F8012C0A22B6FBD0
:10085000F2F202EB820EA6EB4E063036401E03F893
:10086000026DE9D1083F002F03F10806D9DD0846E3
:1008700000F07DFD02460B462046294600F05EFD55
:100880000022DFF82C3600F079FD04460D46CAE759
:100890000DF18500361A0DF1850404E00098401E24
:1008A000761E0090641C20783028F7D0B8F1660FCF
:1008B00002D10098401C04E0B8F1650F0CBF012084
:1008C00000200E9940188642B8BF701E00281DD423
:1008D000B04204DA215C3429C8BF392100DC302160
:1008E0000246631E9D1800E0401E15F80169521E65
:1008F0008E42F9D0392902D1A15C491CA154002AA9
:1009000004D50099491C1C46401C00910646009DD8
:100910000E9F30B2002802DC01260FF210644BF06B
:100920002000662808BF6D1C15D067280FFA85F8CF
:1009300041D118F1040F44DBB84542DA9DF840007C
:100940006D1C010703D430B2B842D8BF074628B2A5
:100950003F1A48BF00270FFA85F8B8F1000F00F3DF
:10096000AF800898411C0891302205990A54002F45
:1009700003DC9DF84000010705D50898411C08914B
:100980002E2205990A5417EB080FB8BF7D422DB2ED
:100990006842ED1932B20B909542B8BF2E46059BC6
:1009A000089836B2099632462146184400F076FB84
:1009B000AD1B0C95CCE0BBF1610F15D14FF0700B66
:1009C00017E030B2B84204DA9DF840100A0758BF69
:1009D00007467F1E48BF0027BBF1670F14BF4FF0CB
:1009E000450B4FF0650B04E0BBF1410F08BF4FF022
:1009F000500B0898411C0891002F059914F8012B01
:100A00000A5403DC9DF84000010719D50898411CE1
:100A100008912E2205990A54002F11DD761E30B25E
:100A20008742B8BF3E460598089B32B2214618441B
:100A300000F034FB089836B23018BF1B08900B97B3
:100A4000059808990844B8F1000F80F800B003D465
:100A50002B224270821C04E02D2145464170821CED
:100A60006D4200212CAB28460AE004460A2094FB84
:100A7000F0F000EB8005A4EB450403F8014B491CA2
:100A800000B20028F1DC012906DC4BF020006528CB
:100A900004BF302002F8010B00292CAB08D1302014
:100AA00002F8010B06E0491E585C303002F8010BD9
:100AB0000029F8DC059908980844121A099247E0C1
:100AC00030B229B288421BDA0598089B32B221461F
:100AD000184400F0E3FA089936B271180891A8EBAF
:100AE0000600002F0B9003DC9DF84000020705D59F
:100AF000059A2E2050540999491C09910C9727E01A
:100B00000598089B2AB22146184400F0C7FA0898B5
:100B1000761B4044002F089003DC9DF840100A0724
:100B200004D5411C08912E2205990A5430B28742FF
:100B3000B8BF3E460598089B32B204EB0801184442
:100B400000F0ACFA089836B23018BE1B08900B962D
:100B50009DF8400000F01400102840F0C280079A71
:100B600008980B99821809988A1882180C980F997E
:100B70008018884280F2B580081A0A90B1E09DF88A
:100B80004200622808D068280ED06A2814D06C2849
:100B90001FD0712810D01CE0D9F8001051F8040BB8
:100BA000C9F80010C0B21AE0D9F8001051F8040BCF
:100BB000C9F8001080B212E0D9F80000C21D22F07E
:100BC0000702C9F80020D2E900010832C9F8002064
:100BD00006E0D9F8001051F8040BC9F80010002104
:100BE000CDE902019DF8400001075AD5DDE9022355
:100BF000002B08BF002A54D04BF02000782850D199
:100C0000079812A930220A54401C431C079301F88C
:100C100000B046E09DF84200622808D068280ED057
:100C20006A2814D06C281FD0712810D01CE0D9F885
:100C3000001051F8040BC9F8001040B21AE0D9F8BE
:100C4000001051F8040BC9F8001000B212E0D9F8F6
:100C50000000C21D22F00702C9F80020D2E90001FD
:100C60000832C9F8002006E0D9F8001051F8040B4A
:100C7000C9F80010C117CDE90201002902D5079873
:100C80002D210AE0BDF84000810702D507982B21ED
:100C900003E0C00705D50798202112AA1154401C73
:100CA000079012A8079901440591594602A800F03F
:100CB0004DF816E001200790D9F8000050F8041B09
:100CC000C9F800008DF848100BE001212522BBF186
:100CD000000F07918DF8482003D0022207928DF86B
:100CE00049B00F9D07990A986D1A08992D1A0B980B
:100CF0006D1A09992D1A0C986D1A9DF840102D1A2D
:100D000048073FF5DFAA2021002D8DF800107FF75E
:100D1000D9AA309E2C46FFF7C9BA4FF0FF3031B048
:100D2000BDE8F08FCBCCCC0C686A6C747A4C0000B8
:100D30007072696E74665F733A2062616420257315
:100D400020617267756D656E740000002DE9FC47C7
:100D500007468A463C6950466F2808BF082505D0DB
:100D6000FFF78EF9782814BF0A251025D7E900016E
:100D70003C2680468946BAF1640F18BFBAF1690F64
:100D800005D1002903D5D8F1000869EB4909B9F16B
:100D9000000F08BFB8F1000F0CD1386B50B9082D07
:100DA0003AD197F83800010736D530223B2684F82F
:100DB0003B2031E08DF800A0404649462A46EB171B
:100DC00000F0E6FA3032D0B2761E3A2801960EDAFA
:100DD000A255404649462A46EB1700F0D9FA80460C
:100DE0005FEA010908BFB8F1000F05D108E09DF8DE
:100DF00000001218513AEBE7F868A1198842DBD3DA
:100E0000082D09D197F83800010705D5A05D3028D5
:100E100002D0761E3020A055C6F13C03BB61A1195B
:100E2000F960386B834208DAC31A3B624FF6EF7001
:100E3000398F01403987BDE8F38700280ED597F830
:100E4000380000F01400102808D17A6B7969386AEC
:100E5000521A121AD21A002AC8BF3A62BDE8F387A2
:100E60002DE9D04306460F4614464FF00008DFF840
:100E7000449012E0E00707D542464B4630463946DB
:100E800000F07CFA06460F464046494642464B462D
:100E900000F074FA641080468946002CEAD130468E
:100EA0003946BDE8D0830000A08601000000F03F75
:100EB00084D7974100002440F8B505460E461746F2
:100EC0001C4600205CB117F8011BB068A847B06051
:100ED00030B1F06A401CF0620020641EF3D1F2BD14
:100EE0004FF0FF30F2BD00007072696E74665F7380
:100EF0003A20256E20646973616C6C6F77656400BD
:100F00007072696E74663A2062616420256E206199
:100F10007267756D656E7400000000006E616E0092
:100F20004E414E00696E6600494E46003000F0B4F6
:100F30000246106895681318506803EB5004C00708
:100F400048BF4D44A3422DD013F8016B16F00300A7
:100F500004BF13F8010BC01C31090F2907D113F886
:100F6000011B0F3103E013F8017B05F8017B401EE4
:100F7000F9D10029E6D013F8010BC6F38106032E40
:100F800008BF13F8016B00EB0620404228440026FE
:100F9000B71E8F421EBF10F8017B05F8017B761C3F
:100FA000F6D1CFE7F0BC02F10C007047C9B202786D
:100FB0008A421AB11CBF10F8012FF9E718BF0020B0
:100FC00070470268531C03601170704780B500B908
:100FD00006A005490B681BB122220021984701E0B9
:100FE00000F0EEFA222002BD00200328636F6E732A
:100FF000747261696E742068616E646C65723A2007
:10100000626164206D6573736167650000F10103BF
:10101000810704D010F8011B820781B1FAD1026860
:10102000A2F10131914311F0803104BF50F8042F37
:10103000F6E709BAB1FA81F100EBD100401CC01A01
:1010400070470000C9B2830706D0521E22D310F8A1
:10105000013B9942F7D11FE0083A13D302F1040291
:1010600041EA012141EA014150F8043B121F21BF2E
:101070004B40A3F1013C2CEA030C1CF0803FF3D061
:10108000C9B2001F083210F8013B521E28BF91EA76
:10109000030FF8D818BF0120401E704762B38B07BA
:1010A00008D0521E11F8013B00F8013B00F02480EB
:1010B0008B07F6D1830740F0208000BF103A07D39A
:1010C00030B4B1E83810103AA0E83810F9D230BC8A
:1010D000530724BFB1E80810A0E8081044BF51F836
:1010E000043B40F8043BD20724BF31F8022B20F820
:1010F000022B44BF0B7803707047121F17D35B009D
:1011000009D151F8043B20F8023B1B0C121F20F8B8
:10111000023BF6D20BE051F8043B00F8013B1B0AFE
:1011200020F8023B1B0C121F00F8013BF3D238BF22
:10113000121D521E24BF11F8013B00F8013BF8D8E4
:101140007047000010B5144600F002F8226010BD90
:10115000C1F30A5343B14A0012F5001F28D2A3F28B
:10116000FE32A1EB0251704750EA410C20D001F051
:10117000004C31EA0C01B1FA81F204BFB0FA80F3FD
:10118000D2180B3AB2F120032CBF00FA03F19140C0
:1011900041EA0C013EBFC2F1200C20FA0CF31943C6
:1011A0009040524240F2FD33D21A01EB0351704796
:1011B0000022704741EA030C50EA4C0C52EA0C0C36
:1011C0004FF4001C09D307D01CEB410F9CBF1CEB54
:1011D000430F8B4208BF824270471CEB430FFBD882
:1011E000994208BF9042704741EA030C50EA4C0C08
:1011F00052EA0C0C4FF4001C09D307D01CEB410F32
:101200009CBF1CEB430F994208BF904270471CEBF8
:10121000410FFBD88B4208BF8242704700B541ECBA
:10122000100B104600F004F851EC100B00BD00BF8D
:10123000020030EE101B40F2FF7C37D41CEA115341
:1012400013D063456BD09B18634504D201EB025168
:1012500020EE101B704701F0004141EA0C510020C4
:1012600041EC100BAFF30080704710EE100B50EA0A
:10127000410054D0B2F57F7F08D202EB5C01090532
:10128000002041EC110B20EE010B70474FF0FE41A6
:10129000002341EC113B20EE010BB2F57E7230EEE3
:1012A000101B4FEA410342EB5353CDE752421CEA75
:1012B000115316D0634532D09A4204D2A1EB0251A9
:1012C00020EE101B70475B1ED21AA1EB035120EEDB
:1012D000101B372A0CD3002001F0004141EC100B09
:1012E000C0E710EE100B50EA410018D0372AF2D2B6
:1012F000C2EB5C021105002041EC110BF1EE100A6B
:1013000020F01F0121F4F851E1EE101A20EE010B3C
:10131000F1EE101AE1EE100A11F0080FA2D1704799
:1013200041EC100BBDEEC00B10EE100A704700EE42
:10133000100AB8EEC00B51EC100B704741EC100BCB
:1013400043EC112B30EE410B51EC100B704741EC8C
:10135000100B43EC112B80EE010B51EC100B70477E
:1013600041EC100BBCEEC00B10EE100A704700EE03
:10137000100AB8EE400B51EC100B704741EC100B0B
:1013800043EC112B20EE010B51EC100B70470000C9
:10139000BBBBE1B1B2F5803F80F07E80022A1ED94E
:1013A0008C46B1FBF2F102FB11C31B0443EA10436C
:1013B000B3FBF2FC02FB1C3380B240EA0343B3FBF5
:1013C000F2F002FB103240EA0C4000237047022A80
:1013D00005D98446B0FBF2F002FB10C270474AB157
:1013E00005D100F0010249085FEA30007047002291
:1013F0000023704700F0E8B80B0002000021002035
:101400007047904271EB030CF6D3B3F5803F2FD2B7
:10141000F0B5B3FA83F7B1FA81F4A7F10F0E3D1BD3
:101420005340CEF1200602FA0EF2F3415340B5F1DB
:101430000F0746D80F3C2C444140C4F12006A04081
:10144000F1414140B1FBF3F603FB1611A2FB064547
:10145000001BA94102D2761E8018594180EA010280
:1014600021FA0EF362FA0EF200215A403046F0BD26
:1014700030B4B1FBF3FC03FB1C11A2FB0C45001BB9
:10148000A94103D2ACF1010C8018594130BC02468D
:101490000B46604600217047B2F1807F65D3F0B5FE
:1014A000B2FA82F7B1FA81F4C7F10F063D1B22FAB6
:1014B00006F307F1110EF24120355A40B5F10F073E
:1014C000B8D94140C4F12006A040F1414140B1FBF0
:1014D000F3FC03FB1C11A2FB0C45001BA94103D22A
:1014E000BCF1010C801859410F2F12D30F3FC903D3
:1014F00041EA5041B1FBF3F603FB1611A2FB06458E
:10150000D4EBC030A94102D2761E8018594146EA78
:10151000CC3C07B34140C7F12006B840F1414140FF
:10152000B1FBF3F603FB1611A2FB0645001BA94114
:1015300002D2761E8018594180EA010221FA0EF388
:10154000C7F1200462FA0EF20CFA07F05A402CFAA6
:1015500004F13043F0BD80EA010221FA0EF30021CC
:1015600062FA0EF260465A40F0BD8C46B1FBF2F1D1
:1015700002FB11C31B0243EA1063B3FBF2FC02FB44
:101580001C331B024CEA002043EA1063B3FBF2FC5D
:1015900002FB1C331B024CEA002043EA1063B3FB3E
:1015A000F2FC02FB1C331B024CEA002043EA1063EE
:1015B000B3FBF2FC02FB1C324CEA00200023704714
:1015C000012000F003B800007047000080B5AFF3C1
:1015D0000080024A11001820ABBEFBE72600020083
:1015E000022801D3012010E00B00DBB2042B01DB49
:1015F00001200AE0DFF8283803EB8000C9B2405C24
:10160000824201D3012000E000207047F8B50600B7
:101610000F0015001C00022E01D301201DE02A003E
:101620003900C9B23000FFF7DBFF012801D10120EA
:1016300013E03800C0B2002812D1B4F5807F0DD27B
:10164000DFF8E0077603304400EB850010F58050AA
:10165000016864F30F2101600020F2BD0120FCE766
:10166000FFB2012F11D1B4F5803F0CD2DFF8B407DF
:101670007603304400EB850010F5A050016864F358
:1016800017210160E8E70120E7E70120E5E700B264
:101690000012C0B27047F8B505000E001700280010
:1016A00000B2FFF7F4FF04002000C0B2022801D30B
:1016B000012024E03A003100C9B22000C0B2FFF797
:1016C0008FFF012801D1012019E0DFF85817200011
:1016D000C0B2400308442A00D2B200EB8200D0F826
:1016E000000CF6B266F3092067F30700E4B2640366
:1016F0002144EDB201EB8501C1F8000C0020F2BDE0
:1017000070B504000D001600022C01D301201DE06D
:1017100032002900C9B22000FFF762FF012801D181
:10172000012013E0DFF8FC166003085850F0004079
:1017300050F0407050F47F00EDB265F3092066F37D
:1017400007006203885064030859002070BD10B57B
:10175000C0B2002800F0EA80022800F0EB80C0F060
:10176000E780042800F0EA80C0F0E680062800F058
:10177000E980C0F0E580082800F0E880C0F0E4804F
:101780000A2800F0E780C0F0E3800C2800F0E68033
:10179000C0F0E2800E2800F0E580C0F0E180102863
:1017A00000F0E480C0F0E080122800F0E380C0F098
:1017B000DF80142800F0E280C0F0DE80162800F000
:1017C000E180C0F0DD80182800F0E080C0F0DC800F
:1017D0001A2800F0DF80C0F0DB801C2800F0DE80DB
:1017E000C0F0DA801E2800F0DD80C0F0D98020280B
:1017F00000F0DC80C0F0D880222800F0DB80C0F050
:10180000D780242800F0DA80C0F0D680262800F0A7
:10181000D980C0F0D580282800F0D880C0F0D480CE
:101820002A2800F0D780C0F0D3802C2800F0D68082
:10183000C0F0D2802E2800F0D580C0F0D1803028B2
:1018400000F0D480C0F0D080322800F0D380C0F007
:10185000CF80342800F0D280C0F0CE80362800F04F
:10186000D180C0F0CD80382800F0D080C0F0CC808E
:101870003A2800F0CF80C0F0CB803C2800F0CE802A
:10188000C0F0CA803E2800F0CD80C0F0C98040285A
:1018900000F0CC80C0F0C880422800F0CB80C0F0BF
:1018A000C780442800F0CA80C0F0C680462800F0F7
:1018B000C980C0F0C580482800F0C880C0F0C4804E
:1018C0004A2800F0C780C0F0C3804C2800F0C680D2
:1018D000C0F0C2804E2800F0C580C0F0C180502802
:1018E00000F0C480C0F0C080522800F0C380C0F077
:1018F000BF80542800F0C280C0F0BE80562800F09F
:10190000C180C0F0BD80582800F0C080C0F0BC800D
:101910005A2800F0BF80C0F0BB805C2800F0BE8079
:10192000C0F0BA805D2800F0BB80BBE01924BFE0A6
:101930003124BDE01824BBE03324B9E03524B7E0FE
:101940001424B5E03724B3E01324B1E02024AFE041
:101950001224ADE02124ABE01124A9E01024A7E07B
:101960002824A5E02924A3E02A24A1E009249FE05B
:101970002B249DE008249BE02C2499E0032497E08D
:10198000022495E0392493E03B2491E03D248FE04C
:1019900001248DE03F248BE0002489E0402487E08F
:1019A000412485E0422483E0432481E0BF247FE09A
:1019B00048247DE049247BE0BC2479E0992477E049
:1019C0009A2475E0502473E09B2471E0B6246FE004
:1019D00051246DE09C246BE0B52469E0522467E05B
:1019E000A02465E0B42463E0532461E0B3245FE005
:1019F00054245DE0B2245BE0B12459E0AD2457E00B
:101A0000602455E0AE2453E0612451E0AD244FE062
:101A100062244DE063244BE0AB2449E0642447E0BA
:101A2000AA2445E0652443E0A92441E0A8243FE03E
:101A300069243DE06B243BE06D2439E06F2437E0FE
:101A4000A32435E0702433E0A22431E071242FE098
:101A5000A1242DE097242BE0962429E0742427E08C
:101A6000952425E0752423E0942421E093241FE0AD
:101A700092241DE078241BE0792419E08C2417E0DF
:101A80007A2415E08B2413E07B2411E08A240FE0F4
:101A90005A240DE059240BE0892409E0582407E07A
:101AA000882405E09D22DFF8E818002000F010FEF1
:101AB0002000C0B210BD10B5C0B2002800F0EA800E
:101AC000022800F0EB80C0F0E780042800F0EA80F4
:101AD000C0F0E680062800F0E980C0F0E580082824
:101AE00000F0E880C0F0E4800A2800F0E780C0F051
:101AF000E3800C2800F0E680C0F0E2800E2800F0C1
:101B0000E580C0F0E180102800F0E480C0F0E080C3
:101B1000122800F0E380C0F0DF80142800F0E2809B
:101B2000C0F0DE80162800F0E180C0F0DD801828CB
:101B300000F0E080C0F0DC801A2800F0DF80C0F008
:101B4000DB801C2800F0DE80C0F0DA801E2800F068
:101B5000DD80C0F0D980202800F0DC80C0F0D88083
:101B6000222800F0DB80C0F0D780242800F0DA8043
:101B7000C0F0D680262800F0D980C0F0D580282873
:101B800000F0D880C0F0D4802A2800F0D780C0F0C0
:101B9000D3802C2800F0D680C0F0D2802E2800F010
:101BA000D580C0F0D180302800F0D480C0F0D08043
:101BB000322800F0D380C0F0CF80342800F0D280EB
:101BC000C0F0CE80362800F0D180C0F0CD8038281B
:101BD00000F0D080C0F0CC803A2800F0CF80C0F078
:101BE000CB803C2800F0CE80C0F0CA803E2800F0B8
:101BF000CD80C0F0C980402800F0CC80C0F0C88003
:101C0000422800F0CB80C0F0C780442800F0CA8092
:101C1000C0F0C680462800F0C980C0F0C5804828C2
:101C200000F0C880C0F0C4804A2800F0C780C0F02F
:101C3000C3804C2800F0C680C0F0C2804E2800F05F
:101C4000C580C0F0C180502800F0C480C0F0C080C2
:101C5000522800F0C380C0F0BF80542800F0C2803A
:101C6000C0F0BE80562800F0C180C0F0BD8058286A
:101C700000F0C080C0F0BC805A2800F0BF80C0F0E7
:101C8000BB805C2800F0BE80C0F0BA805D2800F008
:101C9000BB80BBE00824C0E00824BEE00824BCE010
:101CA0000824BAE00824B8E00824B6E00824B4E028
:101CB0000824B2E00824B0E00824AEE00824ACE038
:101CC0000824AAE00824A8E00824A6E00824A4E048
:101CD0000824A2E00824A0E008249EE008249CE058
:101CE00008249AE0082498E0082496E0082494E068
:101CF000082492E0082490E008248EE008248CE078
:101D000008248AE0082488E0082486E0082484E087
:101D1000082482E0082480E008247EE008247CE097
:101D200008247AE0082478E0082476E0082474E0A7
:101D3000082472E0082470E008246EE008246CE0B7
:101D400008246AE0082468E0082466E0082464E0C7
:101D5000082462E0082460E008245EE008245CE0D7
:101D600008245AE0162458E0082456E0082454E0D9
:101D7000082452E0082450E008244EE008244CE0F7
:101D800008244AE0082448E0082446E0082444E007
:101D9000082442E0082440E008243EE008243CE017
:101DA00008243AE0082438E0082436E0082434E027
:101DB000082432E0082430E008242EE008242CE037
:101DC00008242AE0082428E0082426E0082424E047
:101DD000082422E0082420E008241EE008241CE057
:101DE00008241AE0082418E0082416E0082414E067
:101DF000082412E0082410E008240EE008240CE077
:101E000008240AE0082408E0082406E04FF486725B
:101E1000DFF87C15002000F05BFC2000C0B210BD94
:101E200018B008100000044080B5C0B2002800F0CF
:101E3000EA80022800F0EB80C0F0E780042800F080
:101E4000EA80C0F0E680062800F0E980C0F0E58076
:101E5000082800F0E880C0F0E4800A2800F0E7805D
:101E6000C0F0E3800C2800F0E680C0F0E2800E288D
:101E700000F0E580C0F0E180102800F0E480C0F0C0
:101E8000E080122800F0E380C0F0DF80142800F02A
:101E9000E280C0F0DE80162800F0E180C0F0DD8036
:101EA000182800F0E080C0F0DC801A2800F0DF8005
:101EB000C0F0DB801C2800F0DE80C0F0DA801E2835
:101EC00000F0DD80C0F0D980202800F0DC80C0F078
:101ED000D880222800F0DB80C0F0D780242800F0D2
:101EE000DA80C0F0D680262800F0D980C0F0D580F6
:101EF000282800F0D880C0F0D4802A2800F0D780AD
:101F0000C0F0D3802C2800F0D680C0F0D2802E28DC
:101F100000F0D580C0F0D180302800F0D480C0F02F
:101F2000D080322800F0D380C0F0CF80342800F079
:101F3000D280C0F0CE80362800F0D180C0F0CD80B5
:101F4000382800F0D080C0F0CC803A2800F0CF8054
:101F5000C0F0CB803C2800F0CE80C0F0CA803E2884
:101F600000F0CD80C0F0C980402800F0CC80C0F0E7
:101F7000C880422800F0CB80C0F0C780442800F021
:101F8000CA80C0F0C680462800F0C980C0F0C58075
:101F9000482800F0C880C0F0C4804A2800F0C780FC
:101FA000C0F0C3804C2800F0C680C0F0C2804E282C
:101FB00000F0C580C0F0C180502800F0C480C0F09F
:101FC000C080522800F0C380C0F0BF80542800F0C9
:101FD000C280C0F0BE80562800F0C180C0F0BD8035
:101FE000582800F0C080C0F0BC805A2800F0BF80A4
:101FF000C0F0BB805C2800F0BE80C0F0BA805D28D5
:1020000000F0BB80BBE00020C0E00020BEE001206B
:10201000BCE00120BAE00220B8E00320B6E00320D3
:10202000B4E00420B2E00420B0E00520AEE00520DA
:10203000ACE00620AAE00720A8E00920A6E00A20DC
:10204000A4E00B20A2E00B20A0E00C209EE00C20DE
:102050009CE00D209AE00D2098E00E2096E00F20E5
:1020600094E0102092E0112090E011208EE01220E8
:102070008CE012208AE0132088E0142086E01520EE
:1020800084E0162082E0162080E018207EE01920EF
:102090007CE019207AE01A2078E01B2076E01C20F2
:1020A00074E01C2072E01C2070E01D206EE01D20FA
:1020B0006CE01D206AE01E2068E01E2066E01E2005
:1020C00064E01F2062E01F2060E020205EE020200E
:1020D0005CE021205AE0222058E0242056E0242011
:1020E00054E0252052E0252050E026204EE0272015
:1020F0004CE027204AE0282048E0282046E029201C
:1021000044E0292042E02A2040E02C203EE02D201F
:102110003CE02E203AE02F2038E02F2036E030201F
:1021200034E0302032E0312030E031202EE0322027
:102130002CE033202AE0342028E0342026E035202B
:1021400024E0352022E0362020E037201EE0382031
:102150001CE039201AE0392018E03A2016E03A2035
:1021600014E03B2012E03B2010E03B200EE03C203E
:102170000CE03C200AE03D2008E03D2006E040F273
:102180007B128349002000F0A3FA0020C0B202BDF8
:10219000002007E07F49C2018A5822F00042C301B3
:1021A000CA50401C3F28F5DB70472DE9F041AAB02A
:1021B00004000D001600342100221DAF380000F08D
:1021C00019FB0020742100226F46380000F012FB3A
:1021D0000E201E902000C0B2FFF76DFC8DF87C0031
:1021E0002000C0B2FFF7B3FA07005FF00808200034
:1021F000C0B2FFF7ACFA1DAA97FBF8F108FB117704
:102200003900654BC0B2C010C001184400F0B1FBEA
:102210002000C0B2FFF708FE00220121C0B210F575
:10222000937000B2FFF737FA2000C0B2FFF7FCFD51
:10223000C0B210F5937000B2FFF729FA092300220B
:102240000121C0B2FFF7E2F92000C0B2FFF7ECFDB8
:10225000C0B210F5937000B2FFF719FA0022012105
:10226000C0B2FFF74DFA4D48B0FBF5F1090C4B48F1
:102270002A04B0FBF2F302FB1300002800D0491C33
:10228000022903D200208DF801002FE0032903D298
:1022900001208DF8010029E0052903D202208DF8E4
:1022A000010023E0092903D203208DF801001DE07D
:1022B000112903D204208DF8010017E0212903D24F
:1022C00005208DF8010011E0412903D206208DF888
:1022D00001000BE0812903D207208DF8010005E001
:1022E00040F2C9122A49002000F0F2F904208DF8CA
:1022F000000001208DF8100000208DF8110003204F
:102300008DF8120003208DF8130000208DF80800CE
:10231000224901229DF901008240B1FBF2F0B0FB9D
:10232000F5F0401E05900598401C06FB00F642F2B1
:102330001070B6FBF0F0089002208DF840000320EA
:102340008DF8680001201B9001208DF828002000E6
:10235000C0B2FFF769FD0F4D6946C0B2C001284405
:1023600000F046FB2000C0B2FFF75EFDC0B2C00126
:10237000284400F03DFC2000C0B2FFF755FDC0B27C
:10238000C001284400F039FC2AB0BDE8F08100000B
:10239000ECAB0810000058400000314000127A00F9
:1023A00082B000200190002000900020019009E000
:1023B0000098401C00900098B0F5005FF8D3019899
:1023C000401C01900198B0F5805F02D2002000907F
:1023D000F1E702B0704780B50100002000F09DFEDB
:1023E00001BD2DE9F043ADF5137D070088461600C9
:1023F0001C000020ADF802000020ADF80000002015
:1024000002900020ADF804000020ADF80600404620
:10241000FEF7FCFD0290DFF8A0532888002801D0C9
:1024200028698047DFF894030078002800F03381A2
:102430002888002800F01181BDF90600411CADF884
:1024400006103A00010089B20020EB689847474621
:102450004046FEF7DBFD02906888A97990FBF1F019
:10246000ADF804003800471C00780028FAD100209D
:10247000ADF800000EE07F1E38782F2802D03878A3
:102480005C2804D1BDF80000401CADF800000298A3
:10249000401E0290BDF80000022802DA02980028CF
:1024A000E9D50298002806D47A1CDFF8141353A843
:1024B00001F052F90EE0BDF80000002805D13A0005
:1024C000C04953A801F048F904E03A00BC4953A8B8
:1024D00001F042F90020ADF8020042E0BDF8001022
:1024E000BDF80020BDF8023053AF9BB2BDF9040027
:1024F000434313FA82F0385C43AA89B25054BDF8C2
:102500000000401CADF80000BDF8000080B2BDF92D
:10251000041088420EDA53A8FEF778FDBDF80020BB
:10252000BDF802309BB2BDF904104B4313FA82F19F
:102530008842D3D2002043A9BDF800208854BDF9B9
:102540000600411CADF8061043AAE97911FB00F121
:1025500089B20020EB689847BDF80200401CADF836
:102560000200BDF8027053A8FEF750FDBDF904103B
:10257000B0FBF1F0401CBFB2874203D20020ADF89F
:102580000000C1E73200904953A801F0E5F8BDF919
:102590000600411CADF8061053AAE97911FB00F1C1
:1025A00089B20020EB689847002C74D00020ADF869
:1025B000020041E0BDF80010BDF80020BDF8023077
:1025C0009BB2BDF90400434313FA82F0205C43AA96
:1025D00089B25054BDF80000401CADF80000BDF8B1
:1025E000000080B2BDF9041088420EDA2000FEF728
:1025F0000DFDBDF80020BDF802309BB2BDF90410FE
:102600004B4313FA82F18842D4D2002043A9BDF88B
:1026100000208854BDF90600411CADF8061043AAFD
:10262000E97911FB00F189B20020EB689847BDF809
:102630000200401CADF80200BDF802602000FEF769
:10264000E5FCBDF90410B0FBF1F0401CB6B28642C7
:1026500021D20020ADF80000C1E74FF480710022C4
:102660000DF10C09484600F0C5F83800A968884704
:10267000002C07D0009433004246544903A801F0CF
:102680006BF805E033004246514903A801F064F8B5
:1026900003A8A96888470DF5137DBDE8F08310B540
:1026A00046480078002809D04B4C2100002000F05B
:1026B00042FD01222100474801F0D3F810BD10B5BA
:1026C00014002200D2B2002000F018FD200010BD3E
:1026D00038B50C001500C0B2002803D13F4800787F
:1026E000002800D131BD3E490878002800D0FEE71F
:1026F0000878401C087001F0BDFA00232A00210070
:102700003848FFF76EFEFFF74BFEF6E710B51400F2
:102710001A00C0B2002808D128480078002804D048
:102720000B0021003048FFF75CFE10BD0021018046
:102730004FF6FF7141808180FF218171C1710021BD
:1027400081600021C1600021016170471A4902883F
:102750000A8042884A8082888A8082798A71C27916
:10276000CA7182688A60C268CA6000690861012013
:1027700012490870704700B585B06846FFF7D6FF6C
:102780001A4802906846FFF7E1FF05B000BD80B52A
:10279000FFF7F1FF002300225FF4E131002000F099
:1027A000D6FE4023124A00210A4801F0FAF901211D
:1027B000002000F066FD01BDBC1E03281120032887
:1027C000E8AF0810C8AF0810F4AF0810E4AE081066
:1027D00084AF0810781E032812200328EEBF0228B9
:1027E00013200328D8AF081000B00810D723081012
:1027F000D41D032862F30F2262F31F42401810F029
:10280000030308D0C91A1FD3DB0748BF00F8012D06
:1028100028BF20F8022D130030B414461546103995
:1028200028BF20E93C00FAD8490728BF20E90C005E
:1028300048BF40F8042D890028BF20F8022D48BF6A
:1028400000F8012D30BC7047C91818BF00F8012DE1
:10285000CB0728BF00F8012D7047000030B4614B52
:102860001818C009604C14EB001404290DD2236819
:102870001F25C8008540AB43D2B212F01F02C90029
:1028800012FA01F1194321600CE0091F63681F254A
:10289000C8008540AB43D2B212F01F02C9008A4083
:1028A0001A43626030BC7047002A04D1012212FA38
:1028B00001F1416003E0012212FA01F181607047E9
:1028C00010B48900436C0F248C40A34312F00F0214
:1028D00012FA01F11943416410BC704710B4836CC3
:1028E00001248C40A34312F0010212FA01F11943B2
:1028F000816410BC704710B4C36C01248C40A343A6
:1029000012F0010212FA01F11943C16410BC7047C0
:1029100010B449001031C36C03248C40A34312F05F
:10292000030212FA01F11943C16410BC70474269F5
:10293000012212FA01F141614069704710B48369C4
:1029400001248C40A34312F0010212FA01F1194351
:10295000816110BC704710B44900036C03248C40A3
:10296000A34312F0030212FA01F11943016410BCEF
:102970007047F8B505000E0014000027002D2ED07A
:10298000002C2CD0226831002800FFF78DFF227A1E
:1029900031002800FFF762FF626931002800FFF76D
:1029A0009DFFA26931002800FFF7A5FFE269310011
:1029B0002800FFF7ADFF626831002800FFF780FFB5
:1029C000E26831002800FFF7C6FF31002800FFF75A
:1029D000AEFF226931002800FFF7B0FF00E0034F8F
:1029E0003800F2BD0000CFBF0000304001005A00A7
:1029F0000122002800F0EC80002900F0E980754AEF
:102A000012680B7A63F392420B7B13F0030363F3B8
:102A100011420B7813F0070363F31A628B7863F3A8
:102A20009E7291F8283063F3000291F8343063F31A
:102A300041020B7F63F382024B7F63F3C30291F881
:102A4000403063F38A2291F84030DBB25B08DBB29E
:102A500063F3492291F8703063F3082291F87130E2
:102A600013F0030363F30D3202600A7A002A02D1E5
:102A70000022826007E00A7A012A02D14A69826054
:102A800001E0012282600A6A02614A6A4261CA6AFE
:102A900082610A6BC2614A6902628A6942624E4A75
:102AA000126891F8443003F0FF03120A12021A432D
:102AB00091F84C3003F0FF0363F3174291F85C3058
:102AC00003F0FF0363F31F6291F86C3003F0FF0320
:102AD00063F30F224264414A126891F8643003F0B4
:102AE000FF0363F30F2291F8543003F0FF03120A3F
:102AF00012021A4382643A4A126891F8413013F084
:102B00000303920892001A4391F8603013F0030314
:102B100063F38B2291F8483013F0030363F305123B
:102B200091F8503013F0030363F3092291F8583001
:102B300013F0030363F3871291F8683013F0030373
:102B400063F38302C264274A126891F8723013F06B
:102B50000703D208D2001A4391F8733013F0070329
:102B600063F30612426591F8352082671E4A1268A7
:102B70000B7C13F00303920892001A43CB7C13F0F2
:102B8000030363F387124B7C13F0030363F38302A5
:102B90008B7C13F0030363F305120265134A12687A
:102BA000CB8863F31F428B889BB21B0A9BB263F3F3
:102BB0000F220B78052B06D1097901F0FF01120ACB
:102BC00012020A4302E0497861F30702026300221D
:102BD0001000704794B0081098B008109CB008100E
:102BE000A0B00810A4B00810A8B00810ACB008102D
:102BF000016851F00041016070474030016851F0B8
:102C00001001016070470000010009B2002909D4D9
:102C1000012210F01F018A40DFF8F41A00B24009C7
:102C200041F820207047022801D3012010E00B005A
:102C3000DBB2042B01DB01200AE0DFF8D83A03EB1A
:102C40008000C9B2405C824201D3012000E0002034
:102C50007047F8B504000F0015001E00022C01D3C8
:102C600001202AE02A003900C9B22000FFF7DBFF6B
:102C7000012801D1012020E006983900C9B20229BB
:102C80001ED1B6F5803F19D2202817D24FF4C0527A
:102C9000DFF8841A63030B4403EB850313441F68B6
:102CA00066F317271F606403214401EB850111447B
:102CB0000A6860F3C7020A600020F2BD0120FCE749
:102CC000FFB2032F1FD1B6F1807F1AD2202818D26D
:102CD0004FF4E052DFF8401A63030B4403EB850323
:102CE00013441F6807F0FF0757EA06271F606403B5
:102CF000214401EB850111440A6860F3C7020A60B0
:102D0000DAE70120D9E70120D7E700B20012C0B20C
:102D10007047F8B505000E001700280000B2FFF755
:102D2000F4FF04002000C0B2022801D3012024E0F7
:102D30003A003100C9B22000C0B2FFF774FF012889
:102D400001D1012019E0DFF8D0192000C0B2400302
:102D500008442A00D2B200EB8200D0F8000CF6B290
:102D600066F3092067F30700E4B264032144EDB27F
:102D700001EB8501C1F8000C0020F2BD70B5040024
:102D80000D001600022C01D301201DE032002900A5
:102D9000C9B22000FFF747FF012801D1012013E04D
:102DA000DFF874196003085850F0004050F040708C
:102DB00050F47F00EDB265F3092066F3070062036B
:102DC000885064030859002070BDD0F84003704754
:102DD000D0F80803C005C00D7047C0F84012704716
:102DE000D0F80802C005C00D7047D0F80802C0F343
:102DF000C030704738B505002800FFF7F1FF040028
:102E00002800FFF7F2FF0419002C01D1012000E097
:102E10000020C0B232BDC0F8C81F7047D0F8C80F3C
:102E20007047C0F8C01FD0F8C00F7047C0F8881FA7
:102E30007047D0F8880F7047C0F8801FD0F8800F17
:102E40007047016851F000410160704770B506009D
:102E50000124DFF8C8583000C0B255F82000FFF751
:102E6000DDFF40071FD53000C0B255F82000FFF746
:102E7000AFFF002810D03000C0B255F82000FFF797
:102E8000A4FFDFF89C183200D2B288540120DFF88A
:102E900094183200D2B288540421F6B255F82600B4
:102EA000FFF7BFFF0FE03000C0B255F82000FFF77A
:102EB000C0FF800507D54FF40071F6B255F8260023
:102EC000FFF7BAFF00242000C0B270BD38B504007F
:102ED0001500C9B200290ED0102919D0202924D0FC
:102EE00030292FD031293AD0402945D0502950D00F
:102EF00060295BD067E0DFF83008A0600120207314
:102F0000112060734FF48C70E0811220208260E009
:102F1000DFF81808A060012020731120607340F2D0
:102F20001D10E0816B20208253E0DFF80408A060D0
:102F300001202073112060734FF48E70E0816A20AD
:102F4000208246E0DFF8EC07A06002202073112009
:102F5000607340F21B10E0816920208239E0DFF8C5
:102F6000D807A060012020731120607340F21B106D
:102F7000E081692020822CE0DFF8C007A0600120FA
:102F80002073132060734FF48D70E08168202082DD
:102F90001FE0DFF8AC07A0600120207311206073F0
:102FA00040F21F10E0816D20208212E0DFF89407CC
:102FB000A06001202073112060734FF48F70E081B6
:102FC0006C20208205E0BA22DFF87C170020FFF792
:102FD0007FFBEDB2002D0ED0102D19D0202D24D066
:102FE000302D2FD0312D3AD0402D45D0502D50D0FE
:102FF000602D5BD067E0DFF8300720600020207193
:10300000112060714FF48C70E0811220208260E00A
:10301000DFF818072060002020711120607140F255
:103020001D10E0816B20208253E0DFF80407206050
:1030300000202071112060714FF48E70E0816A20B1
:10304000208246E0DFF8EC0620600120207111208C
:10305000607140F21B10E0816920208239E0DFF8C6
:10306000D8062060002020711120607140F21B10F2
:10307000E081692020822CE0DFF8C006206000207B
:103080002071132060714FF48D70E08168202082E0
:103090001FE0DFF8AC062060002020711120607175
:1030A00040F21F10E0816D20208212E0DFF89406CC
:1030B000206000202071112060714FF48F70E0813A
:1030C0006C20208205E0FE22DFF87C160020FFF74E
:1030D000FFFA31BD38B50400DFF84056C9B2200010
:1030E000C0B255F82000FFF778FE2000C0B255F8B6
:1030F0002000FFF77FFE0028F7D031BD70B5050036
:103100000E00140006E031782800C0B2FFF7E2FF9D
:10311000641E761C002CF6D170BD38B504000D007D
:1031200005E029782000C0B2FFF7D4FF6D1C287895
:103130000028F6D131BD10B40022DFF8E8350200D6
:10314000D2B29A5C002A0AD0DFF8D4250400E4B297
:10315000125D0A700021C0B21954012000E0002065
:10316000C0B210BC704770B505000C00DFF8AC654C
:103170002800C0B256F82000FFF75BFE4008400070
:1031800001002800C0B256F82000FFF74FFE2800CB
:10319000C0B256F82000FFF74CFE30F002000100EC
:1031A0002800C0B256F82000FFF740FE2800C0B249
:1031B00056F82000FFF73DFE30F020000100280007
:1031C000C0B256F82000FFF731FE2800C0B256F812
:1031D0002000FFF72EFE30F0400001002800C0B2B2
:1031E00056F82000FFF722FE2800C0B256F8200053
:1031F000FFF71FFE30F0100001002800C0B256F8A3
:103200002000FFF713FE2800C0B256F82000FFF799
:1032100010FE30F4807001002800C0B256F8200083
:10322000FFF704FE2800C0B256F82000FFF701FEA9
:1032300030F4806001002800C0B256F82000FFF78B
:10324000F5FD002C0ED02800C0B256F82000FFF784
:10325000E5FD50F400700100EDB256F82500FFF7CF
:10326000E5FD0DE02800C0B256F82000FFF7D6FDBE
:1032700030F400700100EDB256F82500FFF7D6FDDE
:1032800070BD70B505000C00DFF890642800C0B276
:1032900056F82000FFF7C2FD40084000010028005A
:1032A000C0B256F82000FFF7B6FD2800C0B256F8AD
:1032B0002000FFF7B3FD30F0080001002800C0B285
:1032C00056F82000FFF7A7FD2800C0B256F82000EE
:1032D000FFF7A4FD30F0200001002800C0B256F82E
:1032E0002000FFF798FD2800C0B256F82000FFF735
:1032F00095FD30F4807001002800C0B256F820001F
:10330000FFF789FD2800C0B256F82000FFF786FDC0
:1033100030F4007001002800C0B256F82000FFF71A
:103320007AFD2800C0B256F82000FFF777FD30F490
:10333000006001002800C0B256F82000FFF76BFDC6
:10334000002C0ED02800C0B256F82000FFF766FD12
:1033500050F004000100EDB256F82500FFF75BFDC8
:103360000DE02800C0B256F82000FFF757FD30F0FE
:1033700004000100EDB256F82500FFF74CFD70BDCA
:103380002DE9F0412DED028BA8B005000E001700CD
:1033900028003900C9B20909C0B2884201D1012010
:1033A00000E000201C00DFF8A0834FF4DB724146F0
:1033B000C0B2FFF78DF928002100C9B20909C0B2D7
:1033C000884201D1012000E0002040F2B7124146BE
:1033D000C0B2FFF77DF902A8142100F073FC34217C
:1033E00000220DF168084046FFF704FA4C21002244
:1033F0000DF11C084046FFF7FDF9082080B206FBDE
:1034000000F6D248B0FBF6F8D04806FB180000EEF4
:10341000100AB8EE400B01EE106AB8EE411B80EEC8
:10342000010BBFEEED0B10EE100B08EE100A2200A0
:10343000D2B23900C9B202A8FFF748FD08201B909C
:103440009DF80D008DF870001AAA9DF80C100298D6
:10345000FFF78FFA06201B909DF815008DF870007D
:103460001AAA9DF814100498FFF783FA0020079019
:10347000082008900920099002200B9002200C904F
:103480000020129000201490A44C2800C0B254F8E0
:10349000200000F05DFDAE492A00D2B23820424340
:1034A0000A4407A92800C0B254F8200000F00EFC1E
:1034B0002800C0B254F82000FFF7C3FC2A00D2B2A3
:1034C0000321BDF91600FFF724FCBDF91600FFF734
:1034D0001CFC8DED008AB8F1010843462A00D2B2E7
:1034E0000321C0B2FFF7B5FBBDF91600FFF70DFCD5
:1034F0002A00D2B20321C0B2FFF740FCBDF9180088
:10350000ADF800000320ADF8020001208DF80400A2
:10351000684600F065FD8F482900C9B250F82110B7
:10352000BDF9000000F09BFDBDF90200FFF76CFB48
:1035300000212800C0B2FFF7A4FE00212800C0B27D
:10354000FFF711FE28B0BDEC028BBDE8F0812DE93C
:10355000F0412DED028BA8B005000E0017002800E9
:103560003900C9B20909C0B2884201D1012000E086
:1035700000201C00DFF8D0814FF4FB724146C0B23E
:10358000FFF7A6F828002100C9B20909C0B2884295
:1035900001D1012000E0002040F2F7124146C0B204
:1035A000FFF796F802A8142100F08CFB34210022CA
:1035B0000DF168084046FFF71DF94C2100220DF17E
:1035C0001C084046FFF716F9082080B206FB00F6FB
:1035D0005E48B0FBF6F85D4806FB180000EE100AE6
:1035E000B8EE400B01EE106AB8EE411B80EE010B05
:1035F000BFEEED0B10EE100B08EE100A2200D2B257
:103600003900C9B202A8FFF761FC08201B909DF8A1
:103610000D008DF870001AAA9DF80C100298FFF7A3
:10362000A8F906201B909DF815008DF870001AAAC5
:103630009DF814100498FFF79CF9002007900820CB
:1036400008900820099002200B9000200C90002088
:10365000129000201490314C2800C0B254F8200081
:1036600000F076FC3A492A00D2B2382042430A449C
:1036700007A92800C0B254F8200000F027FB28005A
:10368000C0B254F82000FFF7DCFB2A00D2B20321BD
:10369000BDF91600FFF73DFBBDF91600FFF735FB3E
:1036A0008DED008AB8F1010843462A00D2B2032109
:1036B000C0B2FFF7CEFABDF91600FFF726FB2A00CD
:1036C000D2B20321C0B2FFF759FBBDF91800ADF823
:1036D00000000320ADF8020001208DF8040007224D
:1036E0001C482900C9B250F82110684600F0CEFAF3
:1036F00000212800C0B2FFF7C4FD00212800C0B29D
:10370000FFF731FD28B0BDEC028BBDE8F081000071
:1037100000E100E018B0081000000440C8BF022813
:10372000481F0328501F0328000031400002314089
:1037300000053140800831408006314000073140AB
:103740000001314080013140D4AC081000B4C40401
:10375000141A0328ACBF02280CB430B583B00A4653
:1037600006A90291044600250194009502AB01A927
:10377000084878441E30FCF786FC019A1570002832
:103780004EBF04460198041B204603B030BC5DF8D0
:103790000CFB00BF2FD8FFFF82688918816003E00F
:1037A00082684169521A8260816842699142F7D207
:1037B0007047C2688918C16003E0C2684169521A43
:1037C000C260C16842699142F7D2704770B5040087
:1037D000002C01D0012000E000205422DFF8FC136F
:1037E000C0B2FEF775FF0025207850F00100207070
:1037F0000020A0600020E0606069206160780028FF
:1038000003D0022810D007D315E061690022666852
:103810003000FEF7EFFF0EE06169490000226668A4
:103820003000FEF7E7FF06E0616989000022666864
:103830003000FEF7DFFF002020702800C0B270BD0E
:1038400010B50400002C01D0012000E000207022FF
:10385000DFF88813C0B2FEF73BFF60692169401AA8
:1038600010BD2DE9F84305001600002D01D0012000
:1038700000E000200C00AA22DFF86013C0B2FEF7BF
:1038800027FF00270020002C01D10327B5E028786E
:1038900010F0050F01D00427AFE0287850F00400A5
:1038A00028702869B042C0F0A380D5F81480A868B9
:1038B000B8EB0008B04567D26878002803D002282A
:1038C00041D01FD390E0424621006868AB6800EB0E
:1038D00003094846FDF7E2FB41462800FFF75CFF7D
:1038E000B6EB080204EB08016868AB6800EB030460
:1038F0002000FDF7D3FBB6EB080841462800FFF790
:103900004BFF71E05FEA480221006868AB6800EB9A
:1039100043094846FDF7C2FB41462800FFF73CFF3C
:10392000B6EB0802520004EB48016868AB6800EB94
:1039300043042000FDF7B2FBB6EB0808414628001F
:10394000FFF72AFF50E05FEA880221006868AB6851
:1039500000EB83094846FDF7A1FB41462800FFF72D
:103960001BFFB6EB0802920004EB88016868AB68A5
:1039700000EB83042000FDF791FBB6EB08084146FD
:103980002800FFF709FF2FE06878002803D00228FD
:103990001DD00ED328E0320021006868AB6800EB30
:1039A00003042000FDF77AFB31002800FFF7F4FE46
:1039B0001AE0720021006868AB6800EB4304200045
:1039C000FDF76CFB31002800FFF7E6FE0CE0B200CB
:1039D00021006868AB6800EB83042000FDF75EFB04
:1039E00031002800FFF7D8FE2869861B2E6100E011
:1039F0000527287810F0FB0028703800C0B2BDE819
:103A0000F2832DE9F04705000E001F00002D01D0C4
:103A1000012000E000201400DFF8C08140F25B12BA
:103A20004146C0B2FEF754FE002C01D0012000E058
:103A300000204FF4AE724146C0B2FEF749FE5FF07F
:103A4000000800200020002E02D15FF003088BE068
:103A5000297811F0030F03D020605FF006089CE086
:103A60002800FFF7EDFE2168884209D220605FF050
:103A70000708002804D1287810F0F70028708CE09F
:103A8000287850F008002870D5F81490E868B9EB51
:103A900000092068814522D36878002803D00228D5
:103AA00013D008D35CE022686868E96801443000FC
:103AB000FDF7F4FA54E0226852006868E96800EB08
:103AC00041013000FDF7EAFA4AE022689200686896
:103AD000E96800EB81013000FDF7E0FA40E068782A
:103AE000002803D0022827D011D339E04A4668685D
:103AF000E9680144B2465046FDF7D0FA2268B2EBBD
:103B0000090269684E443000FDF7C8FA28E05FEA10
:103B100049026868E96800EB4101B2465046FDF78A
:103B2000BDFA2268B2EB09025200696806EB490649
:103B30003000FDF7B3FA13E05FEA89026868E968CC
:103B400000EB8101B2465046FDF7A8FA2268B2EBBD
:103B500009029200696806EB89063000FDF79EFABB
:103B6000287810F0F7002870FFB2002F15D12878C0
:103B70000B2802D15FF002080FE0287850F0020015
:103B8000287021682800FFF714FE29692068411871
:103B90002961287810F0FD0028704046C0B2BDE8C9
:103BA000F087F8B504000E0017001D00002C01D0AE
:103BB000012000E000204FF407720849C0B2FEF770
:103BC00087FD002067600021217066700021A160E0
:103BD0000021E16025616561C0B2F2BD90AA0810C4
:103BE000010009B2002908D4012210F01F018A4007
:103BF0001B4900B2400941F820207047010009B27A
:103C0000002908D4012210F01F018A40154900B292
:103C1000400941F820207047020012B2002A04D463
:103C20004901114A00B2115407E049010F4A00B29C
:103C300010F00F00104400F8041C7047002800D159
:103C400062B60B480168491C0160704772B60849AA
:103C50000868002802D00868401E0860086870479D
:103C600000E100E080E200E000E400E018ED00E0A8
:103C7000D41F032880B5FFF7E9FFFEF789FA01BDDD
:103C800080B5C9B200B2FFF7C7FF01BD70B504002F
:103C90000D001600200000F0A3F92900B4F900007F
:103CA00000F0DDF93100C9B2B4F90200FFF7E8FF16
:103CB000B4F90200FFF7A2FFB4F90200FFF790FF8A
:103CC00070BD0000002200F0E1B900002DE9F44FC2
:103CD000DFF8D822DFF8D8321B68DFF8D842246832
:103CE000DFF8D4522D68DFF8D4623668DFF8D0727E
:103CF0003F68DFF8D0C2DCF800C0DFF8CCE2DEF8C5
:103D000000E0DFF8C882D8F80080DFF8C492D9F864
:103D10000090DFF8C0A2DAF800A0002800F01581BA
:103D2000002900F012810A68022A06D191F82620A3
:103D3000002A02D15FF0000B03E0D1F804B0BBF120
:103D4000010B91F82420002A01D0012200E000227A
:103D500062F3104333F440436BF30303022262F334
:103D6000196303600A7812F0030262F319640464B1
:103D700091F82520002A01D0012200E0002262F300
:103D80008615CA7E002A01D0012200E0002262F3DB
:103D90008A254A7E002A01D0012200E0002262F337
:103DA00008258A7E002A01D0012200E0002262F369
:103DB00049258A6B521E12F00F0262F313450A69FD
:103DC000521E12F00702ED08ED0015434A6962F336
:103DD00004154A69520862F3451585640A7B002A76
:103DE00001D0012200E0002262F308260A7E002AA8
:103DF00001D0012200E0002262F349268A68521EA7
:103E000012F01F02760976011643C0F800630A7F9C
:103E100002F0FF023F0A3F02174391F8202002F010
:103E2000FF0262F31747C0F8107391F82720002AA9
:103E300001D0012200E0002262F3082C0A69521E20
:103E400012F007025FEADC0C5FEACC0C52EA0C0CC1
:103E50004A6962F3041C4A69520862F3451CC0F8BF
:103E600044C00A7B002A01D0012200E0002262F354
:103E7000082E8A68521E12F01F025FEA5E1E5FEA79
:103E80004E1E52EA0E0E0A68012A01D1012200E0FC
:103E9000002262F3104EC0F800E291F83C2002F0DC
:103EA000FF025FEA18285FEA082852EA0808C0F80B
:103EB000048391F82820002A01D0012200E000228A
:103EC00062F35969CA6A012A01D1012200E0002285
:103ED00062F318694A6B012A01D1012300E0002333
:103EE000009A63F3104991F8303003F0FF035FEA62
:103EF00019295FEA092953EA0909C0F8509091F895
:103F0000443003F0FF035FEA1A2A5FEA0A2A53EA01
:103F10000A0AC0F804A28B6CC0F8883F096CC0F88C
:103F2000C81F002A10D00020506000201060002020
:103F300090600020D060002010620020D06200203D
:103F40001063DFF89400506300221000BDE8F28F88
:103F5000DFF8881001605FF4401101640021816482
:103F600040F20711C0F800130022C0F80423002219
:103F7000C0F8102300224264C0F800120021C0F8EB
:103F80000412002101650021C0F8C81E0021C0F8FC
:103F9000881E0021C0F8C81F0021C0F8881F00211A
:103FA000C0F8081F0021C0F8481F70470160AA0030
:103FB00050B0081054B0081058B008105CB0081089
:103FC00060B0081064B0081068B008106CB0081039
:103FD00070B0081074B00810EFCDAB000F000003F4
:103FE00030B40021234A1368234A1468002832D0D1
:103FF000224A1568C5F303250E2D0FD01268C2F3AF
:1040000003220D2A28D1827812F00F0224092401FC
:1040100014430279002A15D0012214E0827812F0AC
:104020000F021B091B0113430279002A01D0012250
:1040300000E0002262F3DF73114AB0F9000042F899
:10404000203009E0002262F3DF740E4AB0F900006C
:1040500042F8204000E00649080030BC70470A4B97
:104060001A68002A03D01A6800B242F8201070477C
:104070000100560078B008107CB008100000204005
:1040800000A0204000C0204030BF022800B500BF83
:10409000130096469446103928BFA0E80C50FAD871
:1040A0005FEA417C28BF0CC048BF40F8042BC90719
:1040B00028BF20F8022B48BF00F8012B00BD0000EC
:1040C000D0F80803C005C00D704710F541710A68AB
:1040D00052F480320A6010F541710A6832F480327D
:1040E0000A60D0F804037047C0F840127047D0F857
:1040F0000802C005C00D7047D0F80802C0F3C030F8
:10410000704738B505002800FFF7F1FF04002800CC
:10411000FFF7F2FF0419002C01D1012000E000207C
:10412000C0B232BD0068C0F38130002801D18020C8
:1041300000E040207047016851F000410160704785
:104140002030026861F39B620260704780B5FFF720
:10415000B7FF02BD80B5FFF7B8FF01BD022801D34C
:10416000012010E00B00DBB2042B01DB01200AE090
:10417000DFF8283703EB8000C9B2405C824201D3EC
:10418000012000E000207047F8B504000F00150082
:104190001E00022C01D301202AE02A003900C9B2F6
:1041A0002000FFF7DBFF012801D1012020E0069865
:1041B0003900C9B202291ED1B6F5803F19D2202894
:1041C00017D24FF4C052DFF8D81663030B4403EB49
:1041D000850313441F6866F317271F606403214497
:1041E00001EB850111440A6860F3C7020A600020F0
:1041F000F2BD0120FCE7FFB2032F1FD1B6F1807F93
:104200001AD2202818D24FF4E052DFF89416630334
:104210000B4403EB850313441F6807F0FF0757EABD
:1042200006271F606403214401EB850111440A68DD
:1042300060F3C7020A60DAE70120D9E70120D7E777
:1042400000B20012C0B27047F8B505000E001700AA
:10425000280000B2FFF7F4FF04002000C0B20228DB
:1042600001D3012024E03A003100C9B22000C0B2DD
:10427000FFF774FF012801D1012019E0DFF82016B3
:104280002000C0B2400308442A00D2B200EB8200F2
:10429000D0F8000CF6B266F3092067F30700E4B229
:1042A00064032144EDB201EB8501C1F8000C00204C
:1042B000F2BD70B504000D001600022C01D30120E0
:1042C0001DE032002900C9B22000FFF747FF012896
:1042D00001D1012013E0DFF8C8156003085850F041
:1042E000004050F0407050F47F00EDB265F30920BB
:1042F00066F307006203885064030859002070BD0C
:104300000100C020C9B2002905D0022907D004D37A
:10431000032906D006E0122004E0622002E07A20A1
:1043200000E01A20C0B270470100C020C9B20029C5
:1043300005D0022907D004D3032906D006E01120B6
:1043400004E0612002E0792000E01920C0B270474B
:104350000100C020C9B2002905D0022907D004D32A
:10436000032906D006E0102004E0602002E0782057
:1043700000E01820C0B270470100C020C9B2002977
:104380000BD002290DD00AD304290ED00BD3062955
:104390000FD00CD307290ED00EE013200CE0142010
:1043A0000AE0632008E0642006E07B2004E0292086
:1043B00002E01B2000E01C20C0B27047010000207A
:1043C000C9B2002905D0022907D004D3032906D099
:1043D00006E0132004E0132002E0132000E0132085
:1043E000C0B2704701000020C9B2002905D00229DF
:1043F00007D004D3032906D006E0132004E01320DD
:1044000002E0132000E01320C0B27047010000203A
:10441000C9B2002905D0022907D004D3032906D048
:1044200006E0132004E0132002E0132000E0132034
:10443000C0B2704701000020C9B200290BD0022988
:104440000DD00AD304290ED00BD306290FD00CD3DC
:1044500007290ED00EE013200CE013200AE01320F1
:1044600008E0132006E0132004E0132002E01320EC
:1044700000E01320C0B27047C9B2082902D0102949
:1044800046D096E0DFF808160200D2B251F822209A
:10449000126832F440420300DBB251F823301A6054
:1044A0000200D2B251F82220D2F800225209520161
:1044B0000300DBB251F82330C3F800220200D2B26D
:1044C00051F82220D2F8002252F007020300DBB29A
:1044D00051F82330C3F800220200D2B251F8222052
:1044E000D2F80023520952010300DBB251F8233005
:1044F000C3F800230200D2B251F82220D2F80023E0
:1045000052F00702C0B251F82000C0F8002350E07A
:10451000DFF87C150200D2B251F82220126832F482
:1045200040420300DBB251F823301A600200D2B2DD
:1045300051F82220126852F480420300DBB251F895
:1045400023301A600200D2B251F82220D2F80022A1
:10455000520952010300DBB251F82330C3F80022A4
:104560000200D2B251F82220D2F8002252F00F02FB
:104570000300DBB251F82330C3F800220200D2B2AC
:1045800051F82220D2F80023520952010300DBB275
:1045900051F82330C3F800230200D2B251F8222090
:1045A000D2F8002352F00F02C0B251F82000C0F838
:1045B00000237047F8B504000E0008212000C0B2A7
:1045C000FFF75AFFDFF8CC542000C0B2285C08285F
:1045D0000FD02000C0B2285CC010DFF8BC1411EB73
:1045E000C01101202200D2B2AA5C12F00702904052
:1045F0000860DFF89C74F6B231002000C0B257F8B2
:104600002000FFF771FD2000C0B257F82000FFF72F
:1046100089FD06002000C0B257F82000FFF767FDB3
:104620008642F0D02000C0B257F82000FFF769FDA5
:104630000028F7D02000C0B2285C08280ED0200047
:10464000C0B2285CC010DFF8541411EBC011012077
:10465000E4B22A5D12F0070290400860F1BDF8B59F
:1046600004000E0010212000C0B2FFF705FFDFF8A4
:1046700024542000C0B2285C08280FD02000C0B20B
:10468000285CC010DFF8101411EBC01101202200CB
:10469000D2B2AA5C12F0070290400860DFF8F07313
:1046A000B6B231002000C0B257F82000FFF71CFD61
:1046B0002000C0B257F82000FFF734FD06002000AC
:1046C000C0B257F82000FFF712FD8642F0D020005C
:1046D000C0B257F82000FFF714FD0028F7D02000E3
:1046E000C0B2285C08280ED02000C0B2285CC010E0
:1046F000DFF8A81311EBC0110120E4B22A5D12F01B
:10470000070290400860F1BD2DE9F84307000D0055
:10471000140010213800C0B2FFF7AEFEDFF874635A
:104720003800C0B2305C08280FD03800C0B2305C0E
:10473000C010DFF8641311EBC01101203A00D2B2AF
:10474000B25C12F0070290400860DFF844832988C9
:104750003800C0B258F82000FFF7C6FCAD1C380086
:10476000C0B258F82000FFF7DDFC81463800C0B227
:1047700058F82000FFF7BBFC8145F0D0641E002CE8
:10478000E3D13800C0B258F82000FFF7BAFC002887
:10479000F7D03800C0B2305C08280ED03800C0B264
:1047A000305CC010DFF8F41211EBC0110120FFB231
:1047B000F25D12F0070290400860BDE8F1832DE938
:1047C000F04104000F00160008212000C0B2FFF7DE
:1047D00053FEDFF8C0522000C0B2285C08280FD07A
:1047E0002000C0B2285CC010DFF8AC1211EBC01181
:1047F00001202200D2B2AA5C12F0070290400860A9
:10480000DFF88C82FFB239002000C0B258F82000D7
:10481000FFF76AFC2000C0B258F82000FFF782FCC6
:1048200007002000C0B258F82000FFF760FC874264
:10483000F0D0F6B231002000C0B258F82000FFF7E7
:1048400053FC2000C0B258F82000FFF76BFC0600B4
:104850002000C0B258F82000FFF749FC8642F0D093
:104860002000C0B258F82000FFF74BFC0028F7D01A
:104870002000C0B2285C08280ED02000C0B2285CFE
:10488000C010DFF8181211EBC0110120E4B22A5D4C
:1048900012F0070290400860BDE8F08118B00810DF
:1048A00000000440F8B504000D000020082120009D
:1048B000C0B2FFF7E1FD774E2000C0B2305C08289F
:1048C0000ED02000C0B2305CC010734911EBC01193
:1048D00001202200D2B2B25C12F0070290400860C0
:1048E0006B4F2000C0B257F82000FFF72FFC0028C4
:1048F00005D02000C0B257F82000FFF72BFCEDB226
:1049000029002000C0B257F82000FFF7EDFB20007F
:10491000C0B257F82000FFF719FC0028F7D020009C
:10492000C0B257F82000FFF715FC00212000C0B2EC
:1049300057F82000FFF7D8FB2000C0B257F820003E
:10494000FFF7DFFB0028F7D02000C0B257F82000A7
:10495000FFF7FCFB0028F7D02000C0B257F820007A
:10496000D0F840032100C9B2715C08290DD02100A4
:10497000C9B2715CC910494A12EBC1120121E4B2FB
:10498000335D13F0070399401160C0B2F2BD2DE909
:10499000F84380460D0016001C0008214046C0B2B6
:1049A000FFF76AFD3B4F4046C0B2385C08280ED086
:1049B0004046C0B2385CC010374911EBC01101202D
:1049C0004246D2B2BA5C12F0070290400860DFF8AB
:1049D000C0904046C0B259F82000FFF7B7FB00284E
:1049E00005D04046C0B259F82000FFF7B3FBEDB246
:1049F00029004046C0B259F82000FFF775FB404639
:104A0000C0B259F82000FFF7A1FB0028F7D04046BC
:104A1000C0B259F82000FFF79DFB00214046C0B20C
:104A200059F82000FFF760FB4046C0B259F820005B
:104A3000FFF767FB0028F7D04046C0B259F82000C6
:104A4000FFF784FB0028F7D04046C0B259F8200099
:104A5000D0F840033070761C641E002CDDD1404637
:104A6000C0B2385C08280FD04046C0B2385CC010D5
:104A70000A4911EBC01101205FFA88F817F80820E5
:104A800012F0070290400860BDE8F18300000000CA
:104A90009CBF0228E01F0328040031400800314079
:104AA0002DE9F84F2DED028B9EB006000F009946C0
:104AB000042080B202FB00F2A848B0FBF2F8A7483D
:104AC00002FB180000EE100AB8EE400B01EE102AAF
:104AD000B8EE411B80EE010BBFEEED0B10EE100B9C
:104AE00008EE100A3421002201AC2000FDF782FEFE
:104AF0003C2100220EAC2000FDF77CFE3000494630
:104B0000C0B2C9B2884201D1012000E000202A9D34
:104B1000DFF84CA24FF470725146C0B2FDF7D8FDD9
:104B200048462900C0B2C9B2884201D1012000E044
:104B300000202B9C40F2C1325146C0B2FDF7C8FDA7
:104B4000062002902800C0B2FFF74CFC8DF80C0044
:104B50002800C0B2FFF7E8FB82465FF0080B280090
:104B6000C0B2FFF7E1FB7F4D01AA9AFBFBF10BFB03
:104B700011AA5146C0B2C010C0012844FDF7F9FE89
:104B8000062002904846C0B2FFF718FC8DF80C00D2
:104B90004846C0B2FFF7B4FB82465FF0080B4846B8
:104BA000C0B2FFF7ADFB01AA9AFBFBF10BFB11AA08
:104BB0005146C0B2C010C0012844FDF7DAFE200003
:104BC000C0B204281ED0082002902000C0B2FFF717
:104BD0001DFC8DF80C002000C0B2FFF7B9FB814628
:104BE0005FF0080A2000C0B2FFF7B2FB01AA99FBF0
:104BF000FAF10AFB11994946C0B2C010C00128441D
:104C0000FDF7B7FE2C9C2000C0B208281ED006205D
:104C100002902000C0B2FFF70DFC8DF80C002000C0
:104C2000C0B2FFF7A9FB81465FF0080A2000C0B2BE
:104C3000FFF7A2FB01AA99FBFAF10AFB1199494679
:104C4000C0B2C010C0012844FDF793FE3000C0B2CE
:104C5000032803D23000C0B2401C00E00020320024
:104C6000D2B2D21D032110F58F7000B2FFF7ECFA1B
:104C70003000C0B2032803D23000C0B2401C00E0B4
:104C8000002010F58F7000B2FFF7DAFA8DED008A80
:104C9000B8F1010843463200D2B2D21D0321C0B29E
:104CA000FFF772FA3000C0B2032803D23000C0B25E
:104CB000401C00E0002010F58F7000B2FFF7C0FA32
:104CC0003200D2B2D21D0321C0B2FFF7F2FAFFB216
:104CD000002F05D0022F09D005D3032F09D00AE0F9
:104CE0000020109007E00120109004E002201090B6
:104CF00001E00320109001200E9000200F9004206E
:104D00001190082012900820139001208DF8500077
:104D100001208DF85300104D00220EA93000C0B2C2
:104D200055F8200000F020F800213000C0B255F8FE
:104D30002000FFF705FA3000C0B255F82000FFF759
:104D4000FAF90448F6B284551EB0BDEC028BBDE8FA
:104D5000F18F0000E01F03289CBF022800B4C404A8
:104D600060AC0810000031402DE9F041DFF8D0318F
:104D70001C00DFF8D051D5F800C0DFF8CC512D6809
:104D8000DFF8C8613668DFF8C8713F685FF0000E71
:104D90005FF0000E002800F0D080002900F0CD80E8
:104DA0004C68002C01D18C6805E04C68022C01D1C4
:104DB000002400E00224D1F810E0D1F81480C645A8
:104DC00002D3D1F810E001E0D1F814E0BEF1090FF0
:104DD00008D23CF4404C91F82130002B12D05CF406
:104DE000807C11E0BEF1110F03D2012363F38F3CED
:104DF000F1E7BEF1210F03D2022363F38F3CEAE710
:104E000018009BE03CF4807CCB685B1E13F00F0322
:104E10005FEA1C1C5FEA0C1C53EA0C0C012363F3D1
:104E2000196CC0F800C00B7F002B01D0002300E0FC
:104E3000012363F300054B681B0963F34105CB7E37
:104E400063F304154B7E63F345150B68012B01D109
:104E5000012300E0002363F3DF7523005B0863F3A5
:104E6000820564F3C3054B7F63F308258B7F63F3EF
:104E70004925CB7F63F38A2591F8203063F3CB2556
:104E80000B7913F0030363F3196505620B7E63F37B
:104E900008278B7E63F349270B695B1E13F01F0302
:104EA0007F097F011F43C0F8007391F8243003F09D
:104EB000FF0310F5417425682D0A2D022B43236052
:104EC0000B7E63F308264B695B1E13F01F03760904
:104ED00076011E43C0F8006291F82C3003F0FF0306
:104EE00010F5017425682D0A2D022B4323600B6BEE
:104EF000C0F8883F8B6AC0F8C83F91F8383010F589
:104F00007064256863F34925256091F8391010F520
:104F100074631C6861F3CB241C600021C0F8C81EB8
:104F2000002A09D000201060002090610020D0608D
:104F30000020D0610748106200242000BDE8F08105
:104F40000140AA0040B0081044B0081048B0081052
:104F50004CB00810EFCDAB00DFF82C16C0B20860E3
:104F6000704710B50100DFF81006007800280CD15A
:104F70000820DFF808261060C9B20120FFF71AFBED
:104F80000820DFF80816086019E0DFF8F4050822A9
:104F900002601022DFF8E4351A60DFF8E8450422E9
:104FA0002260022202600800C0B2FFF7D5FF022093
:104FB0002060082020601020DFF8D015086010BDA8
:104FC00010B50100DFF8B0050078002804D1C9B29F
:104FD0000120FFF7EFFA11E0DFF8A40508220260D4
:104FE000DFF8A04504222260022202600800C0B25D
:104FF000FFF7B2FF022020600820206010BD70B5CE
:105000000400DFF874050078002805D1210089B27A
:105010000120FFF724FB1BE0DFF864650820306007
:10502000DFF860550420286002203060200080B244
:10503000000AC0B2FFF790FF022028600220306013
:105040002000C0B2FFF788FF0220286008202860F7
:1050500070BDF8B504000D00DFF81C0500780028CD
:1050600005D12A0021000120FFF74EFB21E0DFF8E7
:10507000106508203060DFF80C750420386012E0FD
:1050800002203060208880B2000AC0B2FFF764FFBF
:1050900002203860022030602088C0B2FFF75CFF39
:1050A00002203860A41C2800451E0028E8D10820F2
:1050B0003860F1BD2DE9F047060015001F00DFF84C
:1050C000D0843000B8F8002080B2904201D2012094
:1050D00000E000200C00DFF8BC9440F24912494681
:1050E000C0B2FDF7F5FADFF8B0A42000BAF800105E
:1050F00080B2884201D2012000E000204FF4A57266
:105100004946C0B2FDF7E4FA2800B8F8001080B2B2
:10511000884201D2012000E0002040F24B124946B3
:10512000C0B2FDF7D5FA3800BAF8001080B2884254
:1051300001D2012000E000204FF4A6724946C0B21F
:10514000FDF7C6FA2A20FFF70CFF300080B2FFF708
:1051500056FF280080B2FFF752FF2B20FFF701FF18
:10516000200080B2FFF74BFF380080B2FFF747FF07
:105170002C20FFF7F6FEBDE8F08700B585B0684645
:10518000FDF7D4FA0120ADF80000DFF80404008830
:10519000ADF80200DFF800040088ADF80400DFF885
:1051A0006C050078002803D002280FD007D30DE04B
:1051B00006208DF8060008208DF8070006E008207C
:1051C0008DF8060010208DF80700FFE70FF2FD2094
:1051D00003900FF2110004906846FDF7B7FA05B08E
:1051E00000BD00002DE9F041DFF8A45328884000FD
:1051F00000F05CFC040000200020DFF87C633078C5
:10520000002803D10820DFF878130860DFF88873DE
:105210003888431E9BB22888421E92B2002100208B
:10522000FFF748FF002007E0DFF87013098802004D
:1052300092B224F81210401C01002A8889B29142CF
:10524000F2D35FF0000805E029882000FFF701FF96
:1052500018F101084046398880B28842F4D330788A
:10526000002803D10820DFF81C130860200000F09C
:1052700026FCBDE8F081DFF8981408700878002853
:10528000012803D9801E01280AD912E0F020DFF896
:10529000001308804FF4A070DFF8FC12088008E0CB
:1052A0004FF4A070DFF8E8120880F020DFF8E81271
:1052B00008807047DFF85C241080DFF8E00201808E
:1052C0007047F8B5D8B005000E0014002800DFF8CC
:1052D000C012098880B2884201D2012000E000207B
:1052E000DFF8B07240F25D223900C0B2FDF7F0F98C
:1052F0003000DFF8A412098880B2884201D2012070
:1053000000E0002040F25E223900C0B2FDF7E0F973
:1053100000200020DFF860723878002803D10820D0
:10532000DFF85C120860DFF8E4030078002804D09E
:10533000022800F0C18047D3BEE0F31D9BB26A1D76
:1053400092B2310089B2280080B2FFF7B3FE00208C
:1053500000E0401C0100C9B2062930DA0621DFF85E
:10536000B8232300DBB24B431A440300DBB21A44D8
:1053700012F8C02C00230CE040AD1E00F6B24E43E4
:1053800056FA80F6DFF814C2BCF800C025F816C043
:1053900011E01D00EDB2082DDBDAD507ECD540ADEC
:1053A0001E00F6B24E4356FA80F6DFF868C3BCF82A
:1053B00000C025F816C0D2B252085B1CE9E73021C4
:1053C00040A8FFF746FE77E016F10F039BB2EA1DF7
:1053D00092B2310089B2280080B2FFF76BFE002044
:1053E00000E0401C0100C9B2082960DADFF82C2374
:1053F0002100C9B2090111440300DBB21944B1F51F
:10540000007109782300DBB21B011A440300DBB2F0
:105410001A44B2F5FC72127800231DE06D461E009E
:10542000F6B2F60056FA80F6DFF870C1BCF800C09C
:1054300025F816C00DE0CD07F0D56D461E00F6B27A
:10544000F60056FA80F6DFF8CCC2BCF800C025F8AA
:1054500016C0C9B249085B1C1D00EDB2082DEADB7D
:1054600000210DE06B460D00EDB2ED0055FA80F520
:1054700003EB4503DFF824512D88A3F8805012E098
:105480000B00DBB2082BACDAD307EBD56B460D0073
:10549000EDB2ED0055FA80F503EB4503DFF87452E9
:1054A0002D88A3F88050D2B25208491CE8E7802129
:1054B0006846FFF7CEFDFFE73878002802D10820C4
:1054C0003049086059B0F0BD00000000F8B5040094
:1054D0000E0015002000DFF8B810098880B288425D
:1054E00001D2012000E00020DFF8A87040F2BA22CB
:1054F0003900C0B2FDF7ECF83000DFF89C100988E5
:1055000080B2884201D2012000E0002040F2BB229C
:105510003900C0B2FDF7DCF800270EE00CE03800DF
:1055200080B22A5C310089B2380080B2C00010FA23
:1055300084F080B2FFF7C5FE7F1C380080B2285C83
:10554000002817D0DFF8D8010078002803D00228FF
:10555000E4D0E4D3F0E7380080B22A5C310089B2AD
:105560003B009BB20620434313FA84F080B2FFF75E
:10557000A8FEE1E7F1BD000019200328040B31402B
:10558000040631400806314080063140080B3140A6
:10559000E4BF022804AB0810E6BF0228EABF0228D5
:1055A0002DE9F84F060015009A46DFF8C844300090
:1055B000228880B2904201D2012000E000200F003A
:1055C000DFF8B48440F291324146C0B2FDF780F872
:1055D0003800DFF89C14098880B2884201D201208B
:1055E00000E00020009540F292324146C0B2FDF743
:1055F0006FF80098002801D0012000E0002040F260
:1056000093324146C0B2FDF763F80020002000202D
:1056100000202088400000F049FA8046DFF85C94C2
:1056200099F80000002803D10820DFF8541408601E
:105630000C9C0B9DE019431E9BB2A819421E92B20E
:10564000390089B2300080B2FFF734FD5FF0000B03
:105650000A9E0D9F06E0290089B24046FFF7F9FC3B
:105660001BF1010B200080B2834542D2300080B292
:1056700000FB0BF0210089B2B0FBF1F1504680B283
:1056800041430098014400220EE04FF6FF7028F8D5
:10569000120008E03B00DBB280B29BB29842F4D229
:1056A000002028F81200521C280080B28242D2D278
:1056B000504680B200FB02F02B009BB2B0FBF3F02F
:1056C000085C3B00DBB2002BE4D10300DBB2DB085B
:1056D000DBB2DB0284465FFA8CFC5FEA9C0C5FFA6B
:1056E0008CFC53EA4C13C0F3C400034328F8123077
:1056F000D9E799F80000002803D10820DFF88413C7
:105700000860404600F0DBF9BDE8F18FEFBF0228EA
:105710001A200328E8BF0228FC960810B486081057
:10572000EFBF0228FEB5C0B2002830D10020D34917
:105730000870D74CB4202070D64D58202870D64E13
:105740006320307008200290042001900120009016
:105750000123D24A00210120FFF7A2F903230022EE
:105760000121B32000F025FA032300220121207833
:1057700000F01FFA032301220121307800F019FA0A
:10578000032301220121287800F013FA5FE00120B1
:10579000BA490870BE48B3210170BE4C582121702F
:1057A000BD4D63212970032300220121007800F000
:1057B00000FA032300220121207800F0FAF90323E4
:1057C00001220121287800F0F4F9032300220121AD
:1057D000622000F0EEF9032300220121612000F095
:1057E000E8F9032301220121B42000F0E2F90323A8
:1057F00001220121682000F0DCF9032301220121AC
:10580000692000F0D6F90323012201216A2000F06B
:10581000D0F90323012201216B2000F0CAF90323F0
:10582000012201216C2000F0C4F90323012201218F
:105830006D2000F0BEF90323012201216E2000F04B
:10584000B8F90323012201216F2000F0B2F9944C32
:105850002078FFF710FD8C4801888C480088FFF7FE
:1058600029FD904D01268B48017811F0070116FAA9
:1058700001F10078C01015EBC0100160844F38783A
:1058800010F0070016FA00F03978C910864A12EBBA
:10589000C1121060052000F085FA387810F007007A
:1058A00086403878C01015EBC0152E60782000F0C7
:1058B00079FA724D2878002802D1082070490860D2
:1058C0001120FFF74EFB782000F06CFA3620FFF72E
:1058D00048FB2078002805D002280BD006D30328E7
:1058E0000CD00EE00020FFF76BFB0AE0C020FFF7B2
:1058F00067FB06E07020FFF763FB02E0A020FFF7E4
:105900005FFB3A20FFF72DFB0520FFF759FBB22084
:10591000FFF727FB0C20FFF753FB0C20FFF750FB92
:105920000020FFF74DFB3320FFF74AFB3320FFF742
:1059300047FBB720FFF715FB3520FFF741FBBB20E6
:10594000FFF70FFB2920FFF73BFBC220FFF709FB06
:105950000120FFF735FBC320FFF703FB1920FFF7FA
:105960002FFBC420FFF7FDFA2020FFF729FBC520FD
:10597000FFF7F7FA1A20FFF723FBC620FFF7F1FA2B
:105980001F20FFF71DFBD020FFF7EBFAA420FFF745
:1059900017FBA120FFF714FBE020FFF7E2FAD0206D
:1059A000FFF70EFB0820FFF70BFB0E20FFF708FBAD
:1059B0000920FFF705FB0920FFF702FB0520FFF791
:1059C000FFFA3120FFF7FCFA3320FFF7F9FA4820FD
:1059D000FFF7F6FA1720FFF7F3FA1420FFF7F0FAB3
:1059E0001520FFF7EDFA3120FFF7EAFA3420FFF730
:1059F000E7FAE120FFF7B5FAD020FFF7E1FA082037
:105A0000FFF7DEFA0E20FFF7DBFA0920FFF7D8FADE
:105A10000920FFF7D5FA1520FFF7D2FA3120FFF75A
:105A2000CFFA3320FFF7CCFA4820FFF7C9FA172046
:105A3000FFF7C6FA1420FFF7C3FA1520FFF7C0FAE4
:105A40003120FFF7BDFA3420FFF7BAFA2120FFF723
:105A500088FA2920FFF785FA2878002802D1082043
:105A600008490860FFF7BEFBFFF787FBF7BD0000A2
:105A7000E6BF0228E4BF022804AB0810192003285F
:105A80000406314008063140EABF0228E8BF022878
:105A9000F0BF0228F1BF0228F2BF022880C3C9016B
:105AA0001A200328080031400400314010B500F0EE
:105AB00009FA040008BFFBF783FD204610BD00F083
:105AC0009FBA00000069C84010F001007047012231
:105AD00012FA01F181607047012212FA01F141606E
:105AE000704710B48900436C0F248C40A34312F01C
:105AF0000F0212FA01F11943416410BC704780B5DE
:105B0000C9B200290ED00100C9B2082291FBF2F3FC
:105B100002FB1311494AC0B2C010C0011044FFF784
:105B2000D6FF0DE00100C9B2082291FBF2F302FB9F
:105B30001311424AC0B2C010C0011044FFF7CCFF9D
:105B400001BD80B50100C9B2082291FBF2F302FB4E
:105B500013113A4AC0B2C010C0011044FFF7B2FF9F
:105B6000C0B202BD10B5C9B200290BD1D2B2002A11
:105B700002D0022A02D003E00F220BE00B2209E040
:105B80000A2207E0D2B2042A01D10C2200E00E2240
:105B900012F007020100C9B2082391FBF3F403FBE2
:105BA0001411264BC0B2C010C0011844FFF799FF72
:105BB00010BD2DE9F8418DB004000E0015001F0046
:105BC00034210022E8464046FCF714FEF6B2002ECF
:105BD0000ED1FFB2002F02D0022F03D005E00F201C
:105BE00001900DE0082001900AE00820019007E0F4
:105BF000FFB2042F02D10F20019001E00E2001908E
:105C00002000C0B2C0280FD02100C9B208206A46C7
:105C100091FBF0F300FB131108482300DBB2DB100B
:105C2000DB011844FCF7A5FE2900C9B22000C0B270
:105C3000FFF765FF0EB0BDE8F081000000003140C5
:105C4000022801D301200FE00B00DBB2042B01DBA3
:105C5000012009E0954B03EB8000C9B2405C824211
:105C600001D3012000E000207047F8B506000F00C6
:105C700015001C00022E01D301201CE02A0039006F
:105C8000C9B23000FFF7DCFF012801D1012012E08A
:105C90003800C0B2002811D1B4F5807F0CD28448FE
:105CA0007603304400EB850010F58050016864F302
:105CB0000F2101600020F2BD0120FCE7FFB2012F9F
:105CC00010D1B4F5803F0BD279487603304400EB15
:105CD000850010F5A050016864F317210160E9E721
:105CE0000120E8E70120E6E700B20012C0B27047E9
:105CF000F8B505000E001700280000B2FFF7F4FF0A
:105D000004002000C0B2022801D3012023E03A00A1
:105D10003100C9B22000C0B2FFF792FF012801D1C3
:105D2000012018E062492000C0B2400308442A0064
:105D3000D2B200EB8200D0F8000CF6B266F3092074
:105D400067F30700E4B264032144EDB201EB85017F
:105D5000C1F8000C0020F2BD70B504000D00160063
:105D6000022C01D301201CE032002900C9B220001E
:105D7000FFF766FF012801D1012012E04C496003C2
:105D8000085850F0004050F0407050F47F00EDB2E1
:105D900065F3092066F3070062038850640308591D
:105DA000002070BDF8B504004FF4FA504443414D53
:105DB000414E00212878C001304400F0EDF914E094
:105DC0002878C001304400F0E9F9B842F8D33B4FDD
:105DD0003C192878C001304400F0E0F93F18390040
:105DE0002878C001304400F0D7F94CF25137BC425A
:105DF000E6D22878C001304400F0D0F98442F8D2CD
:105E0000F1BD38B594B0502100226C462000FCF75B
:105E1000F1FC2B4C00220121B4F90000FFF768FFD0
:105E2000B4F90000FFF760FF092300220121C0B28E
:105E3000FFF71BFFB4F90000FFF756FF0022012116
:105E4000C0B2FFF789FF5FF0FF30009000208DF8AF
:105E5000040000208DF8050000208DF806000020C9
:105E60008DF8080003208DF84400012012900120D5
:105E70008DF807000F4C104D69462078C00128446A
:105E800000F0C0F82078C001284400F07BF9002120
:105E90002078C001284400F07FF92078C001284410
:105EA000FCF7ABFE15B030BD0000000018B00810C4
:105EB00000000440F3BF022800005940B03CFFFF3F
:105EC000ECBF022810B50446AFF30080204600F076
:105ED00005F80446AFF30080204610BDF8B500F188
:105EE0000F04E408E400A0422BD2082C04D20824BA
:105EF00002E0083000F047F8DFF8002113681900CD
:105F000005D1002007E00568A5420DD2011D0868F3
:105F10000028F8D11868111D00E0191D0B68834294
:105F20000BD01D68A542F8D359B10B681868083822
:105F3000A04208D2586808600FE000F03FF900283E
:105F4000D7D10020F2BD181908601D1D58682851CE
:105F50001E680F68361B3E601C60096800291DBF63
:105F600048680028081D0020106003F10800F2BDF9
:105F700010B5040006D0AFF30080204600F003F80F
:105F8000AFF3008010BD002800D1704770B4A0F1BD
:105F900008021368072B2ED913F0070F2BD1DFF857
:105FA0005C40616809B18A4203D25160626015E0C9
:105FB0000146486808B19042FAD308680E18B24208
:105FC00019D3964203D11B180B600A4606E04868B5
:105FD00010B1134498420ED350604A60506850B1DB
:105FE0001368D518854206D1002626600168CB18B3
:105FF00013604068506070BC70470000581F032851
:10600000FFF7B6BF10B4012291F84C30052B03D234
:1060100091F84D30052B01D31000A7E0002800F0C7
:10602000A480002900F0A180514A12684B7963F3E3
:1060300092428B7913F0030363F311420B7A13F04E
:10604000070363F31A62CB7963F39E720B7D63F3EC
:10605000000291F8243063F3410202600A7910F1E2
:1060600030031C6862F307041C604A79012A0BD1D3
:106070008A79002A02D10022826007E08A79012A07
:1060800004D10A68826001E001228260CA6802616C
:106090000A694261CA6982610A6AC2610A68026267
:1060A000344A12680B7E03F0FF03120A12021A43ED
:1060B00091F8303003F0FF0363F3174291F840305A
:1060C00003F0FF0363F31F6291F8483003F0FF030E
:1060D00063F30F224264284A126891F8383003F0C3
:1060E000FF03120A12021A4391F8283003F0FF034B
:1060F00063F30F228264214A12688B7D13F003033D
:10610000920892001A4391F8253013F0030363F3C9
:106110008B2291F82C3013F0030363F3051291F8EE
:10612000343013F0030363F3092291F83C3013F089
:10613000030363F3871291F8443013F0030363F30E
:106140008302C2640E4A126891F84C3013F00703C0
:10615000D208D2001A4391F84D3013F0070363F3CD
:1061600006124265497D81670022100010BC70470D
:1061700080B0081084B0081088B008108CB00810E7
:1061800090B00810016851F000410160704701684B
:1061900021F000410160704781607047806870475E
:1061A0007830016851F001010160704710F1700111
:1061B0000A6852F001020A60006F704707490868D8
:1061C00008B1002070470648C008C00008600549B3
:1061D000C908C900091A0160704700BFFC1F0328E5
:1061E00007DC072800E00728F8B54FF4FA70FFF73E
:1061F000D9FD002600270024002514E000F024FD2E
:10620000DFF8D808B0F900003618DFF8D408B0F984
:1062100000003F1ADFF8CC08B0F90000241A022071
:10622000FFF7C0FD6D1CB5F5FA7FE7DB00EE106AE5
:10623000B8EEC00ADFED630A80EE200ADFF8A80896
:1062400080ED000A00EE107AB8EEC00ADFED5D0ABC
:1062500080EE200ADFF8940880ED000A00EE104A74
:10626000B8EEC00ADFED570A80EE200ADFF880089A
:1062700080ED000AF1BD0000DFF8781808680028FA
:1062800006D0DFF8740880ED000A0020086030E0D6
:10629000DFF86408D0ED000A70EE600A9FED9F1AE7
:1062A000F4EE410AF1EE10FA0ADBDFF85018D1EDF6
:1062B000000A9FED9B1A70EE810AC1ED000A10E002
:1062C0009FED981AF4EE410AF1EE10FA09D5DFF8C5
:1062D0002C18D1ED000A9FED941A70EE810AC1EDE1
:1062E000000A80ED000ADFF81408D0ED000A30EE55
:1062F000200A7047F0EE400AB7EE001AF0EE601A7E
:106300009FED8A0A20EEA02A0120F7EE002AF4EE83
:10631000620AF1EE10FA04DBDFF8E40790ED000A00
:1063200035E0DFED832AF4EE620AF1EE10FA06D5CD
:10633000DFF8CC0790ED000AB1EE400A27E001003B
:10634000C9B24900491E00EE901AF8EEE00A60EE6C
:10635000810AC1EEA00A30EE800A0100C9B24900EC
:10636000491E00EE901AF8EEE00A60EE820A60EE36
:10637000A11A0100C9B2490000EE901AF8EEE00A35
:1063800020EE811A401C0100C9B20729D7DB7047F3
:1063900081B0B7EE081AF6EE000A60EE200A8DED25
:1063A000000A0098DFF85C17B1EB600100919DEDE9
:1063B000000A60EE800A00EEC01A21EE000A01B069
:1063C000704700000000FA432DE9F843DFF8380772
:1063D000DFF83817DFF83827DFF83837B0EE000A73
:1063E000DFF834C7DCED000A60EE800A93ED001A96
:1063F00060EE810A92ED001A21EE001AD1ED001A2A
:1064000041EE610AC0ED000ADFF81047D2ED000A44
:1064100060EE800A9CED001A60EE810A91ED001A90
:1064200021EE001AD3ED001A41EE210AC4ED000A54
:10643000DFF8EC56D2ED000A92ED001A60EE810A08
:106440009CED001ADCED001A41EE610A91ED001A94
:10645000D1ED001A41EE610A93ED001AD3ED001A56
:1064600041EE210AC5ED000ADFF8B866DCED000A4E
:1064700060EE800A91ED001A60EE810A92ED001A3A
:1064800021EE000A93ED001A40EE010AC6ED000A63
:10649000DFF8947692ED000AD2ED000A20EE200A91
:1064A000DCED000A9CED001A00EE810AD1ED000A35
:1064B00091ED001A00EEC10AD3ED000A93ED001A27
:1064C00000EEC10A87ED000ADFF86086DFF860960B
:1064D00090ED000AFFF70EFFD9ED000A20EE600AEA
:1064E00088ED010AD5ED000A94ED000A00F02EFCBB
:1064F000D9ED000A20EE200A88ED000AD7ED000A47
:1065000096ED000A00F022FCD9ED000A20EE200AE8
:10651000FFF7B2FE88ED020ABDE8F18301003443C3
:106520000000B4C3000034C30000B4430000000006
:10653000FFFF7FBF2DE9F0472DED0A8B04000D0012
:10654000F6EE000A60EE20CADFF8E865DFF8E8A59D
:106550009AED000ADAED000A20EE200ADAED010ACF
:106560009AED011A00EE810ADAED020A9AED021A9A
:1065700000EE810AFFF70CFF86ED000A9AED000A93
:10658000D6ED000A20EE200A8AED000A9AED010AF3
:10659000D6ED000A20EE200A8AED010A9AED020AE1
:1065A000D6ED000A20EE200A8AED020AB0EE000ABB
:1065B000DFF85865DFF85875DFF85885DFF858952B
:1065C000D9ED000A98ED001A60EE810A97ED001AE5
:1065D000D6ED001A41EE610A60EE800AB0EE608AE4
:1065E000D7ED000A99ED001A60EE810A96ED001AC7
:1065F000D8ED001A41EE210A60EE800AF0EE608AC2
:10660000D9ED000A99ED001A60EE810A96ED001AA4
:10661000D6ED001A41EE210AB7EE001A00EEC01ABC
:10662000B0EE419A9AED010A20EE090ADAED020A6B
:1066300000EEE80AB0EE40BA9AED020A20EE080A2F
:10664000DAED000AB0EE491A00EEC10AF0EE40BAE7
:106650009FED7ACADFF8E404DFF8E41491ED000A54
:10666000D0ED000A4BEE000AC0ED000A91ED000AE1
:10667000D0ED010A4BEE800AC0ED010A00218160D5
:106680009FED6F0AD0ED000AF4EE400AF1EE10FA29
:1066900002D5F0EE400A0DE0D0ED000A9FED691A38
:1066A000F4EE410AF1EE10FA02DBDFED670A01E0D9
:1066B000D0ED000AC0ED000AD0ED010AF4EE400A68
:1066C000F1EE10FA0DD490ED010ADFED5E0AB4EEA2
:1066D000600AF1EE10FA02DB9FED5B0A01E090ED3B
:1066E000010A80ED010ADFF85C1491ED000AD4ED97
:1066F000030A40EE0B0A90ED000A30EE800AF0EE3D
:10670000409A91ED000AF0EE6B0A94ED041A00EE47
:10671000201A90ED010A31EE000AB0EE40AA94ED85
:10672000050AF0EE40AA99ED000A20EE690AD6EDBE
:10673000000A00EECA0AD8ED000A00EEEA0A20EECE
:106740002C0AD7ED000A60EEA90A98ED001A41EE76
:106750004A0A96ED001A41EE2A0A60EEAC0A98ED5C
:10676000001A21EE291AD7ED001A01EE8A1AD9ED86
:10677000001A01EEEA1A21EE2C1AD9ED001A61EE88
:106780008A1A96ED002A42EE691A97ED002AF0EE79
:106790006A2A42EE221A61EEAC1A97ED002A32EE16
:1067A000000A87ED000A99ED000A30EE200A89ED13
:1067B000000A96ED000A30EE010A86ED000A98ED17
:1067C000000A30EE210A88ED000A97ED000AD7EDA5
:1067D000000A20EE200AD9ED000A99ED001A00EE19
:1067E000810AD6ED000A96ED001A00EE810AD8ED76
:1067F000000A98ED001A00EE810AFFF7C9FDD7EDF7
:10680000000A60EE800AC7ED000AD9ED000A60EECA
:10681000800AC9ED000AD6ED000A60EE800AC6EDD6
:10682000000AD8ED000A20EE800A88ED000A280050
:10683000FFF7CAFDBDEC0A8BBDE8F0870000000041
:10684000CDCC4CBECECC4C3ECDCC4C3E38B500F081
:10685000DCF900F0F9F9B848BB49B1F9001000EED5
:10686000101AB8EEC00ADFED950A80EE200A80ED1E
:10687000000AB649B1F90010494200EE101AB8EE0C
:10688000C00ADFED8E0A80EE200A80ED010AB049D1
:10689000B1F90010494200EE101AB8EEC00ADFED5F
:1068A000870A80EE200A80ED020AAA49AA4A92EDE0
:1068B000000AD1ED000A20EE200AF7EE000A92ED60
:1068C000001A70EEC10A90ED001A00EE810A81ED07
:1068D000000AA24B92ED000AD3ED000A20EE200A36
:1068E000F7EE000A92ED001A70EEC10A90ED011A5F
:1068F00000EE810A83ED000A994C92ED000AD4ED76
:10690000000A20EE200AF7EE000A92ED001A70EE5F
:10691000C10A90ED021A00EE810A84ED000A0968AE
:10692000016019684160216881609FED650A6B49CB
:10693000B1F9001000EE901AF8EEE00A6A4991ED04
:10694000001A70EEC10A9FED5F1AC0EE810A60EE78
:10695000800AC0ED030A6249B1F90010494200EE15
:10696000901AF8EEE00A614991ED001A70EEC10A42
:106970009FED541AC0EE810A60EE800AC0ED040A51
:106980005B4A584BB3F90010494200EE901AF8EEFA
:10699000E00A92ED001A70EEC10A9FED4A1AC0EEAD
:1069A000810A704C216800290CD0C1686E4D2960A5
:1069B00001696E4D296020EE801A6D4981ED001A43
:1069C000002121609FED401AF4EE410AF1EE10FA29
:1069D00019DBB7EE081AF4EE410AF1EE10FA12D5FF
:1069E000B3F90010494201EE101AB8EEC11AD2ED07
:1069F000001A31EE611ADFED351A92ED002A01EE30
:106A0000212A82ED002A9FED321AF4EE410AF1EEBE
:106A100010FA0CDB9FED2F1AF4EE410AF1EE10FA9A
:106A200005D500214161524900220A6015E020EE9F
:106A3000800A50494E4AD1ED000A92ED001A60EEEC
:106A4000810AB7EE001AD1ED001A31EE611A41EE5B
:106A5000000AC2ED000A116841614649424A91EDBF
:106A6000000AD2ED000A20EE200AF7EE000A91EDAE
:106A7000001A70EEC10A90ED031A00EE810A82ED51
:106A8000000A3A4B91ED000AD3ED000A20EE200AED
:106A9000F7EE000A91ED001A70EEC10A90ED041AAB
:106AA00000EE810A83ED000A1168C1601968016176
:106AB0009FED090A1D49FFF73DFD31BD00108045DE
:106AC00034FA8E3CCDCC6441FFFFBFBF17B75139BC
:106AD000CCCC4CBFCDCC4C3F0AD7A33B04200328E1
:106AE0000620032808200328901F0328941F03284A
:106AF000981F032838BF02289C1F0328A01F0328C3
:106B0000B4B00810DF59375F781F0328701F0328BF
:106B100034BF0228741F03286C1F03287C1F03281E
:106B2000801F0328841F0328881F0328001F0328B1
:106B3000B0B008108C1F0328601E03280C1F032808
:106B400040BF02283CBF02280A2003280C2003284B
:106B50000E200328A41F032844BF0228A81F0328CF
:106B6000AC1F032848BF0228B01F0328B41F032806
:106B7000B81F0328B8B0081080B50A000821684B78
:106B80001960D2B20100C9B20220FDF718FE082038
:106B90006449086001BD80B501000820604A1060AA
:106BA00051F08001C9B20220FDF77CFE08215D4A48
:106BB0001160C0B202BD10B513000822584C22600B
:106BC0000A0050F080000100C9B20220FDF7DFFE8C
:106BD00008205449086010BD70B50020002500262B
:106BE0003000461C80B2B0F5807F0ADA0F20FFF734
:106BF000D2FF04000120FFF7D5F8E4B26B2CEFD1EF
:106C000000E001252800C0B270BDE0B5062269464B
:106C10002820FFF7D0FF9DF801009DF8001051EAF1
:106C20000021414801809DF803009DF8021051EABF
:106C300000213E4801809DF805009DF8041051EAAE
:106C400000213B48018007BDE0B5062269462220AD
:106C5000FFF7B1FF9DF801009DF8001051EA0021F7
:106C6000344801809DF803009DF8021051EA00218C
:106C7000314801809DF805009DF8041051EA00217B
:106C80002E48018007BD00001FB500241420FFF727
:106C900089F808200290022001900220009002232F
:106CA000274A00210220FDF7FBFE032301220121D8
:106CB0007B20FEF77EFFFFF78FFF002808D040F211
:106CC0000D13204A20490020FBF720FD012423E07A
:106CD00003210D20FFF750FF3C211020FFF74CFF50
:106CE0005C211120FFF748FF44211220FFF744FFE9
:106CF00002211320FFF740FF00211420FFF73CFF83
:106D000000211520FFF738FF00211620FFF734FF80
:106D100001211820FFF730FF2000C0B204B010BDE1
:106D200084073140880731400A2003280C200328BB
:106D30000E20032804200328062003280820032807
:106D400080969800A0A9081000AF081052EC101A05
:106D5000B0EEC00AC80F49005200F0EEE00A28BFAA
:106D60000C3011F1807F38BF12F1807F0CD28A4243
:106D700038BF80F00400124214D034BF80EE800A85
:106D800080EE200A00F018B811F1807F08BF80F073
:106D9000040098BF12F1807F08D88A4214BF0022F5
:106DA0004FF07E5200EE102A00F006B86FF000415E
:106DB00000EE101A704700001AA210EE101A43F2EB
:106DC000A40CC3F6896CF2EC060A614509DB00EEFF
:106DD000803A70EE800A83EE200A40F0020010EE46
:106DE000101A4900D1F1E6410BD860EE000A20EEFE
:106DF000203A03EE010A01EEA02A42EE202A80EE9C
:106E0000220A400810F0020F18BFB1EE400A02EB50
:106E10008002D2ED000A30EE200A28BFB1EE400A0F
:106E200070470000D7B3DD3F6AD5033F2B94A93DDF
:106E3000B82A593F0000803F000080BF00000000DA
:106E4000920A063FDB0FC93F920A863FDB0FC93F1C
:106E5000920A0640DB0F4940368D2740DFF8C41107
:106E60000868C0F34000002801D0022002E0086852
:106E700010F001007047DFF8B001006810F0010069
:106E800070470000C21E022A01D3012002E0C01E8A
:106E90000860002070471CB5FF246946FFF7F2FF29
:106EA000C0B2002802D02000C0B207E0DFF8FC0129
:106EB000009950F8210010F00100C0B216BD00008A
:106EC000002801D0032801D3012002E0401E086001
:106ED000002070471CB5FF246946FFF7F1FFC0B2E0
:106EE000002802D02000C0B208E0DFF8C4010099F9
:106EF00009010844C06810F00100C0B216BD0000CE
:106F0000DFF8BC010068800810F00100704738B558
:106F100004002000C0B2082811D3DFF898511822CD
:106F2000DFF89411280000F00DFC0020E87540F611
:106F30005B00DFF888110860002000F03BFCDFF800
:106F4000CC112000C0B251F82000C0F3002000286E
:106F500005D0E4B251F8240010F00F0000E0FF204B
:106F600032BD38B504002000C0B2082811D3DFF8C4
:106F700044511822DFF84011280000F0E3FB002004
:106F8000E8754FF40960DFF834110860002000F064
:106F900011FCDFF87801E4B250F82400C0F30110CE
:106FA000C0B232BDDFF868211368C3F30723036062
:106FB0001068C0F3C40008607047DFF858211368F8
:106FC000C3F3072303601068C0F3C4000860704770
:106FD00038B50400072C11D3DFF8D8501822DFF899
:106FE000C411280000F0AEFB0020E8754FF4CE700D
:106FF000DFF8C8100860002000F0DCFBDFF8A0011B
:1070000050F8240010F00700010009B2042907D14C
:10701000DFF8880150F8240010F01F0050F4807051
:1070200000B232BD2415264040152640DFF8B012CC
:1070300009688A03920B0260090E11F00101C17107
:10704000DFF8A01209680A00D204D20C82800A007C
:10705000120C02F0FF020281090C01F0FF014181D4
:10706000DFF84411096811F00F0202730A00C2F33D
:10707000031242730A00120AD204D20CC281090F11
:1070800011F003010174DFF8641309680A00120AA1
:1070900012F0070282710A00120CD205D20D428250
:1070A000890F11F00101017570470000401626405C
:1070B00000192640481E032898A80810681F0328B6
:1070C000100027401CB50C006946FFF7DBFE0100ED
:1070D000C9B2002901D0C0B217E0DFF8B4040099AA
:1070E00050F8210010F07F012160C0F3042161609D
:1070F000C0F30441A1600100090F11F003016173A5
:10710000C00E10F001002073002016BD4012264072
:1071100008002040080420401CB50C006946FFF719
:10712000CFFE0100C9B2002901D0C0B235E0DFF8BE
:10713000101500980001085800F0FF022260C0F30B
:1071400004226260C0F30442A260000F10F003004A
:10715000207300980001084442681000C00F60735B
:10716000C2F30270002801D0012000E00020A073CB
:1071700022F07F42226100980001084480680100EB
:10718000C90F21750100090E11F001016175A0758B
:10719000000C10F00700E075002016BD000126402D
:1071A000001226401CA908103815264080B50100A1
:1071B000DFF868051822F9F781FF0120DFF8601574
:1071C0000870002002BDDFF85C150968C90F0029AE
:1071D00008D0DFF84C150978002907D1002101609B
:1071E00003207047002101600320FAE7DFF82C1527
:1071F000096801600020F4E710B50400FFF72EFED7
:10720000002803D10020206003200DE0DFF81005E6
:107210000078002805D0DFF8040580682060002091
:1072200002E000202060032010BD0000DFF8F01411
:107230000978002905D0DFF8E414496801600020CE
:1072400002E00021016003207047DFF8DC140968C8
:10725000C90F002908D0DFF8C8140978002907D120
:107260000021016003207047002101600320FAE73C
:10727000DFF8A814C96801600020F4E7DFF8AC1457
:107280000968C90F002908D0DFF89414097800298B
:1072900007D1002101600320704700210160032015
:1072A000FAE7DFF87814096901600020F4E710B507
:1072B0000400FFF725FE002803D1002020600320F2
:1072C0000DE0DFF85C040078002805D0DFF84C04FE
:1072D00040692060002002E000202060032010BDF3
:1072E000301526403415264010B50C00C0B2FFF70B
:1072F0006FFE00280ED0012810D0022812D0B0F561
:10730000887F13D040F21111884213D0B0F58A7FE4
:1073100014D017E02000FFF756FF16E02000FFF71B
:1073200085FF12E02000FFF767FF0EE02000FFF767
:107330008CFF0AE02000FFF7BAFF06E02000FFF70D
:107340009DFF02E000202060032010BD80B50100F9
:107350000020FFF7C9FF02BD80B50322D2B28242EE
:1073600003D200200860012003E0401CC0B2FFF7F8
:10737000BBFF02BD18B587B004006846FFF7E6FF03
:107380000100C9B2002903D000212160C0B22BE066
:1073900001A8FFF74BFE9DF81400022803D10098C6
:1073A0002060002020E0DFF888030068C00F00287C
:1073B00008D0FFF760FDC0B2002807D10020206090
:1073C000032011E00098206000200DE00099019852
:1073D0004143BDF80800B1FBF0F09DF80B10491CCB
:1073E000B0FBF1F02060002008B010BD3C15264035
:1073F000F0B58BB005000C0069462800C0B2FFF75D
:10740000ABFF0100C9B2002903D000212160C0B246
:10741000BCE02800C0B202284CD307A92800C0B2A3
:10742000401CFFF74FFEC0B2002811D0DFF8046304
:107430001822DFF80413300000F084F90020F07502
:1074400040F66310DFF8F4120860002000F0B2F993
:107450004F482900C9B200EB810050F8080CC00F5A
:10746000002807D09DF82900022807D10098206045
:1074700000208BE000982060002087E0EDB26D1CBA
:107480002800FFF708FD0100C9B2002902D0C0B2F0
:10749000FF2803D100202060032077E0009907989F
:1074A00041430898B1FBF0F00999B0FBF1F020607E
:1074B00000206BE001A92800C0B2401CFFF72CFEA1
:1074C000C0B2002811D0DFF86C621822DFF8681211
:1074D000300000F037F90020F07540F67F10DFF83B
:1074E0005C120860002000F065F955482900C9B217
:1074F00009014058C00F002807D09DF8100002284D
:1075000007D100982060002040E000982060002013
:107510003CE0EDB26D1C2800FFF7DCFC0100C9B2B5
:10752000002902D0C0B2FF2803D100202060032030
:107530002CE09DF8110001281DD1009A0023019E26
:1075400000273F0647EA1627360605980021361819
:107550004F41A6FB020106FB031107FB0211029A31
:10756000039BA3FB0223F9F713FF000E40EA01205F
:10757000090E206009E00099019841430298B1FB8F
:10758000F0F00399B0FBF1F0206000200BB0F0BDEB
:107590000016264010B50323421E0400E4B2002C5E
:1075A00003D10800FFF7E6FE0CE01400DBB2E4B202
:1075B000A34204D31000C0B2FFF71AFF02E0C0B22A
:1075C000FFF792FE10BD38B505000C002800C0B2D0
:1075D000FFF79DFC0100C9B2FF2904D12000FFF78D
:1075E000F2FDC0B21BE06946C0B2FFF7D3FF010055
:1075F000C9B2002903D000212160C0B20FE02800E9
:10760000C0B2FFF7AEFCC0B2002805D002280BD0F4
:1076100006D303280CD00FE000982060002032BD74
:10762000009840082060F9E7009880082060F5E79E
:107630000098C0082060F1E7002020600320EEE7FA
:10764000001926401FB5040002A90120FFF7BBFF67
:107650000100C9B2002903D000212160C0B21AE0A4
:10766000694601A8FFF79EFC01980021421C71F1B8
:10767000FF335B0143EAD2635201009800211218E4
:107680004B4102980021490141EAD0614001F9F7DC
:107690007FFE2060002004B010BD1FB5040002A9C9
:1076A0000120FFF790FF0100C9B2002903D000219B
:1076B0002160C0B21AE0694601A8FFF77EFC01987C
:1076C0000021421C71F1FF335B0143EAD263520196
:1076D0000098002112184B4102980021490141EA0B
:1076E000D0614001F9F754FE2060002004B010BDC5
:1076F00080B5DFF84C100A68C2F303220E2A07D0C7
:107700000968C1F303210D2905D1FFF7C6FF02BDAA
:10771000FFF798FFFBE70120F9E70000301E032880
:107720001020032818152640081526400C15264061
:1077300030152640481E03281CA90810681F03287E
:107740000000204001B58B071AD1830724D1121FF6
:1077500021D351F8043BA3F1013C2CEA030C1CF0AB
:10776000803C04BF40F8043BF1E79CFA8CFCBCFA77
:107770008CF1C1F118018B40CB4040F8043B13E081
:10778000042A09D311F8013B521E00F8013B5BB1FA
:107790008B07F7D1D9E7121D5AB111F8013B521EE0
:1077A00000F8013B03B1F8D111001CBF0022FBF728
:1077B00025F801BD01BEFEE780B5234A23490B68C9
:1077C00093423ED00A60224A12684A62214A8A6283
:1077D00002684A6042688A608268CA60C2680A6158
:1077E00002694A6142698A618269CA61C2690A6240
:1077F000F1EE102A12F0900F23D0174A8A62026A23
:10780000CA62426A0A63826A4A63C26A8A63026B14
:10781000CA63426B0A64826B4A64C26B8A64026CFC
:10782000CA64426C0A65826C4A65C26C8A65026DE4
:10783000CA65426D0A66826D4A66C26D8A66006ECE
:10784000C86600F00BF801BDFAF9F8F71C1D032813
:1078500028ED00E0A4A3A2A1ABAAA9A8FEE700001E
:1078600070B504000D00DFF834682A0092B2120AE5
:10787000D2B22100C9B2300000F080FE2A00D2B29C
:10788000F021300000F07AFE70BD2DE9F0470400D1
:107890000D00012600275FF000085FF00A09484646
:1078A00040B2002836D0484640B2052190FBF1F2A4
:1078B00001FB1200002810D1DFF8E0A72A0092B2E5
:1078C000120AD2B22100C9B2504600F057FE2A0077
:1078D000D2B2F021504600F051FEDFF8C0A72100DF
:1078E000C9B2504600F072FE0700F021504600F089
:1078F0006DFE8046280080B23900C9B24246D2B23D
:1079000052EA0122904202D10020060002E0B9F1C1
:107910000109C4E7300040B2BDE8F08770B504004B
:10792000DFF878672100C9B2300000F04FFE050093
:10793000F021300000F04AFEEDB2C0B250EA05205E
:1079400080B270BDF8B50400002500260127DFF8DD
:107950004C075C210172E168C160216801606168C7
:1079600041600020FFF7DAFF0600300041F22431C9
:1079700080B288420BD0300041F2113180B288428F
:1079800005D0300041F2133180B2884202D100208C
:10799000070004E06D1C2800C0B21528E1DB3800A8
:1079A000C0B2F2BD2DE9F14F8AB05FF0000A0024A9
:1079B0000020ADF8200000250020ADF806000020D2
:1079C000ADF81E000020ADF81C0000265FF0000896
:1079D00000270A98C088ADF808000A984089ADF8D9
:1079E0000A000A98C089ADF80C000A98408AADF8E0
:1079F0000E000A98C08AADF810000A98408BADF8C6
:107A000012000A98C08BADF814000A98408CADF8AB
:107A100016000A98C08CADF81A004BF6EF61FE20F4
:107A2000FFF71EFF03210C20FFF71AFF0020FFF7CE
:107A300075FF070041F224393800494680B2884278
:107A40000BD0380041F2113180B2884205D03800A5
:107A500041F2133180B2884200D109E018F10108E7
:107A60004046C0B2142802DB0120060000E0DDE73A
:107A70003000C0B2002840F00C83BDF81000792817
:107A800007DABDF810008000ADF806005AF0020ACF
:107A900015E0BDF81000F12807DABDF8100040002D
:107AA000ADF806005AF0010A09E0BDF8100040F2F6
:107AB000E111884203DABDF81000ADF80600BDF808
:107AC0000E00BD2806DABDF80E00800005005AF051
:107AD000080A15E0BDF80E0040F27911884206DA76
:107AE000BDF80E00400005005AF0040A08E0BDF899
:107AF0000E0040F2F121884202DABDF80E000500C6
:107B0000DFF89CB540F24E31280080B2091ACBF85C
:107B100000103800494680B288427AD148F2883154
:107B20000720FFF7B2FE80190600DFF87815BDF8D0
:107B30001020921C2B009BB2DBF80000C3185A43A4
:107B4000121D91FBF2F00400200080B240F2F5110A
:107B5000884202DB4FF4FA7004002000BDF80C10DC
:107B600080B2884201D2ADF80C40DFF83C15DFF856
:107B70003405BDF80C2090FBF2F2121F2B009BB2D3
:107B8000DBF80000C31892FBF3F2BDF81000121AE4
:107B90000A6047F621600A68824202DA0A68022A0D
:107BA0000EDA0A68022A02DA0220086008E00A688F
:107BB000824203DB47F62060086001E00868086045
:107BC000DFF8E004BDF80C2090FBF2F2121F096808
:107BD000BDF81000411892FBF1F1280080B2091A9B
:107BE000CBF80010DBF800003D2803DA3D20CBF88D
:107BF000000081E0DBF80000B0F5806F04DB40F2AC
:107C0000FF30CBF8000077E0DBF80000CBF8000095
:107C100072E0DFF89014BDF81020121D2B009BB20B
:107C2000DBF80000C3185A43121D91FBF2F0040068
:107C3000200080B240F2F511884202DB4FF4FA7066
:107C400004002000BDF80C1080B2884201D2ADF8CB
:107C50000C40DFF85414DFF84C04BDF80C2090FB06
:107C6000F2F2121F2B009BB2DBF80000C31892FB4C
:107C7000F3F2BDF81000121A0A6040F6B9300A6833
:107C8000824202DA0A68042A0EDA0A68042A02DA50
:107C90000420086008E00A68824203DB40F6B8303E
:107CA000086001E008680860DFF8F803BDF80C2000
:107CB00090FBF2F2121F0968BDF81000411892FB08
:107CC000F1F1280080B2091ACBF80010DBF80000AF
:107CD0002B2803DA2B20CBF800000DE0DBF80000A6
:107CE000B0F5806F04DB40F2FF30CBF8000003E01A
:107CF000DBF80000CBF80000DFF8AC030168BDF84A
:107D000010004118891EBDF80A00814208DADFF828
:107D100098030168BDF810004118881EADF80A00EC
:107D2000280080B2D0F53C70022190FBF1F0BDF943
:107D30001210020012B2D14203DA010009B2494224
:107D400009E00100BDF9122009B2914201DA0100F7
:107D500001E0BDF91210ADF81210401CBDF912106F
:107D6000411AADF81E10BDF80610D1F5F0710222CF
:107D700091FBF2F1BDF914200B001BB2DA4203DAD9
:107D8000080000B2404209E00800BDF9142000B22A
:107D9000904201DA080001E0BDF91400ADF81400CA
:107DA000091DADF82010BDF92010BDF914004118CF
:107DB000ADF81C1001211B20FFF767FD80198DF81D
:107DC00004009DF804000090BDF81E100120FFF78C
:107DD0005CFD009940188DF804009DF804000090A7
:107DE000BDF81C100220FFF750FD009940188DF8D7
:107DF00004009DF804000090BDF806100320FFF772
:107E000044FD009940188DF804009DF8040000908E
:107E1000290089B20420FFF738FD009940188DF839
:107E200004009DF804000090DBF80000010089B216
:107E30000520FFF72AFD009940188DF804009DF8F1
:107E400004B099480068010089B20620FFF71DFDC3
:107E500010EB0B0B8DF804B09DF804B04FF4B27129
:107E60000A20FFF712FD10EB0B0B8DF804B09DF804
:107E700004B040F2BB110820FFF707FD10EB0B0B1D
:107E80008DF804B09DF804B040F2D9110920FFF735
:107E9000FCFC10EB0B0BBDF80800002807D1BDF867
:107EA0000A100B20FFF7F1FC10EB0B0083465AF48D
:107EB0004C7189B20D20FFF7E8FC10EB0B008DF838
:107EC00004009DF8046027213120FFF7DEFC8619AD
:107ED0008DF804609DF804601A213220FFF7D5FC6C
:107EE00086198DF804609DF8046005213320FFF7A2
:107EF000CCFC8619BDF816103520FFF7C6FC80199A
:107F00008DF80400380080B2484529D1504680B22F
:107F1000042801DB012100E000219DF80460C9B2C2
:107F2000090189B27220FFF7B0FC86198DF8046050
:107F30009DF8049040F201110F20FFF7A6FC10EB12
:107F4000090981214720FFF7A0FC83461BEB090BA1
:107F5000EC214820FFF799FC060016EB0B0615E014
:107F60009DF8049011210F20FFF78FFC10EB0909F9
:107F700081214720FFF789FC83461BEB090BE72192
:107F80004820FFF782FC060016EB0B064FF46271E7
:107F90000720FFF77AFC80198DF804009DF804B0E3
:107FA00040F203311C20FFF770FC10EB0B0B032198
:107FB0002C20FFF76AFC814619EB0B09BDF808007D
:107FC000002807D10021AF20FFF75FFC060016EB69
:107FD00009064DE0BDF80810A520FFF756FC060085
:107FE00016EB09060221A620FFF74FFC83461BEB88
:107FF000060B0221A820FFF748FC10EB0B008DF8C0
:108000000400BDF80E10BDF810004143042091FBA0
:10801000F0F0B0F5803F08DABDF80E10BDF81000A2
:108020004143042091FBF0F101E04FF6FF719DF810
:10803000046089B2B020FFF728FC86198DF804602F
:108040009DF804901421AE20FFF71FFC10EB0909E6
:1080500040F20111AF20FFF718FC83461BEB090B20
:10806000BDF80A10AD20FFF710FC060016EB0B065A
:10807000BDF808000D490860BDF80A000C49086009
:10808000BDF810000B4908604DF6AD61FE20FFF70A
:10809000E7FB3000C0B20BB0BDE8F08FF01E032844
:1080A000EC1F0328C0FC9B01E81F0328F01F0328D6
:1080B000F41F0328F81F03281CB50400002C01D06E
:1080C000012000E000204122DFF8A414C0B2FAF73A
:1080D000FFFADFF8A00401212278D21010EBC212BF
:1080E000237813F0070311FA03F313602279D210F7
:1080F00010EBC210227912F0070211FA02F20260AC
:10810000E06800900098421E00920028FAD1DFF843
:1081100068242079C01012EBC010237913F00703F4
:1081200011FA03F30360E06800900098431E009387
:108130000028FAD12078C01012EBC012207810F07D
:10814000070081401160E06800900098411E009196
:108150000028FAD113BD1CB50400002C01D0012069
:1081600000E000205522DFF80814C0B2FAF7B0FA98
:10817000DFF8040401212279D21010EBC212237916
:1081800013F0070311FA03F313602278D21010EBF7
:10819000C210227812F0070211FA02F20260E068BF
:1081A00000900098421E00920028FAD1DFF8C42304
:1081B0002078C01012EBC010237813F0070311FAD7
:1081C00003F30360E06800900098431E00930028CA
:1081D000FAD12079C01012EBC012207910F00700FC
:1081E00081401160E06800900098411E00910028D5
:1081F000FAD113BD38B504000D00002C01D00120C8
:1082000000E000206A22DFF86813C0B2FAF760FAD3
:10821000DFF8641301222078C01011EBC01023781E
:1082200013F0070312FA03F30360EDB2002D0CD034
:108230002079C010DFF83C3313EBC013207910F025
:10824000070012FA00F0186009E02079C01011EB65
:10825000C010237913F0070312FA03F30360E068F8
:1082600000900098431E00930028FAD1DFF80433F1
:108270002078C01013EBC010257815F0070512FA0E
:1082800005F50560E06800900098451E00950028FF
:10829000FAD12078C01011EBC011207810F007003F
:1082A00012FA00F008602079C01013EBC013207997
:1082B00010F0070082401A6031BD2DE9FC41040036
:1082C000002C01D0012000E000208622DFF8A0125F
:1082D000C0B2FAF7FDF90025DFF8EC62012720783B
:1082E000C01016EBC010217811F0070117FA01F148
:1082F0000160DFF880822079C01018EBC01021796E
:1083000011F0070117FA01F10160002200216068F5
:10831000C0B2FDF727FCE06800900098411E009174
:108320000028FAD12078C01018EBC018207810F07F
:10833000070017FA00F0C8F80000E0680090009805
:10834000411E00910028FAD16068C0B2FDF7F9FB28
:10835000002800D001252078C01016EBC016207828
:1083600010F0070087403760032201216068C0B227
:10837000FDF7F8FBE06800900098411E009100288E
:10838000FAD12800C0B2BDE8F6817CB504000D002A
:10839000002C01D0012000E00020A822DFF8D0113D
:1083A000C0B2FAF795F980210800C0B200284ED07B
:1083B0002800C0B208420CD00120227912F0070236
:1083C00090402279D210DFF8AC3113EBC213186061
:1083D0000BE00120227912F0070290402279D2109E
:1083E000DFF8E43113EBC2131860C9B24908E06842
:1083F000400800900098421E00920028FAD1012205
:10840000207810F0070012FA00F02378DB10DFF874
:10841000646116EBC3163060E06800900098431E5C
:1084200000930028FAD1207810F0070082402078CD
:10843000C010DFF8943113EBC0131A60E0684008F5
:1084400000900098421E00920028FAD1ACE720006C
:10845000FFF733FF012801D1002000E00120C0B266
:1084600076BD2DE9FC4704000D00002C01D0012051
:1084700000E00020C222DFF8F810C0B2FAF728F9B5
:1084800000260827DFF8F0805FF001092078C0108F
:1084900018EBC010217811F0070119FA01F1016001
:1084A000E06800900098411E00910028FAD1DFF8A2
:1084B000C4A02079C0101AEBC010217911F0070177
:1084C00019FA01F10160002200216068C0B2FDF7D5
:1084D00049FB27E02078C01018EBC010217811F07C
:1084E000070119FA01F10160E06800900098411E4F
:1084F00000910028FAD12078C0101AEBC010217822
:1085000011F0070119FA01F10160E068009000988C
:10851000411E00910028FAD16068C0B2FDF711FB3E
:1085200050EA46063800471EC0B20028D2D1207853
:10853000C01018EBC018207810F0070019FA00F9E5
:10854000C8F80090032201216068C0B2FDF70AFB61
:10855000E06800900098411E00910028FAD129009F
:10856000C9B22000FFF746FE3000C0B2BDE8F68772
:1085700018AA0810080031400400314070B504000A
:108580000D001600002C01D0012000E0002040F278
:108590008D224749C0B2FAF79BF82000FFF78CFD07
:1085A000217A4900C9B22000FFF7EFFE2900C9B2C5
:1085B0002000FFF7EAFE3100C9B22000FFF7E5FE18
:1085C0002000FFF7C8FD70BD0400314038B504003D
:1085D0000D00002C01D0012000E0002040F29F227D
:1085E0003349C0B2FAF774F800202000FFF764FDA9
:1085F000217A4900C9B22000FFF7C7FE2900C9B29D
:108600002000FFF7C2FE2000FFF7A5FD2000FFF7C6
:1086100053FD217A490051F00101C9B22000FFF752
:10862000B4FE01212000FFF71CFF05002000FFF72A
:1086300092FD2800C0B232BD2DE9F84304008846FF
:108640001700002C01D0012000E00020089D1E0032
:10865000DFF85C9040F2BA224946C0B2FAF738F827
:1086600030002900C0B2C9B2884201D0012000E028
:10867000002040F2BB224946C0B2FAF729F8300088
:10868000C0B220602800C0B2606084F80880E76053
:108690000323012201213000C0B2FDF78AFA03232F
:1086A000012201212800C0B2FDF783FABDE8F18361
:1086B00018AA0810000000000000000000000000E0
:1086C00000000000000000F800000000000000337F
:1086D0003000000000100C06100C06000000000026
:1086E0000000000040C07840C0784000043F04040F
:1086F0003F040400007088FC08300000001820FFD0
:10870000211E0000F008F000E018000000211C030A
:108710001E211E0000F00888700000001E21232486
:108720001927211010160E000000000000000000A4
:1087300000000000000000E0180402000000000734
:108740001820400000020418E0000000004020183B
:1087500007000000404080F0804040000202010F0E
:1087600001020200000000F0000000000101011FF2
:1087700001010100000000000000000080B0700056
:1087800000000000000000000000000000010101E6
:108790000101010100000000000000000030300075
:1087A000000000000000000080601804006018064F
:1087B0000100000000E010080810E000000F102089
:1087C00020100F00001010F8000000000020203FD3
:1087D000202000000070080808887000003028245D
:1087E00022213000003008888848300000182020FE
:1087F00020110E000000C02010F800000007042423
:10880000243F240000F80888880808000019212067
:1088100020110E0000E0108888180000000F1120C1
:1088200020110E0000380808C83808000000003F7A
:10883000000000000070880808887000001C2221D9
:1088400021221C0000E010080810E0000000312286
:1088500022110F00000000C0C00000000000003026
:108860003000000000000080000000000000806078
:1088700000000000000080402010080000010204F9
:1088800008102000404040404040400004040404E0
:10889000040404000008102040800000002010089C
:1088A00004020100007048080808F00000000030D1
:1088B00036010000C030C828E810E000071827245F
:1088C00023140B000000C038E0000000203C23020D
:1088D0000227382008F8888888700000203F202070
:1088E00020110E00C03008080808380007182020A2
:1088F0002010080008F808080810E000203F202099
:1089000020100F0008F88888E8081000203F202079
:108910002320180008F88888E8081000203F20006D
:1089200003000000C03008080838000007182020A5
:10893000221E020008F808000008F808203F210164
:1089400001213F20000808F8080800000020203F0F
:108950002020000000000808F8080800C08080807F
:108960007F00000008F888C028180800203F200178
:108970002638200008F8080000000000203F2020D2
:108980002020300008F8F800F8F80800203F003FE9
:10899000003F200008F830C00008F808203F200001
:1089A00007183F00E01008080810E0000F10202012
:1089B00020100F0008F808080808F000203F2101E7
:1089C00001010000E01008080810E0000F1824243E
:1089D00038504F0008F8888888887000203F2000B1
:1089E000030C302000708808080838000038202167
:1089F00021221C00180808F8080818000000203F71
:108A00002000000008F808000008F808001F2020D7
:108A100020201F000878880000C8380800000738A8
:108A20000E010000F80800F80008F800033C0700F9
:108A3000073C0300081868808068180820302C0361
:108A4000032C30200838C800C83808000000203F38
:108A50002000000010080808C83808002038262127
:108A600020201800000000FE020202000000007F2B
:108A700040404000000C30C0000000000000000139
:108A80000638C00000020202FE0000000040404024
:108A90007F00000000000402020204000000000049
:108AA00000000000000000000000000080808080C6
:108AB00080808080000202040000000000000000AE
:108AC0000000000000008080808000000019242247
:108AD00022223F2008F8008080000000003F112083
:108AE00020110E000000008080800000000E112088
:108AF00020201100000000808088F800000E112066
:108B000020103F200000808080800000001F222273
:108B100022221300008080F0888888180020203FDF
:108B2000202000000000808080808000006B9494F2
:108B30009493600008F8008080800000203F2100AE
:108B400000203F2000809898000000000020203F77
:108B500020200000000000809898000000C0808065
:108B6000807F000008F8000080808000203F240201
:108B70002D302000000808F8000000000020203FF1
:108B8000202000008080808080808000203F2000A6
:108B90003F20003F8080008080800000203F210037
:108BA00000203F200000808080800000001F2020E7
:108BB00020201F00808000808000000080FFA12016
:108BC00020110E000000008080808000000E112027
:108BD00020A0FF80808080008080800020203F21B6
:108BE0002000010000008080808080000033242469
:108BF00024241900008080E0808000000000001F15
:108C0000202000008080000000808000001F2020C5
:108C100020103F20808080000080808000010E3086
:108C20000806010080800080008080800F300C03E7
:108C30000C300F0000808000808080000020312EEA
:108C40000E312000808080000080808080818E70C6
:108C50001806010000808080808080000021302C78
:108C60002221300000000000807C02020000000091
:108C7000003F404000000000FF0000000000000036
:108C8000FF0000000002027C800000000040403F26
:108C900000000000000601010202040400000000C0
:108CA00000000000022801D3012010E00B00DBB21D
:108CB000042B01DB01200AE0DFF8B43303EB800072
:108CC000C9B2405C824201D3012000E0002070471D
:108CD000F8B506000F0015001C00022E01D301207C
:108CE0001DE02A003900C9B23000FFF7DBFF012880
:108CF00001D1012013E03800C0B2002812D1B4F530
:108D0000807F0DD2DFF86C037603304400EB8500E2
:108D100010F58050016864F30F2101600020F2BD5E
:108D20000120FCE7FFB2012F10D1B4F5803F0BD238
:108D3000D0487603304400EB850010F5A050016860
:108D400064F317210160E9E70120E8E70120E6E785
:108D500000B20012C0B27047F8B505000E0017004F
:108D6000280000B2FFF7F4FF04002000C0B2022880
:108D700001D3012023E03A003100C9B22000C0B283
:108D8000FFF790FF012801D1012018E0B949200028
:108D9000C0B2400308442A00D2B200EB8200D0F8EF
:108DA000000CF6B266F3092067F30700E4B264032F
:108DB0002144EDB201EB8501C1F8000C0020F2BDA9
:108DC00070B504000D001600022C01D301201CE038
:108DD00032002900C9B22000FFF764FF012801D149
:108DE000012012E0A3496003085850F0004050F001
:108DF000407050F47F00EDB265F3092066F3070080
:108E00006203885064030859002070BD10B59A4869
:108E1000FDF7CCF945F62002130098490C00012B10
:108E20000EDB14F01F00C318BFF34F8F944804608B
:108E30002034203B012BF9DABFF34F8FBFF36F8F44
:108E4000904C2000F8F72AF901208F49087010BDD6
:108E500010B596B040F26114002201212000FFF706
:108E60007BFF2000FFF774FF092300220121C0B21D
:108E7000FFF72EFF2000FFF76BFF00220121C0B299
:108E8000FFF79EFF4FF4CD70ADF800000320ADF862
:108E9000020001208DF8040000227C496846FAF7A0
:108EA000F5FE5021002202AC2000F9F7A3FC0020BF
:108EB000029000208DF80C0001208DF80D0000209C
:108EC0008DF80E0000208DF8100003208DF84C0066
:108ED0000120149000208DF8540000208DF85500DA
:108EE000654C02A92000FDF78DF82000FDF74AF936
:108EF0002000FDF755F96648F9F77FFE16B010BD62
:108F000010B58EB001248A20009089234FF4C872D6
:108F100000210AA8FFF790FB0AA8FEF713FD00281E
:108F200017D168465B492822F8F7C8F85A480178F3
:108F3000491CBC2211FB02F1ADF812100078401C54
:108F4000782110FB01F0ADF816006846FEF72AFD07
:108F500004002000C0B20EB010BD2DE9F84300207F
:108F6000BFF34F8FBFF36F8F4C4C206830F400304D
:108F700020604B4E00203060BFF34F8FBFF36F8FE8
:108F8000484F00203860BFF34F8F206830F48030A6
:108F90002060BFF34F8FDFF81081D8F80010C1F3C5
:108FA0004E32C1F3C90343F6E07515EA421050EAA8
:108FB0008370DFF8F8C0CCF800001800431E0028CA
:108FC000F1D11000421E0028EBD1BFF34F8FBFF349
:108FD0006F8F782036490880BC2036490880FFF71B
:108FE0008FFF81464846C0B2002801D1FFF730FF0D
:108FF0002068800311D4BFF34F8FBFF36F8F002021
:109000003060BFF34F8FBFF36F8F206850F4003094
:109010002060BFF34F8FBFF36F8F2068C00321D450
:1090200000203860BFF34F8FD8F80010C1F34E32E4
:10903000C1F3C90315EA421050EA83701E4E306036
:109040001800431E0028F5D11000421E0028EFD161
:10905000BFF34F8F206850F480302060BFF34F8FF4
:10906000BFF36F8F4846C0B2BDE8F2830000000036
:1090700018B0081000000440801D584024600228E9
:109080005CEF00E0F4BF02281B2003280D8E0810BF
:10909000001E5840B0AD08101C20032814ED00E05D
:1090A00050EF00E084ED00E080ED00E074EF00E0C0
:1090B000F06B0028F26B002860EF00E0022801D37B
:1090C000012010E00B00DBB2042B01DB01200AE0E1
:1090D000DFF86C3303EB8000C9B2405C824201D3FD
:1090E000012000E000207047F8B506000F001500D1
:1090F0001C00022E01D301201DE02A003900C9B254
:109100003000FFF7DBFF012801D1012013E0380018
:10911000C0B2002812D1B4F5807F0DD2DFF824034D
:109120007603304400EB850010F58050016864F34D
:109130000F2101600020F2BD0120FCE7FFB2012FEA
:1091400011D1B4F5803F0CD2DFF8F8027603304439
:1091500000EB850010F5A050016864F31721016051
:10916000E8E70120E7E70120E5E700B20012C0B21E
:109170007047F8B505000E001700280000B2FFF791
:10918000F4FF04002000C0B2022801D3012023E034
:109190003A003100C9B22000C0B2FFF78FFF0128AA
:1091A00001D1012018E0A7492000C0B240030844C3
:1091B0002A00D2B200EB8200D0F8000CF6B266F3BF
:1091C000092067F30700E4B264032144EDB201EB28
:1091D0008501C1F8000C0020F2BD70B504000D003F
:1091E0001600022C01D301201CE032002900C9B274
:1091F0002000FFF763FF012801D1012012E091490F
:109200006003085850F0004050F0407050F47F0068
:10921000EDB265F3092066F307006203885064032A
:109220000859002070BD80B50100C9B2032906DAD3
:109230008549C0B2C0010844FCF7B8FF07E0834984
:10924000C0B2C0010844B0F5C070FCF7AFFF01BD6B
:1092500070B596B004000D005021002202AE30001F
:10926000F9F7C8FA00262000C0B203286ADA002203
:1092700001212000C0B200F2711000B2FFF779FFA7
:109280002000C0B200F2711000B2FFF76EFF092398
:1092900000220121C0B2FFF727FF2000C0B200F278
:1092A000711000B2FFF761FF00220121C0B2FFF789
:1092B00094FF2000C0B210F5D570ADF80000022078
:1092C000ADF8020001208DF804000322604821005F
:1092D000C9B250F821106846FAF7D8FCED000295A3
:1092E00000208DF80C0000208DF80D0000208DF876
:1092F0000E0000208DF8100003208DF84C00012096
:10930000149000208DF8540000208DF855004E4D2B
:1093100002A92000C0B2C0012844FCF773FE20005F
:10932000C0B2C0012844FCF72DFF2000C0B2C0012C
:109330002844F9F762FCE4B2E40105EB0400FCF711
:109340002FFF7AE0002201212000C0B210F5B17099
:1093500000B2FFF70EFF2000C0B210F5B17000B2EE
:10936000FFF703FF092300220121C0B2FFF7BCFE73
:109370002000C0B210F5B17000B2FFF7F6FE002277
:109380000121C0B2FFF729FF2000C0B200F29B10FC
:10939000ADF800000220ADF8020001208DF80400B5
:1093A00003222B482100C9B250F821106846FAF771
:1093B0006DFCED00002005E0B5F5803F01D3761C83
:1093C0006D08401C0828F7DB02958DF80C60002022
:1093D0008DF80D0000208DF80E0000208DF8100093
:1093E00003208DF84C000120149000208DF85400CB
:1093F00000208DF85500154D02A92000C0B2C00113
:109400002844B0F5C070FCF7FDFD2000C0B2C001DB
:109410002844B0F5C070FCF7B5FE2000C0B2C00112
:109420002844B0F5C070F9F7E8FBE4B2E40105EBBD
:109430000400B0F5C070FCF7B3FE16B070BD0000BC
:1094400018B0081000000440000059400080584047
:1094500060BF0228022801D301200FE00B00DBB21D
:10946000042B01DB012009E0A04B03EB8000C9B213
:10947000405C824201D3012000E000207047F8B533
:1094800006000F0015001C00022E01D301201CE075
:109490002A003900C9B23000FFF7DCFF012801D1F2
:1094A000012012E03800C0B2002811D1B4F5807F4D
:1094B0000CD28F487603304400EB850010F58050C5
:1094C000016864F30F2101600020F2BD0120FCE778
:1094D000FFB2012F10D1B4F5803F0BD28448760340
:1094E000304400EB850010F5A050016864F31721AB
:1094F0000160E9E70120E8E70120E6E700B2001299
:10950000C0B27047F8B505000E001700280000B281
:10951000FFF7F4FF04002000C0B2022801D30120AD
:1095200023E03A003100C9B22000C0B2FFF792FF39
:10953000012801D1012018E06D492000C0B240038C
:1095400008442A00D2B200EB8200D0F8000CF6B238
:1095500066F3092067F30700E4B264032144EDB227
:1095600001EB8501C1F8000C0020F2BD70B50400CC
:109570000D001600022C01D301201CE0320029004E
:10958000C9B22000FFF766FF012801D1012012E0D7
:1095900057496003085850F0004050F0407050F4B4
:1095A0007F00EDB265F3092066F30700620388507F
:1095B00064030859002070BD38B504004D4D2000EB
:1095C000C0B2C001284410F5C070FCF7DBFDE4B266
:1095D000E40105EB040010F5C070F9F70EFB31BD96
:1095E00010B5040043482100C9B2C901084410F570
:1095F000C070FCF7D3FD4049E4B2095D012902D1F6
:109600004FF4FA5100E00821B0FBF1F010BD80B535
:109610000021384AC0B2C001104410F5C070FCF7F8
:10962000BBFD01BD70B594B004000D0050210022B7
:109630006E463000F9F7DEF82F482100C9B24554D4
:10964000002201212000C0B210F5BA7000B2FFF76D
:1096500059FF2000C0B210F5BA7000B2FFF74EFFFC
:10966000092300220121C0B2FFF709FF2000C0B288
:1096700010F5BA7000B2FFF741FF00220121C0B21D
:10968000FFF774FF5FF0FF30009000208DF80400BA
:1096900000208DF8050000208DF8060000208DF8D0
:1096A000080003208DF844000120129001208DF85D
:1096B0000700104D69462000C0B2C001284410F5D3
:1096C000C070FCF79FFC2000C0B2C001284410F518
:1096D000C070FCF75CFD0021E4B2E40105EB04007E
:1096E00010F5C070FCF758FD14B070BD18B008102C
:1096F0000000044000005940E41F0328000000005F
:1097000000000000002F0000000007000700001408
:109710007F147F1400242A7F2A1200626408132316
:1097200000364955225000000503000000001C22AD
:109730004100000041221C000014083E08140008EB
:10974000083E0808000000A060000008080808089B
:10975000000060600000402010080402003E5149F3
:10976000453E0000427F40000042615149460021D1
:1097700041454B31001814127F10002745454539EB
:10978000003C4A4949300001710905030036494946
:10979000493600064949291E0000363600000000FF
:1097A000563600000008142241000014141414144A
:1097B00000004122140800020151090600324959F3
:1097C000513E007C1211127C007F49494936003E0F
:1097D00041414122007F4141221C007F49494941CA
:1097E000007F09090901003E4149497A007F0808C4
:1097F000087F0000417F4100002040413F01007F81
:1098000008142241007F40404040007F020C027F4C
:10981000007F0408107F003E4141413E007F09095E
:109820000906003E4151215E007F09192946004684
:10983000494949310001017F0101003F4040403F5B
:10984000001F2040201F003F4038403F00631408A5
:109850001463000708700807006151494543000080
:109860007F414100020408102040000041417F0078
:109870000004020102040040404040400000010298
:109880000400002054545478007F48444438003881
:109890004444442000384444487F00385454541809
:1098A00000087E0901020018A4A4A47C007F08041B
:1098B00004780000447D4000004080847D00007FEB
:1098C000102844000000417F4000007C0418047808
:1098D000007C0804047800384444443800FC242404
:1098E00024180018242418FC007C080404080048EC
:1098F0005454542000043F444020003C4040207C0D
:10990000001C2040201C003C4030403C00442810FB
:109910002844001CA0A0A07C004464544C441414AF
:109920001414141438B500F077F900F042F800F080
:10993000C9F871490868800312D4BFF34F8FBFF391
:109940006F8F00206D4A1060BFF34F8FBFF36F8F92
:10995000086850F400300860BFF34F8FBFF36F8F7B
:109960000868C00324D40020654A1060BFF34F8FFD
:1099700064480268C2F34E33C2F3C90443F6E07090
:1099800010EA431050EA84705F4D28602000441EA6
:109990000028F3D11800431E0028EDD1BFF34F8FEC
:1099A000086850F480300860BFF34F8FBFF36F8FAB
:1099B00031BD70B586B0684654491822F7F77EFB72
:1099C00000200AE069460200D2B201EBC2014968F8
:1099D000491C11F0070F0DD1401C0100C9B2032929
:1099E00009D269460200D2B211F8321011F0070F05
:1099F000E8D0FEE7FEE7464C207810F0070F00D0D5
:109A0000FEE7444D2868401C10F0070F00D0FEE729
:109A1000002622E068463100C9B200EBC10041686F
:109A20003000C0B252F8300000F043F814E00020DB
:109A30000028EFD02168491E3000C0B252F8300033
:109A400000F037F868463100C9B200EBC100416848
:109A50002868401C00F02DF8761C3000C0B20328A6
:109A600025D26A463000C0B252F83000002813D028
:109A700020683100C9B252F8311088420AD36846D2
:109A80003100C9B200EBC10040682168884201D3AF
:109A90000120CDE70020CBE768463100C9B200EBDA
:109AA000C100406821688842C1D30120C0E706B0E8
:109AB00070BD0022002302E0C0E900230830884284
:109AC000FAD3704730B4144880081449144A00236C
:109AD00008E01C00E4B252F824401D00EDB241F849
:109AE00025405B1C1C000500E4B2EDB2AC42F0D393
:109AF0000C48016030BC704714ED00E050EF00E00E
:109B000084ED00E080ED00E060EF00E054AF08106D
:109B100078A608107CA6081080000000802003288A
:109B20000000081008ED00E010B500204249086070
:109B3000BFF34F8F41480168C1F34E32C1F3C903EF
:109B400043F6E07010EA421050EA83703C4C20600B
:109B50001800431E0028F3D11000421E0028EDD14A
:109B6000BFF34F8FBFF36F8FBFF34F8FBFF36F8F75
:109B7000002034490860BFF34F8FBFF36F8F00F0B0
:109B800001F810BD38B586B068462F491822F7F79E
:109B900095FA6846FDF70AFBC0B200280DD02B4CA1
:109BA00018222B492000FDF7CDFD0020E0754E2046
:109BB000284908600020FDF7FDFD274D2800FDF72E
:109BC00097FDC0B200280DD0204C1822204920005B
:109BD000FDF7B8FD0020E07550201E490860002008
:109BE000FDF7E8FD1D49286808600A681C488218CE
:109BF0001C48B2FBF0F01C4A10601C48096801F2D6
:109C0000E7314FF47A72B1FBF2F101600068C003F2
:109C10001749086007B030BD80B500F02DF8154930
:109C20000A6852F470020A60BFF34F8FBFF36F8F60
:109C300000F026F801BD000084ED00E080ED00E0BA
:109C400074EF00E050EF00E06CAF0810481E0328EE
:109C500010A80810681F0328BC1F0328C01F032872
:109C60003F420F0040420F00C81F0328C41F0328B3
:109C7000CC1F032888ED00E0EFF3108072B6704728
:109C800080F3108870470000010009B2002908D451
:109C9000012210F01F018A404F4900B2400941F8EB
:109CA00020207047FEE780B54C4800684C480168AA
:109CB0000800C00F002805D04A488905890D50F8D2
:109CC000210080470020FFF7DFFF01BD80B5464837
:109CD0000068464801680800C00F002805D04148C8
:109CE0008905890D50F8210080470120FFF7CCFF3E
:109CF00001BD80B53E4800683E4801680800C00FBD
:109D0000002805D037488905890D50F82100804783
:109D10000220FFF7B9FF01BD80B53748006837481A
:109D200001680800C00F002805D02E488905890D5C
:109D300050F8210080470320FFF7A6FF01BD80B542
:109D40002F4800682F4801680800C00F002805D080
:109D500024488905890D50F8210080470420FFF729
:109D600093FF01BD80B528480068284801680800B5
:109D7000C00F002805D01B488905890D50F8210027
:109D800080470520FFF780FF01BD80B520480068AF
:109D9000204801680800C00F002805D01148890537
:109DA000890D50F8210080470620FFF76DFF01BDA7
:109DB00080B519480068194801680800C00F0028DC
:109DC00005D008488905890D50F8210080470720F3
:109DD000FFF75AFF01BD000080E200E020B008104C
:109DE0000001204044B8022824B00810040120409B
:109DF00028B00810080120402CB008100C012040A9
:109E000030B008101001204034B008101401204078
:109E100038B00810180120403CB008101C01204048
:109E20001CB569460420F9F786F9002850D09DF842
:109E30000000A52805D14D48C179A52901D00021F0
:109E400081734A4B9DF80000997B1944C871987B37
:109E5000401C9873987B07283ADBD879A5282FD126
:109E60000020D873002106E0DA7B03EB0100C07903
:109E70008218DA73491C0629F6DBD87B597B8842A5
:109E800015D1187A022809D1587A997A51EA002115
:109E90001982D87A197B51EA0021598200209873DF
:109EA00007210022DC1D2000F8F7A4FC10E00020B0
:109EB000987307210022DC1D2000F8F79BFC07E0C7
:109EC0000020987307210022DC1D2000F8F792FC87
:109ED00013BD80B5254BA5221A7001225A700200CD
:109EE00012B212129A70D870080000B200121871E3
:109EF000597100209871002104E09A79585C821809
:109F00009A71491C0629F8DB072219000420F9F789
:109F1000F5F801BD80B51549A520087002204870EC
:109F2000002088700020C87000200871002048714F
:109F3000A720887107220420F9F7E0F801BD38B5A1
:109F400007210022094C25002800F8F753FC0721BF
:109F50000022E51D2800F8F74DFC0020A07300202A
:109F6000E073002060820020208231BDA81E0328FB
:109F700080B5402340225FF4E1210420F9F7E7FA9D
:109F800001210420F9F77DF9FFF7D9FF0021002016
:109F9000FFF79FFFFFF7BEFF01BD000010B50220D5
:109FA000FFF71EFB04000220FFF731FB200010BD6D
:109FB00010B400224B788C7853EA04235B055B0DC8
:109FC0001400E4B220F81430521C8B78DBB2DB08AA
:109FD000DBB2CC7853EA44135B055B0D1400E4B2AA
:109FE00020F81430521CCB78DBB29B09DBB20C7921
:109FF00053EA84034C7953EA84235B055B0D140018
:10A00000E4B220F81430521C4B79DBB25B08DBB2AF
:10A010008C7953EAC4135B055B0D1400E4B220F89D
:10A020001430521C8B79DBB21B09DBB2CC7953EABA
:10A0300004135B055B0D1400E4B220F81430521CCD
:10A04000CB79DBB2DB09DBB20C7A53EA44034C7AFE
:10A0500053EA44235B055B0D1400E4B220F814308E
:10A06000521CC97DC9B2890811F0010191F00101AA
:10A07000017301201F49487310BC704738B5FFF7C2
:10A080008DFF40F6B931884202D300201A4908708A
:10A090001A4C194D287804EB00010120F9F74BF810
:10A0A00000280FD02878401C28702878192809D15A
:10A0B00020780F2806D1207E002803D121000D48EA
:10A0C000FFF776FF31BD80B5102310220C49012027
:10A0D000F9F756F900210220FFF7A4FA09490520F3
:10A0E00000F013F801210120F9F7CBF80220FFF767
:10A0F00063FA01BDE01E032820200328141E032854
:10A10000A08601007DA0081070470C4A10701078DE
:10A11000052809D10800002803D109480949086029
:10A120000BE00848016008E00800002803D104485B
:10A130000549086001E00448016070471F200328BA
:10A1400009A1081050BF02284CBF022880B500208A
:10A15000FFF769F83D490868401C086005200A6857
:10A16000096891FBF0F100FB1120002801D1FCF7F8
:10A170006DFB01BD80B50120FFF755F800F08EF8AA
:10A18000002000F0D8F8012808D1314908680028DB
:10A1900002D10120086001E00020086001BD80B507
:10A1A0000220FFF740F801BD80B50320FFF73BF820
:10A1B00001BD80B50420FFF736F801BD80B505204C
:10A1C000FFF731F801BD80B50620FFF72CF801BD7F
:10A1D00080B50720FFF727F801BD80B50820FFF7FD
:10A1E00022F801BD80B50920FFF71DF801BD80B53B
:10A1F0000A20FFF718F801BD80B50B20FFF713F810
:10A2000001BD80B50C20FFF70EF801BD80B50D2013
:10A21000FFF709F801BD80B50E20FFF704F800F044
:10A22000BFF801BD80B50020F8F710FE002801D06E
:10A23000F8F735FA01BD80B50120F8F707FE0028D0
:10A2400002D004480068804701BD0000641F032855
:10A25000601F032850BF022880B50220F8F7F6FDE2
:10A26000002801D000F0DAF801BD80B50320F8F72E
:10A27000EDFD01BD80B50420F8F7E8FD002801D010
:10A28000FFF7CEFD01BD80B50520F8F7DFFD01BD6C
:10A2900080B50620F8F7DAFD01BD000010B50020FA
:10A2A00000241FE000212200D2B2815413E037487D
:10A2B0002100C9B2415C0229F4D035492200D2B252
:10A2C00051F822100A3940F2DE329142EAD20121DD
:10A2D0002200D2B2815400202D492200D2B241F88E
:10A2E0002200641C2000C0B2042823DA294821007F
:10A2F000C9B2405CFBF725FC0128D8D024482100D6
:10A30000C9B250F82110491C2200D2B240F82210E4
:10A310004FF47A71204A1268B1FBF2F12200D2B2F6
:10A3200050F822008842DCD3022018492200D2B221
:10A330008854D6E710BD1549C0B2085C704770B5A7
:10A340000400002C01D0012000E000208C221349E1
:10A35000C0B2F8F7BDF9002000250EE0012301226C
:10A3600000210C482E00F6B2805DFBF722FC002095
:10A3700006492A00D2B288546D1C2800C0B20428B5
:10A38000ECDB0548046070BD00000000DC1F032802
:10A39000D01E0328BCB00810D81F032878AB0810C3
:10A3A000F8B51948007800282DD00020174C082057
:10A3B0002060174D042028600820286004202060B9
:10A3C0000820206004202860002615E0082028606E
:10A3D000104F072000F0ACF83100C9B227F8110087
:10A3E000042000F0A5F83100C9B207EB4101A1F843
:10A3F000000108202060761C3000C0B28028E5DB18
:10A40000012005490870F1BD1D20032808033140D3
:10A4100004033140141803281E2003281FB5002010
:10A42000019040480078002868D004E00122694685
:10A430003D48F9F716FA69460220F8F77CFE002835
:10A44000F4D19DF800000A2858D106200190364C1E
:10A45000012301AA02A92000F9F7D3FA032228A1B7
:10A460000DF10B0000F09EF8002810D1274801786C
:10A4700002293DD0012101702000F9F7E1F9019096
:10A48000002301AA22492000F9F7BBFA30E0032299
:10A490001CA10DF10B0000F085F8002810D11D481B
:10A4A0000178022924D0012101702000F9F7C8F9B0
:10A4B0000190002301AA18492000F9F7A2FA17E039
:10A4C000032211A10DF10B0000F06CF800280FD150
:10A4D0001248017802290BD0012101702000F9F700
:10A4E000AFF90190002301AA0D492000F9F789FA7C
:10A4F0002000F9F76BF901200C4908701FBD00001E
:10A50000524D430047474100544853001720032849
:10A510001C1C0328162003289C1B03281820032832
:10A520009C1C032815200328901E032814200328B0
:10A5300030B40100C9B249090200D2B2202392FB13
:10A54000F3F403FB1422154BC0B21B5C5B00D3F188
:10A550000403134C0800C0B254F820001500EDB2FB
:10A56000AD01284400F63C00056855F00105056082
:10A570000800C0B254F82000D0F80002C00F002834
:10A58000F6D1C9B254F82100D2B292011044D0F8E9
:10A59000240880B2184180B230BC70478C1D03285B
:10A5A00054BF02288AB10B7890F800C09C4506D1B0
:10A5B00010F8013B4BB1491C521EF4D105E002D208
:10A5C0004FF0FF30704701207047002070470000B7
:10A5D00072B61D4908684FEA102000F00F000E28DF
:10A5E00008BF1A490D2808BF1949072808BF19498B
:10A5F000082808BF1849086820F00B0008600868A0
:10A60000BFF34F8F154816490860BFF34F8F1549A8
:10A61000086840F0070008601349086840F0070028
:10A620000860BFF34F8FBFF36F8F00200021124AE5
:10A63000E2E802016A45FBD10C4FB8470C4FB8471E
:10A640000C4FB847FEE70000000020400C002040FF
:10A650000C0420400C0820400C0C20400000081086
:10A6600008ED00E090EF00E094EF00E0259908107D
:10A67000D9AD081039AF081000FF0728FFFF0728E1
:10A6800070B526480D2101704FF49671418001226A
:10A69000828041F23012C280012303724281204C39
:10A6A0001122227061805FF0FF32A28041F25C23B0
:10A6B000E3800125257263811A4D0F262E70698073
:10A6C000AA8041F29412EA8001262E726A81164E07
:10A6D0000E22327071800121B180F380012131722C
:10A6E0007381B0F90A20B0F902100078F7F75DFD28
:10A6F000B4F90A20B4F902102078F7F756FDB5F93D
:10A700000A20B5F902102878F7F74FFDB6F90A20AC
:10A71000B6F902103078F7F748FD70BD181F03280E
:10A72000241F0328301F03283C1F03281FB521487E
:10A7300000F04CF8F8F72BF8FFF7A2FF00201E49B5
:10A740000860FCF7A1FA0020FAF7ECFF1B4800F0C4
:10A750004BF8FBF749FD1A4800F046F84FF47A71C0
:10A760000020FEF775FD42F210710120FEF770FD2A
:10A770000A20FFF7E4FDFEF7F0FBFFF7F9FBFFF718
:10A78000A2FC6420FBF70EFB0E4C20780128F8D1C8
:10A790000020039078200290BC2001907820009047
:10A7A000BC23094A00210020FAF7FAFE002020709D
:10A7B000E7E700BF80B2E60E601F032880AD0810F7
:10A7C000B4AF08101B200328F4BF022880B5054948
:10A7D0000860FFF7A9F9FBF714FB0020F9F72EFA40
:10A7E00001BD0000D01F03280EB4C0B5024603A867
:10A7F00000210190009101AB0121044878440C3004
:10A80000F5F741FC06BC5DF810FB00BF91070000A6
:10A81000453A5C4E65775F706174685C4941525C93
:10A82000435954344242375F4C6962726172792DE8
:10A830006D61737465722832295C5365656B66724D
:10A8400065655F4359543442425F4F70656E736F64
:10A85000757263655F4C6962726172795C6C696282
:10A860007261726965735C73646B5C74766969624A
:10A8700068346D5C7372635C73797374656D5C735B
:10A88000797374656D5F747669696268346D5F634E
:10A890006D372E6300000000453A5C4E65775F70AF
:10A8A0006174685C4941525C435954344242375F99
:10A8B0004C6962726172792D6D61737465722832B0
:10A8C000295C5365656B667265655F435954344214
:10A8D000425F4F70656E736F757263655F4C69623E
:10A8E000726172795C6C69627261726965735C73C2
:10A8F000646B5C747669696268346D5C7372635C06
:10A90000647269766572735C737973636C6B5C6394
:10A91000795F737973636C6B2E680000453A5C4E07
:10A9200065775F706174685C4941525C4359543487
:10A930004242375F4C6962726172792D6D61737446
:10A9400065722832295C5365656B667265655F4385
:10A9500059543442425F4F70656E736F7572636510
:10A960005F4C6962726172795C6C69627261726972
:10A9700065735C73646B5C747669696268346D5C82
:10A980007372635C647269766572735C7379736306
:10A990006C6B5C63795F737973636C6B2E6300001F
:10A9A000453A5C4E65775F706174685C4941525C02
:10A9B000435954344242375F4C6962726172792D57
:10A9C0006D61737465722832295C5365656B6672BC
:10A9D00065655F4359543442425F4F70656E736FD3
:10A9E000757263655F4C6962726172795C6C6962F1
:10A9F0007261726965735C7A665F646576696365C6
:10AA00005C7A665F6465766963655F696D75363625
:10AA10003072622E63000000453A5C4E65775F70CD
:10AA20006174685C4941525C435954344242375F17
:10AA30004C6962726172792D6D617374657228322E
:10AA4000295C5365656B667265655F435954344292
:10AA5000425F4F70656E736F757263655F4C6962BC
:10AA6000726172795C6C69627261726965735C7A39
:10AA7000665F6472697665725C7A665F6472697635
:10AA800065725F736F66745F6969632E63000000AF
:10AA9000453A5C4E65775F706174685C4941525C11
:10AAA000435954344242375F4C6962726172792D66
:10AAB0006D61737465722832295C5365656B6672CB
:10AAC00065655F4359543442425F4F70656E736FE2
:10AAD000757263655F4C6962726172795C6C696200
:10AAE0007261726965735C7A665F636F6D6D6F6EBC
:10AAF0005C7A665F636F6D6D6F6E5F6669666F2E01
:10AB000063000000453A5C4E65775F706174685C75
:10AB10004941525C435954344242375F4C69627236
:10AB20006172792D6D61737465722832295C536589
:10AB3000656B667265655F4359543442425F4F707E
:10AB4000656E736F757263655F4C6962726172796D
:10AB50005C6C69627261726965735C7A665F646578
:10AB6000766963655C7A665F6465766963655F696B
:10AB700070733230302E6300453A5C4E65775F70FB
:10AB80006174685C4941525C435954344242375FB6
:10AB90004C6962726172792D6D61737465722832CD
:10ABA000295C5365656B667265655F435954344231
:10ABB000425F4F70656E736F757263655F4C69625B
:10ABC000726172795C6C69627261726965735C7AD8
:10ABD000665F6465766963655C7A665F64657669FD
:10ABE00063655F6B65792E6300000000453A5C4E3B
:10ABF00065775F706174685C4941525C43595434B5
:10AC00004242375F4C6962726172792D6D61737473
:10AC100065722832295C5365656B667265655F43B2
:10AC200059543442425F4F70656E736F757263653D
:10AC30005F4C6962726172795C6C6962726172699F
:10AC400065735C7A665F6472697665725C7A665F6A
:10AC50006472697665725F70776D2E630000000024
:10AC6000453A5C4E65775F706174685C4941525C3F
:10AC7000435954344242375F4C6962726172792D94
:10AC80006D61737465722832295C5365656B6672F9
:10AC900065655F4359543442425F4F70656E736F10
:10ACA000757263655F4C6962726172795C6C69622E
:10ACB0007261726965735C7A665F647269766572E7
:10ACC0005C7A665F6472697665725F7370692E6321
:10ACD00000000000453A5C4E65775F706174685C07
:10ACE0004941525C435954344242375F4C69627265
:10ACF0006172792D6D61737465722832295C5365B8
:10AD0000656B667265655F4359543442425F4F70AC
:10AD1000656E736F757263655F4C6962726172799B
:10AD20005C6C69627261726965735C7A665F647299
:10AD3000697665725C7A665F6472697665725F7562
:10AD40006172742E6300000030B4002512E050F8E8
:10AD5000042BD30744BF4A44521E091F042942F85A
:10AD6000045BFAD213468C0744BF15809B1CC907AD
:10AD700048BF1D7050F8041B0029E8D130BC704753
:10AD8000506C6561736520646F6E277420746F75F5
:10AD900063682074686520636172212043616C6977
:10ADA00062726174696E672E2E2E0D0A000000001B
:10ADB00000000000010000000200900103003200CA
:10ADC000040000000500000006000000070000006D
:10ADD000080020000900000010B507497944183127
:10ADE000064C7C44163404E00A68081D1144884768
:10ADF0000146A142F8D110BD2C000000480000001F
:10AE00004EF68851CEF20001086840F470000860E8
:10AE1000BFF34F8FBFF36F8F4FF00170E1EE100A59
:10AE20007047000025FFFFFF30600000F4BF0228DC
:10AE300000000000FB60FFFFC40200008201000070
:10AE400044B8022804207146084202D0EFF309807A
:10AE500001E0EFF3088000B50149884700BD00001C
:10AE6000B977081080B58DF80000012269460120ED
:10AE7000F7F725FC012802D19DF8000002BD4FF034
:10AE8000FF3002BD000000000000000000000000D4
:10AE9000801C800803D0401C801EFCD100BF70477E
:10AEA000EFF3108072B6704780F31088704700008F
:10AEB00000F00EF8002801D0FFF78EFFAFF30080FE
:10AEC0000020AFF30080FFF731FC00F003F8000032
:10AED0000020704700F000B807463846F6F776FBCA
:10AEE000FBE700000D0A66696C65202573206C691C
:10AEF0006E652025643A2025732E0D0A000000009F
:10AF0000696D7536363072622073656C66206368D1
:10AF100065636B206572726F722E000004207146AB
:10AF2000084201D0EFF30980EFF3088000B5014932
:10AF3000884700BD0DB008100548014603B46846B7
:10AF400080F30988AFF30080FFF75AFFFFF7B0FFE7
:10AF5000A5EDF5FE00000228FFFF072800000020F5
:10AF6000FF3F002000000000FF3F000000127A00B9
:10AF7000000000000024F4000080000000800000B9
:10AF8000008000000D0A66696C65202573206C69DD
:10AF90006E652025642E0D0A0000000038B50446B9
:10AFA0000D462846FFF75EFFA84218BF0024204642
:10AFB00032BD000043616C6962726174696F6E201A
:10AFC000446F6E65210D0A0066696C653A206D64F8
:10AFD0006B2F257300000000417373657274206548
:10AFE00072726F720000000066696C653A2025730A
:10AFF000000000006C696E653A20256400000000C6
:10B000004C6F67206D65737361676500816911F826
:10B01000021CC9B20160704703010000101100104A
:10B020000000000000000000000000000000000020
:10B030000000000000000000000000000000000010
:10B040000000000000000000000000000000000000
:10B0500000000000000000000000000000000000F0
:10B0600000000000000000000000000000000000E0
:10B0700000000000000000000000000000000000D0
:10B0800000000000000000000000000000000000C0
:10B0900000000000000000000000000000000000B0
:10B0A00000000000000000000000000000000000A0
:10B0B000E12E6542D80FC93FCDCC4C3EA3A2A1A042
:10B0C000FFF7FEBFFFF7BEBEFFF7BCBEFFF7BABE7D
:10B0D000FFF7FEBFFFF7FEBFFFF7FEBFFFF7FEBFA4
:10B0E000FFF7FEBFFFF7FEBFFFF7FEBFFFF7FEBF94
:10B0F000FFF7FEBFFFF7FEBFFFF7FEBFF002FFA5A1
:10B100009C081004F1FF04F1FF04F1FF04F1FF04B7
:10B11000F1FF04F17704201644B802280000803FB4
:10B12000010000009A99993F6F12833ACDCC4C3EB2
:10B1300010200209A1081004100400009040001023
:10B140000410022090404D10127504129F0412A9A1
:10B150000412B30412BD0412C70412D10412DB049A
:10B1600012E50412EF0412F904100303A208100DF3
:10B1700004121704100500006740000068041269FB
:10B1800004100166402514123704125904126B048E
:10B1900012750412870432912C1260241265041275
:10B1A00064041263044362404000106640F00040B3
:10B1B0000100F8FFFF77010101B4586306000000A9
:10B1C000000000000000000000000000000000007F
:10B1D000000000000000000000000000000000006F
:10B1E000000000000000000000000000000000005F
:10B1F000000000000000000000000000000000004F
:10B20000000000000000000000000000000000003E
:10B21000000000000000000000000000000000002E
:10B22000000000000000000000000000000000001E
:10B23000000000000000000000000000000000000E
:10B2400000000000000000000000000000000000FE
:10B2500000000000000000000000000000000000EE
:10B2600000000000000000000000000000000000DE
:07B2700000000000000000D7
:040000051008AF39F7
:00000001FF
